user_id,rfm_segment,offer_type,offer_date,discount_pct,converted,order_value
1515915625353286099,Lost,control,2021-03-05,0,False,
1515915625353457259,Lost,email_discount,2021-03-06,10,False,
1515915625353534622,Lost,control,2021-03-23,0,False,
1515915625353561691,Lost,control,2021-03-03,0,False,
1515915625353900095,Lost,email_discount,2021-03-05,10,False,
1515915625354176736,Lost,email_discount,2021-03-01,10,False,
1515915625354561351,Can't Lose Them,control,2021-03-11,0,False,
1515915625354822642,Lost,push_cashback,2021-03-26,5,False,
1515915625354857951,Lost,control,2021-03-21,0,False,
1515915625355179497,Can't Lose Them,control,2021-03-20,0,False,
1515915625355421833,Lost,control,2021-03-01,0,False,
1515915625355635314,Lost,control,2021-03-07,0,False,
1515915625355805313,Can't Lose Them,email_discount,2021-03-15,10,False,
1515915625355947830,Lost,control,2021-03-17,0,False,
1515915625356051774,Lost,push_cashback,2021-03-29,5,False,
1515915625356175149,Lost,email_discount,2021-03-08,10,False,
1515915625356207586,Lost,push_cashback,2021-03-30,5,False,
1515915625356582255,Lost,push_cashback,2021-03-26,5,False,
1515915625356679194,Lost,push_cashback,2021-03-28,5,False,
1515915625357004601,Lost,push_cashback,2021-03-02,5,False,
1515915625357132768,Lost,email_discount,2021-03-26,10,False,
1515915625357619595,Lost,email_discount,2021-03-13,10,False,
1515915625357781243,Lost,push_cashback,2021-03-12,5,True,144.28778938679534
1515915625358197368,Lost,push_cashback,2021-03-05,5,False,
1515915625358482476,Lost,email_discount,2021-03-13,10,False,
1515915625358835858,Lost,email_discount,2021-03-06,10,False,
1515915625358848040,Lost,email_discount,2021-03-25,10,True,207.99065205889622
1515915625359453928,Lost,control,2021-03-15,0,False,
1515915625359833886,Lost,control,2021-03-30,0,False,
1515915625360911267,Lost,control,2021-03-23,0,False,
1515915625361197730,Lost,push_cashback,2021-03-22,5,False,
1515915625361283252,Lost,control,2021-03-21,0,False,
1515915625362073398,Lost,push_cashback,2021-03-22,5,False,
1515915625362094991,Lost,push_cashback,2021-03-30,5,True,139.9266271643409
1515915625363018099,Lost,control,2021-03-11,0,False,
1515915625363419728,Can't Lose Them,push_cashback,2021-03-04,5,True,119.80140429333382
1515915625363633555,Lost,control,2021-03-01,0,False,
1515915625363789844,Lost,control,2021-03-15,0,False,
1515915625364062846,Can't Lose Them,email_discount,2021-03-12,10,False,
1515915625364257701,Lost,control,2021-03-09,0,False,
1515915625364909178,Lost,email_discount,2021-03-11,10,False,
1515915625365836405,Lost,control,2021-03-05,0,False,
1515915625365972094,Lost,control,2021-03-24,0,False,
1515915625366127971,Lost,email_discount,2021-03-07,10,True,196.00015813238537
1515915625366186412,Lost,email_discount,2021-03-08,10,True,180.61785473389395
1515915625367150883,Lost,control,2021-03-01,0,False,
1515915625367438020,Lost,push_cashback,2021-03-25,5,False,
1515915625368097063,Lost,email_discount,2021-03-01,10,False,
1515915625368479327,Can't Lose Them,push_cashback,2021-03-03,5,True,192.40497353661223
1515915625368532072,At Risk,push_cashback,2021-03-08,5,False,
1515915625369332561,Lost,push_cashback,2021-03-28,5,False,
1515915625369530324,Lost,email_discount,2021-03-11,10,False,
1515915625370042064,At Risk,push_cashback,2021-03-01,5,False,
1515915625371158307,Lost,email_discount,2021-03-14,10,True,224.785594446413
1515915625371361093,Lost,push_cashback,2021-03-01,5,True,150.6813244498641
1515915625372644538,Lost,control,2021-03-06,0,False,
1515915625372908425,Lost,control,2021-03-21,0,False,
1515915625373009890,Lost,email_discount,2021-03-27,10,True,200.70202223080014
1515915625373342675,Lost,control,2021-03-06,0,False,
1515915625373568793,Lost,control,2021-03-03,0,False,
1515915625374448787,Lost,push_cashback,2021-03-10,5,False,
1515915625376375077,Can't Lose Them,email_discount,2021-03-12,10,False,
1515915625376498441,Lost,push_cashback,2021-03-10,5,False,
1515915625378826284,Lost,push_cashback,2021-03-22,5,False,
1515915625379210214,Can't Lose Them,push_cashback,2021-03-02,5,True,149.44760858162508
1515915625381017320,Lost,push_cashback,2021-03-24,5,False,
1515915625382617834,Lost,push_cashback,2021-03-28,5,False,
1515915625382902566,At Risk,push_cashback,2021-03-22,5,False,
1515915625384587594,Lost,push_cashback,2021-03-13,5,False,
1515915625384605151,Lost,email_discount,2021-03-16,10,False,
1515915625384849425,Lost,control,2021-03-13,0,False,
1515915625385482819,Can't Lose Them,push_cashback,2021-03-04,5,False,
1515915625385888878,Can't Lose Them,push_cashback,2021-03-04,5,False,
1515915625386167902,Lost,push_cashback,2021-03-30,5,True,190.34587856285552
1515915625386662653,Lost,push_cashback,2021-03-11,5,False,
1515915625387433440,Lost,push_cashback,2021-03-23,5,False,
1515915625387880220,Can't Lose Them,push_cashback,2021-03-14,5,False,
1515915625388245854,Lost,control,2021-03-03,0,False,
1515915625389245441,Lost,control,2021-03-27,0,False,
1515915625390107328,Can't Lose Them,push_cashback,2021-03-19,5,True,174.33661844429233
1515915625390920508,Lost,control,2021-03-22,0,False,
1515915625390924808,Lost,email_discount,2021-03-25,10,False,
1515915625392222852,Lost,push_cashback,2021-03-01,5,False,
1515915625393261992,Lost,email_discount,2021-03-05,10,True,156.92735671867516
1515915625394528052,Lost,email_discount,2021-03-17,10,False,
1515915625394646788,Lost,push_cashback,2021-03-01,5,False,
1515915625394835285,Lost,control,2021-03-19,0,False,
1515915625395096356,Lost,email_discount,2021-03-19,10,False,
1515915625395198150,Lost,push_cashback,2021-03-04,5,True,136.69688435925946
1515915625397409054,Lost,email_discount,2021-03-19,10,False,
1515915625397701103,Lost,email_discount,2021-03-06,10,False,
1515915625397702169,Lost,email_discount,2021-03-28,10,False,
1515915625398592313,Lost,email_discount,2021-03-15,10,False,
1515915625400324256,Lost,control,2021-03-04,0,False,
1515915625401378765,Lost,email_discount,2021-03-24,10,False,
1515915625401433187,At Risk,email_discount,2021-03-01,10,False,
1515915625401563973,Can't Lose Them,email_discount,2021-03-24,10,False,
1515915625403460003,Lost,control,2021-03-27,0,False,
1515915625404197931,Lost,email_discount,2021-03-17,10,False,
1515915625405842034,Lost,email_discount,2021-03-11,10,False,
1515915625407563599,Lost,control,2021-03-17,0,False,
1515915625408356834,Lost,control,2021-03-23,0,False,
1515915625408839802,At Risk,control,2021-03-01,0,False,
1515915625409829783,Can't Lose Them,email_discount,2021-03-09,10,False,
1515915625409885754,Lost,control,2021-03-14,0,False,
1515915625410010194,Lost,control,2021-03-15,0,False,
1515915625410728920,Lost,email_discount,2021-03-24,10,False,
1515915625411434590,Lost,control,2021-03-29,0,False,
1515915625413257995,Lost,email_discount,2021-03-01,10,False,
1515915625415474736,Can't Lose Them,push_cashback,2021-03-02,5,False,
1515915625416060874,Lost,control,2021-03-18,0,False,
1515915625416649074,Can't Lose Them,push_cashback,2021-03-18,5,False,
1515915625419970935,Lost,email_discount,2021-03-06,10,True,197.09005662967257
1515915625420104051,Lost,control,2021-03-20,0,False,
1515915625420145821,Lost,email_discount,2021-03-08,10,False,
1515915625420716242,Lost,push_cashback,2021-03-01,5,False,
1515915625420909332,Lost,email_discount,2021-03-15,10,False,
1515915625421333363,Lost,control,2021-03-10,0,False,
1515915625422203509,Lost,control,2021-03-30,0,False,
1515915625423620207,Lost,push_cashback,2021-03-04,5,False,
1515915625423895828,Lost,email_discount,2021-03-10,10,False,
1515915625425059411,Lost,control,2021-03-11,0,False,
1515915625427437146,Lost,push_cashback,2021-03-05,5,False,
1515915625430934156,At Risk,control,2021-03-09,0,False,
1515915625431723268,Lost,control,2021-03-05,0,False,
1515915625432436912,Lost,email_discount,2021-03-29,10,False,
1515915625432636868,Lost,control,2021-03-11,0,False,
1515915625432648860,Can't Lose Them,email_discount,2021-03-03,10,False,
1515915625433260957,Lost,control,2021-03-27,0,False,
1515915625433262170,Lost,push_cashback,2021-03-04,5,False,
1515915625433494974,Lost,control,2021-03-10,0,False,
1515915625433847045,Lost,email_discount,2021-03-07,10,False,
1515915625434896421,Lost,email_discount,2021-03-01,10,True,237.29859736936623
1515915625436259682,Lost,push_cashback,2021-03-27,5,False,
1515915625438177075,Lost,control,2021-03-06,0,False,
1515915625438232064,Lost,control,2021-03-08,0,False,
1515915625439475378,Lost,push_cashback,2021-03-17,5,False,
1515915625440681960,Lost,control,2021-03-24,0,False,
1515915625442200990,Lost,control,2021-03-07,0,False,
1515915625442519230,Lost,email_discount,2021-03-01,10,False,
1515915625444523168,Lost,control,2021-03-09,0,False,
1515915625445030226,Lost,control,2021-03-11,0,False,
1515915625445971424,Lost,push_cashback,2021-03-19,5,False,
1515915625446257195,Lost,push_cashback,2021-03-02,5,True,201.05184844824103
1515915625447095000,At Risk,email_discount,2021-03-23,10,False,
1515915625447652053,Lost,control,2021-03-11,0,False,
1515915625449531064,Lost,control,2021-03-03,0,True,135.393605032844
1515915625450328730,Can't Lose Them,control,2021-03-17,0,False,
1515915625450420744,Lost,email_discount,2021-03-10,10,False,
1515915625450683751,Lost,email_discount,2021-03-29,10,False,
1515915625450826262,Lost,push_cashback,2021-03-03,5,False,
1515915625451779549,Can't Lose Them,email_discount,2021-03-22,10,False,
1515915625452396195,Lost,control,2021-03-03,0,False,
1515915625453733905,Lost,control,2021-03-21,0,False,
1515915625453911815,Lost,email_discount,2021-03-25,10,True,147.29705167898499
1515915625454237078,Lost,control,2021-03-07,0,False,
1515915625454349734,Lost,control,2021-03-02,0,False,
1515915625454960223,Lost,email_discount,2021-03-01,10,False,
1515915625455846276,Lost,email_discount,2021-03-07,10,False,
1515915625457059599,Lost,control,2021-03-20,0,False,
1515915625458303287,Lost,control,2021-03-11,0,False,
1515915625458583458,Lost,control,2021-03-23,0,False,
1515915625459404369,Lost,push_cashback,2021-03-06,5,False,
1515915625460540267,Lost,push_cashback,2021-03-23,5,False,
1515915625461208186,Lost,push_cashback,2021-03-04,5,False,
1515915625461593155,Lost,email_discount,2021-03-19,10,False,
1515915625462038992,Lost,push_cashback,2021-03-28,5,False,
1515915625462138414,Lost,email_discount,2021-03-21,10,False,
1515915625462335572,Lost,email_discount,2021-03-19,10,False,
1515915625464284084,Can't Lose Them,push_cashback,2021-03-14,5,True,137.38089153734313
1515915625465639142,Can't Lose Them,push_cashback,2021-03-03,5,False,
1515915625465740126,Can't Lose Them,push_cashback,2021-03-04,5,False,
1515915625466016884,Lost,control,2021-03-08,0,False,
1515915625466195424,Can't Lose Them,push_cashback,2021-03-18,5,False,
1515915625466235566,Can't Lose Them,control,2021-03-04,0,False,
1515915625466366854,Lost,email_discount,2021-03-11,10,False,
1515915625467000819,Lost,control,2021-03-16,0,False,
1515915625467132635,Lost,push_cashback,2021-03-03,5,False,
1515915625467267855,Lost,email_discount,2021-03-07,10,False,
1515915625467421823,Can't Lose Them,email_discount,2021-03-02,10,False,
1515915625467827145,Lost,email_discount,2021-03-01,10,False,
1515915625467951113,Lost,control,2021-03-26,0,False,
1515915625468568154,Lost,push_cashback,2021-03-01,5,False,
1515915625468583481,Lost,email_discount,2021-03-06,10,True,158.15466816869062
1515915625469269159,Lost,email_discount,2021-03-19,10,False,
1515915625469806973,Lost,email_discount,2021-03-07,10,True,103.2502953416403
1515915625470057771,Lost,control,2021-03-24,0,False,
1515915625470179176,Lost,control,2021-03-05,0,False,
1515915625470625172,Lost,push_cashback,2021-03-21,5,False,
1515915625470995608,Lost,control,2021-03-28,0,False,
1515915625471945634,Lost,email_discount,2021-03-18,10,False,
1515915625472056936,Lost,push_cashback,2021-03-24,5,False,
1515915625472101004,Lost,email_discount,2021-03-26,10,True,220.5519441858374
1515915625472598226,Lost,email_discount,2021-03-13,10,False,
1515915625472777985,Lost,control,2021-03-01,0,False,
1515915625472832380,Lost,push_cashback,2021-03-10,5,False,
1515915625473326905,Lost,control,2021-03-09,0,False,
1515915625473590169,Lost,control,2021-03-17,0,False,
1515915625473938034,Can't Lose Them,push_cashback,2021-03-01,5,False,
1515915625473996480,Lost,email_discount,2021-03-01,10,True,164.48527690825915
1515915625474108059,Lost,email_discount,2021-03-07,10,False,
1515915625474259296,Lost,push_cashback,2021-03-04,5,False,
1515915625474785243,Lost,email_discount,2021-03-28,10,False,
1515915625474888347,Lost,push_cashback,2021-03-23,5,False,
1515915625475025856,Lost,push_cashback,2021-03-21,5,False,
1515915625475083496,Lost,control,2021-03-12,0,False,
1515915625475652424,Lost,push_cashback,2021-03-16,5,False,
1515915625476087754,Lost,control,2021-03-14,0,False,
1515915625476168209,Lost,email_discount,2021-03-23,10,False,
1515915625476588533,Lost,email_discount,2021-03-10,10,False,
1515915625476932116,At Risk,email_discount,2021-03-14,10,False,
1515915625476938288,Lost,email_discount,2021-03-07,10,False,
1515915625476991896,Lost,control,2021-03-04,0,False,
1515915625477767168,Lost,email_discount,2021-03-02,10,False,
1515915625478408904,Lost,push_cashback,2021-03-24,5,False,
1515915625479288963,Lost,push_cashback,2021-03-18,5,True,183.48297023590067
1515915625479434403,Lost,push_cashback,2021-03-16,5,False,
1515915625479966700,Lost,control,2021-03-09,0,False,
1515915625480784302,Lost,email_discount,2021-03-05,10,True,170.79088963023074
1515915625480940320,Lost,email_discount,2021-03-09,10,False,
1515915625481156621,Lost,email_discount,2021-03-25,10,False,
1515915625481244678,Lost,control,2021-03-30,0,False,
1515915625481706156,Lost,push_cashback,2021-03-08,5,False,
1515915625482081016,Lost,push_cashback,2021-03-24,5,False,
1515915625482383745,Can't Lose Them,email_discount,2021-03-20,10,False,
1515915625483402054,Can't Lose Them,push_cashback,2021-03-16,5,False,
1515915625483595665,Lost,push_cashback,2021-03-30,5,True,164.08136398742198
1515915625484505146,Lost,control,2021-03-20,0,False,
1515915625485572958,Lost,control,2021-03-30,0,False,
1515915625486256855,Lost,control,2021-03-18,0,False,
1515915625486409945,Lost,control,2021-03-04,0,False,
1515915625486521695,Lost,email_discount,2021-03-16,10,True,154.16663547152717
1515915625486764209,Lost,control,2021-03-04,0,False,
1515915625492451814,Lost,push_cashback,2021-03-06,5,False,
1515915625492654760,Lost,email_discount,2021-03-03,10,False,
1515915625492846959,Lost,push_cashback,2021-03-18,5,True,163.86968986807042
1515915625492851884,Lost,push_cashback,2021-03-15,5,False,
1515915625493306533,Lost,push_cashback,2021-03-08,5,False,
1515915625493549689,Lost,control,2021-03-18,0,False,
1515915625494770987,Lost,control,2021-03-24,0,False,
1515915625495521173,Lost,email_discount,2021-03-23,10,False,
1515915625495744028,Lost,email_discount,2021-03-03,10,False,
1515915625497051174,Lost,control,2021-03-06,0,False,
1515915625497203757,Lost,push_cashback,2021-03-22,5,False,
1515915625497266977,Can't Lose Them,email_discount,2021-03-26,10,False,
1515915625497290091,Lost,control,2021-03-30,0,False,
1515915625497826743,Lost,control,2021-03-21,0,True,138.40767590379056
1515915625498093228,Lost,control,2021-03-29,0,False,
1515915625498133966,Lost,push_cashback,2021-03-24,5,False,
1515915625498376282,Lost,control,2021-03-15,0,False,
1515915625499086948,Lost,control,2021-03-27,0,False,
1515915625499087051,Lost,control,2021-03-12,0,False,
1515915625499632814,Lost,control,2021-03-05,0,False,
1515915625499716754,Lost,email_discount,2021-03-07,10,False,
1515915625500018456,Lost,email_discount,2021-03-22,10,False,
1515915625500191972,Lost,control,2021-03-27,0,False,
1515915625501202238,Lost,push_cashback,2021-03-15,5,False,
1515915625503751892,Lost,email_discount,2021-03-07,10,False,
1515915625503814049,Lost,control,2021-03-13,0,False,
1515915625503895207,Can't Lose Them,email_discount,2021-03-25,10,False,
1515915625504063355,Lost,email_discount,2021-03-03,10,True,184.06222012529432
1515915625504663389,Lost,push_cashback,2021-03-26,5,False,
1515915625504813192,Lost,control,2021-03-23,0,False,
1515915625505008297,Can't Lose Them,control,2021-03-13,0,False,
1515915625505559373,Lost,push_cashback,2021-03-26,5,False,
1515915625505654593,Lost,push_cashback,2021-03-03,5,False,
1515915625506722711,Can't Lose Them,control,2021-03-29,0,False,
1515915625506781679,Lost,control,2021-03-02,0,False,
1515915625506864547,Lost,push_cashback,2021-03-28,5,False,
1515915625506903608,Lost,email_discount,2021-03-23,10,False,
1515915625507114184,Can't Lose Them,email_discount,2021-03-04,10,False,
1515915625507426385,Lost,push_cashback,2021-03-17,5,False,
1515915625507556338,Lost,email_discount,2021-03-06,10,False,
1515915625507618984,Lost,push_cashback,2021-03-11,5,False,
1515915625507754425,Can't Lose Them,email_discount,2021-03-06,10,False,
1515915625508051478,Lost,email_discount,2021-03-22,10,True,250.57503837796804
1515915625508240652,Lost,control,2021-03-02,0,False,
1515915625508374573,Lost,control,2021-03-17,0,False,
1515915625508403543,Lost,email_discount,2021-03-03,10,False,
1515915625508703225,Lost,email_discount,2021-03-12,10,False,
1515915625508770501,Lost,control,2021-03-14,0,False,
1515915625508849099,Lost,control,2021-03-02,0,False,
1515915625509272045,Lost,control,2021-03-22,0,True,196.86539816276218
1515915625509375068,Lost,push_cashback,2021-03-29,5,False,
1515915625509470353,Lost,email_discount,2021-03-28,10,False,
1515915625509504933,Lost,control,2021-03-22,0,False,
1515915625509561819,Lost,email_discount,2021-03-29,10,False,
1515915625509562082,Lost,push_cashback,2021-03-05,5,False,
1515915625509729436,Lost,push_cashback,2021-03-10,5,False,
1515915625509808717,Lost,control,2021-03-10,0,False,
1515915625510314369,Lost,push_cashback,2021-03-21,5,False,
1515915625511032339,At Risk,email_discount,2021-03-09,10,True,198.09733554618634
1515915625511038054,Lost,control,2021-03-30,0,True,119.57088564257225
1515915625511039745,Lost,email_discount,2021-03-21,10,False,
1515915625511110840,Lost,email_discount,2021-03-13,10,False,
1515915625511131358,Lost,push_cashback,2021-03-10,5,False,
1515915625511226919,Lost,push_cashback,2021-03-06,5,False,
1515915625511258041,Lost,push_cashback,2021-03-11,5,False,
1515915625511668201,Lost,push_cashback,2021-03-04,5,False,
1515915625512105360,Lost,push_cashback,2021-03-26,5,False,
1515915625512135812,Lost,control,2021-03-14,0,False,
1515915625513111960,Lost,email_discount,2021-03-30,10,False,
1515915625513124938,Lost,email_discount,2021-03-17,10,False,
1515915625513126445,Can't Lose Them,email_discount,2021-03-20,10,False,
1515915625513128295,Lost,email_discount,2021-03-02,10,True,210.52653809261
1515915625513238969,Lost,push_cashback,2021-03-10,5,False,
1515915625513241084,At Risk,email_discount,2021-03-03,10,False,
1515915625513265653,Lost,control,2021-03-07,0,False,
1515915625513373329,Lost,control,2021-03-07,0,False,
1515915625513392808,Lost,email_discount,2021-03-01,10,True,214.90040229618893
1515915625513553892,Lost,email_discount,2021-03-08,10,False,
1515915625513574486,Lost,control,2021-03-23,0,False,
1515915625513574581,Lost,control,2021-03-01,0,False,
1515915625513600866,Lost,push_cashback,2021-03-08,5,True,175.73062838128808
1515915625513824086,Lost,control,2021-03-14,0,False,
1515915625514094094,Lost,push_cashback,2021-03-14,5,False,
1515915625514097612,Lost,push_cashback,2021-03-02,5,False,
1515915625514111411,Lost,push_cashback,2021-03-08,5,False,
1515915625514129744,Lost,push_cashback,2021-03-19,5,False,
1515915625514159533,Lost,push_cashback,2021-03-10,5,False,
1515915625514458321,Lost,email_discount,2021-03-07,10,False,
1515915625514502228,Lost,control,2021-03-13,0,False,
1515915625514744695,Lost,push_cashback,2021-03-22,5,True,173.57129966952525
1515915625514766440,Lost,control,2021-03-21,0,False,
1515915625514870210,Lost,control,2021-03-15,0,False,
1515915625514902385,Lost,push_cashback,2021-03-11,5,False,
1515915625514944899,Lost,email_discount,2021-03-26,10,False,
1515915625514969596,Lost,push_cashback,2021-03-14,5,False,
1515915625515080867,Lost,email_discount,2021-03-11,10,False,
1515915625515148783,Lost,control,2021-03-02,0,False,
1515915625515223814,Lost,email_discount,2021-03-02,10,False,
1515915625515318698,Can't Lose Them,email_discount,2021-03-29,10,False,
1515915625515426823,Lost,email_discount,2021-03-12,10,True,178.69184628751142
1515915625515455004,Lost,control,2021-03-15,0,False,
1515915625515476270,Lost,control,2021-03-17,0,False,
1515915625515574097,Lost,email_discount,2021-03-14,10,True,214.22311321201082
1515915625515698186,At Risk,email_discount,2021-03-25,10,False,
1515915625515708617,Lost,push_cashback,2021-03-16,5,False,
1515915625515983292,Lost,email_discount,2021-03-27,10,False,
1515915625516160801,Lost,push_cashback,2021-03-08,5,False,
1515915625516166909,Lost,email_discount,2021-03-24,10,False,
1515915625516258447,Lost,push_cashback,2021-03-17,5,False,
1515915625516312135,Lost,control,2021-03-05,0,False,
1515915625516324855,Lost,email_discount,2021-03-12,10,False,
1515915625516333925,Lost,email_discount,2021-03-06,10,False,
1515915625516344878,Lost,email_discount,2021-03-18,10,False,
1515915625516359835,Can't Lose Them,email_discount,2021-03-26,10,False,
1515915625516401102,Can't Lose Them,push_cashback,2021-03-05,5,False,
1515915625516401615,At Risk,email_discount,2021-03-06,10,False,
1515915625516422613,Lost,control,2021-03-09,0,False,
1515915625516424959,Lost,control,2021-03-15,0,False,
1515915625516434206,Lost,email_discount,2021-03-10,10,True,247.86547497439352
1515915625516447381,Lost,control,2021-03-17,0,False,
1515915625516465850,Lost,email_discount,2021-03-29,10,False,
1515915625516476746,Lost,email_discount,2021-03-26,10,False,
1515915625516477461,Lost,control,2021-03-19,0,False,
1515915625516490771,Lost,email_discount,2021-03-12,10,False,
1515915625516508051,Lost,control,2021-03-09,0,False,
1515915625516609226,At Risk,push_cashback,2021-03-15,5,False,
1515915625516673386,Lost,email_discount,2021-03-14,10,False,
1515915625516711813,Lost,push_cashback,2021-03-01,5,False,
1515915625516722437,Lost,control,2021-03-17,0,False,
1515915625516724249,Lost,push_cashback,2021-03-01,5,False,
1515915625516729047,Lost,push_cashback,2021-03-23,5,False,
1515915625516747708,Can't Lose Them,control,2021-03-29,0,False,
1515915625516747922,Lost,push_cashback,2021-03-21,5,True,178.22112691621663
1515915625516769072,Can't Lose Them,push_cashback,2021-03-22,5,True,126.13131282892292
1515915625516770938,Lost,control,2021-03-13,0,False,
1515915625516842178,Lost,push_cashback,2021-03-30,5,False,
1515915625516853587,Lost,control,2021-03-08,0,False,
1515915625516964063,Lost,push_cashback,2021-03-30,5,True,129.1913142338978
1515915625517182992,Lost,control,2021-03-13,0,False,
1515915625517202747,Lost,control,2021-03-16,0,False,
1515915625517218106,Lost,push_cashback,2021-03-02,5,False,
1515915625517318899,Lost,push_cashback,2021-03-13,5,False,
1515915625517342761,Lost,push_cashback,2021-03-18,5,False,
1515915625517386797,Lost,email_discount,2021-03-03,10,False,
1515915625517470003,Lost,email_discount,2021-03-13,10,False,
1515915625517579630,Lost,email_discount,2021-03-19,10,False,
1515915625517581806,Lost,control,2021-03-13,0,False,
1515915625517699110,Lost,push_cashback,2021-03-19,5,False,
1515915625517748115,Lost,control,2021-03-04,0,False,
1515915625517759569,Lost,email_discount,2021-03-19,10,False,
1515915625517764150,Lost,push_cashback,2021-03-18,5,False,
1515915625517770257,Lost,control,2021-03-25,0,False,
1515915625517780037,Lost,push_cashback,2021-03-06,5,False,
1515915625517825350,Lost,control,2021-03-19,0,False,
1515915625517871720,At Risk,push_cashback,2021-03-25,5,False,
1515915625517883203,Lost,email_discount,2021-03-04,10,False,
1515915625517905050,Can't Lose Them,email_discount,2021-03-04,10,False,
1515915625517946481,Lost,push_cashback,2021-03-24,5,False,
1515915625518037933,Lost,control,2021-03-07,0,False,
1515915625518085006,Can't Lose Them,email_discount,2021-03-07,10,False,
1515915625518086046,Lost,email_discount,2021-03-26,10,False,
1515915625518112609,Can't Lose Them,email_discount,2021-03-23,10,False,
1515915625518130982,Lost,push_cashback,2021-03-26,5,False,
1515915625518151432,Lost,push_cashback,2021-03-16,5,False,
1515915625518153762,Lost,control,2021-03-27,0,False,
1515915625518212316,Lost,control,2021-03-16,0,False,
1515915625518254444,Lost,control,2021-03-05,0,False,
1515915625518278964,Can't Lose Them,push_cashback,2021-03-15,5,False,
1515915625518286459,Lost,push_cashback,2021-03-23,5,False,
1515915625518289462,Lost,control,2021-03-04,0,False,
1515915625518296794,Lost,control,2021-03-24,0,False,
1515915625518370294,Lost,push_cashback,2021-03-25,5,False,
1515915625518390079,Lost,control,2021-03-13,0,False,
1515915625518413832,Lost,email_discount,2021-03-28,10,False,
1515915625518435582,At Risk,push_cashback,2021-03-19,5,False,
1515915625518472854,Lost,control,2021-03-07,0,False,
1515915625518482827,Lost,push_cashback,2021-03-12,5,False,
1515915625518560406,Lost,email_discount,2021-03-26,10,True,217.68079429719342
1515915625518585643,Lost,push_cashback,2021-03-09,5,False,
1515915625518591968,Lost,push_cashback,2021-03-17,5,True,126.45634379917118
1515915625518696647,Lost,push_cashback,2021-03-02,5,False,
1515915625518710964,Lost,push_cashback,2021-03-16,5,False,
1515915625518820232,Lost,email_discount,2021-03-07,10,False,
1515915625518836854,Lost,push_cashback,2021-03-29,5,False,
1515915625518837072,Lost,push_cashback,2021-03-18,5,False,
1515915625518894671,Lost,control,2021-03-07,0,False,
1515915625518900864,Lost,push_cashback,2021-03-01,5,False,
1515915625518901157,Lost,control,2021-03-03,0,False,
1515915625518901432,Lost,email_discount,2021-03-21,10,False,
1515915625518988628,Can't Lose Them,email_discount,2021-03-30,10,False,
1515915625519036980,Lost,email_discount,2021-03-28,10,True,194.04747442897562
1515915625519045356,Lost,email_discount,2021-03-30,10,False,
1515915625519047102,Lost,control,2021-03-11,0,False,
1515915625519064114,Lost,push_cashback,2021-03-22,5,False,
1515915625519079553,Lost,email_discount,2021-03-15,10,False,
1515915625519082162,Lost,push_cashback,2021-03-29,5,True,151.17829034330038
1515915625519107912,Lost,control,2021-03-25,0,False,
1515915625519140183,Lost,control,2021-03-25,0,False,
1515915625519218141,Lost,control,2021-03-03,0,False,
1515915625519258287,Lost,email_discount,2021-03-30,10,False,
1515915625519259921,Lost,push_cashback,2021-03-24,5,False,
1515915625519301557,Lost,push_cashback,2021-03-13,5,False,
1515915625519344914,Lost,push_cashback,2021-03-04,5,False,
1515915625519356010,Lost,control,2021-03-23,0,False,
1515915625519390468,Lost,email_discount,2021-03-22,10,False,
1515915625519397646,Lost,control,2021-03-08,0,False,
1515915625519399850,Lost,control,2021-03-22,0,False,
1515915625519401159,Lost,push_cashback,2021-03-04,5,False,
1515915625519403099,Lost,control,2021-03-18,0,False,
1515915625519406565,Lost,push_cashback,2021-03-07,5,False,
1515915625519406764,Lost,email_discount,2021-03-11,10,False,
1515915625519407618,Lost,push_cashback,2021-03-29,5,False,
1515915625519417750,Lost,email_discount,2021-03-27,10,False,
1515915625519426806,Lost,push_cashback,2021-03-04,5,False,
1515915625519427738,Lost,control,2021-03-13,0,False,
1515915625519432765,Lost,control,2021-03-09,0,False,
1515915625519436601,At Risk,email_discount,2021-03-09,10,False,
1515915625519439308,Lost,email_discount,2021-03-23,10,True,136.74938209901123
1515915625519440686,Lost,email_discount,2021-03-21,10,False,
1515915625519454753,Lost,push_cashback,2021-03-19,5,False,
1515915625519463641,Can't Lose Them,push_cashback,2021-03-03,5,False,
1515915625519470141,Lost,email_discount,2021-03-25,10,False,
1515915625519470631,Lost,control,2021-03-25,0,True,209.95532272011673
1515915625519473821,Lost,push_cashback,2021-03-12,5,False,
1515915625519475949,Lost,push_cashback,2021-03-29,5,False,
1515915625519477241,Lost,push_cashback,2021-03-11,5,False,
1515915625519477888,Lost,email_discount,2021-03-20,10,True,216.8046674177853
1515915625519487094,Lost,email_discount,2021-03-11,10,False,
1515915625519489782,Lost,email_discount,2021-03-17,10,False,
1515915625519491915,Lost,email_discount,2021-03-29,10,True,123.99578135293916
1515915625519492150,Lost,email_discount,2021-03-26,10,False,
1515915625519495049,Lost,control,2021-03-21,0,False,
1515915625519495480,Can't Lose Them,control,2021-03-14,0,False,
1515915625519498076,Lost,email_discount,2021-03-16,10,False,
1515915625519498155,At Risk,push_cashback,2021-03-24,5,False,
1515915625519502747,Lost,email_discount,2021-03-10,10,False,
1515915625519506935,Lost,control,2021-03-04,0,False,
1515915625519511621,Lost,control,2021-03-10,0,False,
1515915625519516622,Lost,push_cashback,2021-03-26,5,False,
1515915625519522275,Lost,control,2021-03-20,0,False,
1515915625519526765,Lost,email_discount,2021-03-29,10,False,
1515915625519527229,Lost,push_cashback,2021-03-12,5,False,
1515915625519531830,Lost,email_discount,2021-03-30,10,True,206.66495580403225
1515915625519539652,Lost,email_discount,2021-03-09,10,False,
1515915625519543855,Lost,push_cashback,2021-03-15,5,False,
1515915625519547708,Lost,email_discount,2021-03-09,10,False,
1515915625519566682,Lost,control,2021-03-07,0,False,
1515915625519570694,Lost,email_discount,2021-03-26,10,False,
1515915625519577089,Lost,push_cashback,2021-03-24,5,False,
1515915625519577424,Lost,push_cashback,2021-03-12,5,False,
1515915625519581197,Lost,push_cashback,2021-03-28,5,False,
1515915625519584585,Lost,email_discount,2021-03-20,10,True,200.08669977272174
1515915625519586523,Lost,push_cashback,2021-03-24,5,False,
1515915625519587464,Lost,push_cashback,2021-03-14,5,False,
1515915625519590394,Lost,email_discount,2021-03-22,10,False,
1515915625519591681,Lost,control,2021-03-16,0,False,
1515915625519597429,Lost,email_discount,2021-03-29,10,True,222.68557410613306
1515915625519597534,Lost,push_cashback,2021-03-19,5,False,
1515915625519601763,Lost,push_cashback,2021-03-23,5,True,171.6712775462257
1515915625519605201,Lost,email_discount,2021-03-03,10,True,249.2076263790043
1515915625519607534,Lost,control,2021-03-11,0,True,169.68024297570747
1515915625519609613,Lost,push_cashback,2021-03-23,5,False,
1515915625519610130,Lost,push_cashback,2021-03-21,5,False,
1515915625519615558,Lost,push_cashback,2021-03-20,5,False,
1515915625519620661,Lost,email_discount,2021-03-19,10,False,
1515915625519621085,Lost,push_cashback,2021-03-08,5,True,154.11622410063333
1515915625519622769,Lost,control,2021-03-20,0,False,
1515915625519623456,Lost,push_cashback,2021-03-08,5,False,
1515915625519630660,Lost,push_cashback,2021-03-26,5,False,
1515915625519631285,Lost,control,2021-03-03,0,False,
1515915625519631988,Lost,push_cashback,2021-03-10,5,False,
1515915625519637881,Lost,email_discount,2021-03-13,10,False,
1515915625519638486,Lost,email_discount,2021-03-09,10,False,
1515915625519640298,Lost,email_discount,2021-03-06,10,False,
1515915625519644907,Lost,control,2021-03-15,0,False,
1515915625519645266,Lost,push_cashback,2021-03-16,5,False,
1515915625519645639,Lost,email_discount,2021-03-05,10,True,141.13441050809718
1515915625519646464,Lost,control,2021-03-21,0,False,
1515915625519652637,Lost,push_cashback,2021-03-13,5,False,
1515915625519653457,Lost,control,2021-03-19,0,False,
1515915625519653795,Lost,email_discount,2021-03-02,10,False,
1515915625519662750,Lost,email_discount,2021-03-06,10,False,
1515915625519665345,Lost,email_discount,2021-03-27,10,True,142.9726141661896
1515915625519672140,Lost,control,2021-03-01,0,False,
1515915625519677243,Lost,control,2021-03-15,0,False,
1515915625519680105,Lost,email_discount,2021-03-15,10,False,
1515915625519680971,Lost,control,2021-03-14,0,False,
1515915625519683887,Lost,email_discount,2021-03-07,10,False,
1515915625519685961,Lost,email_discount,2021-03-05,10,False,
1515915625519686118,Lost,push_cashback,2021-03-20,5,False,
1515915625519687218,Lost,control,2021-03-25,0,False,
1515915625519690209,Lost,email_discount,2021-03-26,10,True,138.89817504430528
1515915625519695489,Lost,email_discount,2021-03-16,10,False,
1515915625519703604,Lost,control,2021-03-17,0,False,
1515915625519703999,Lost,push_cashback,2021-03-11,5,True,173.7359858164309
1515915625519705162,Lost,push_cashback,2021-03-15,5,False,
1515915625519715781,Can't Lose Them,email_discount,2021-03-20,10,False,
1515915625519721864,Lost,control,2021-03-16,0,False,
1515915625519724580,Lost,push_cashback,2021-03-03,5,True,154.23602725294128
1515915625519726059,Lost,control,2021-03-06,0,False,
1515915625519731512,Lost,control,2021-03-21,0,False,
1515915625519731655,Lost,email_discount,2021-03-23,10,False,
1515915625519735038,Lost,push_cashback,2021-03-13,5,False,
1515915625519736345,Lost,email_discount,2021-03-01,10,False,
1515915625519739382,Lost,push_cashback,2021-03-29,5,True,178.2277290662742
1515915625519741402,Lost,push_cashback,2021-03-21,5,False,
1515915625519742568,Lost,push_cashback,2021-03-14,5,False,
1515915625519756152,Lost,push_cashback,2021-03-02,5,False,
1515915625519756191,Can't Lose Them,push_cashback,2021-03-02,5,False,
1515915625519762021,Can't Lose Them,control,2021-03-27,0,False,
1515915625519765122,Lost,email_discount,2021-03-15,10,False,
1515915625519766634,Lost,control,2021-03-27,0,False,
1515915625519768447,Lost,push_cashback,2021-03-18,5,False,
1515915625519777433,Lost,email_discount,2021-03-09,10,True,130.58380604922783
1515915625519791861,Lost,push_cashback,2021-03-26,5,False,
1515915625519796425,Lost,email_discount,2021-03-03,10,False,
1515915625519798961,Lost,control,2021-03-04,0,False,
1515915625519802000,Lost,email_discount,2021-03-15,10,False,
1515915625519803520,Lost,email_discount,2021-03-05,10,True,146.49385099218225
1515915625519806544,Lost,email_discount,2021-03-30,10,False,
1515915625519819720,Lost,email_discount,2021-03-20,10,False,
1515915625519835769,Lost,email_discount,2021-03-20,10,True,145.73554804510206
1515915625519841283,Lost,push_cashback,2021-03-05,5,False,
1515915625519842619,Lost,email_discount,2021-03-10,10,False,
1515915625519843522,Lost,email_discount,2021-03-16,10,False,
1515915625519844384,Lost,control,2021-03-25,0,False,
1515915625519861582,Can't Lose Them,email_discount,2021-03-12,10,False,
1515915625519871369,Lost,control,2021-03-25,0,False,
1515915625519872813,Lost,push_cashback,2021-03-30,5,False,
1515915625519876913,Lost,email_discount,2021-03-14,10,False,
1515915625519880892,Lost,control,2021-03-22,0,False,
1515915625519881862,Lost,control,2021-03-11,0,False,
1515915625519884688,Lost,push_cashback,2021-03-28,5,False,
1515915625519890231,Lost,email_discount,2021-03-30,10,False,
1515915625519890298,Lost,email_discount,2021-03-19,10,False,
1515915625519890377,Lost,control,2021-03-06,0,False,
1515915625519895052,Lost,email_discount,2021-03-10,10,False,
1515915625519896823,Lost,control,2021-03-20,0,False,
1515915625519896903,Lost,email_discount,2021-03-03,10,False,
1515915625519900321,Lost,control,2021-03-22,0,False,
1515915625519905171,Lost,email_discount,2021-03-15,10,False,
1515915625519905197,Lost,push_cashback,2021-03-11,5,False,
1515915625519912678,Lost,email_discount,2021-03-22,10,False,
1515915625519912906,Lost,email_discount,2021-03-02,10,True,282.61718308065576
1515915625519915919,Lost,push_cashback,2021-03-25,5,False,
1515915625519918222,Lost,email_discount,2021-03-24,10,False,
1515915625519918512,Lost,push_cashback,2021-03-06,5,False,
1515915625519920599,Lost,email_discount,2021-03-17,10,True,177.5443401989884
1515915625519920949,Lost,control,2021-03-28,0,False,
1515915625519928515,Lost,control,2021-03-18,0,False,
1515915625519933981,Can't Lose Them,email_discount,2021-03-04,10,True,182.01351552030263
1515915625519948239,Lost,email_discount,2021-03-23,10,False,
1515915625519948506,Lost,email_discount,2021-03-09,10,False,
1515915625519949698,Lost,control,2021-03-10,0,False,
1515915625519956133,Lost,email_discount,2021-03-21,10,False,
1515915625519959649,Lost,control,2021-03-26,0,False,
1515915625519960362,Can't Lose Them,push_cashback,2021-03-02,5,False,
1515915625519965712,Lost,control,2021-03-29,0,False,
1515915625519966319,Lost,control,2021-03-11,0,False,
1515915625519969728,Lost,push_cashback,2021-03-11,5,False,
1515915625519991781,Lost,control,2021-03-11,0,False,
1515915625519995261,Lost,email_discount,2021-03-01,10,False,
1515915625520000581,Lost,email_discount,2021-03-26,10,False,
1515915625520025059,Lost,control,2021-03-14,0,False,
1515915625520025806,Lost,email_discount,2021-03-29,10,True,181.51461467301772
1515915625520028849,Lost,control,2021-03-30,0,False,
1515915625520029145,Lost,email_discount,2021-03-01,10,False,
1515915625520029972,Lost,email_discount,2021-03-21,10,False,
1515915625520029989,Lost,control,2021-03-30,0,False,
1515915625520030557,Lost,email_discount,2021-03-23,10,False,
1515915625520037537,Lost,control,2021-03-25,0,False,
1515915625520037968,Lost,email_discount,2021-03-09,10,True,254.87731940894793
1515915625520038560,Lost,email_discount,2021-03-24,10,False,
1515915625520042035,Lost,push_cashback,2021-03-01,5,False,
1515915625520045457,Lost,push_cashback,2021-03-21,5,False,
1515915625520049345,Lost,control,2021-03-22,0,False,
1515915625520055381,Lost,push_cashback,2021-03-22,5,False,
1515915625520057192,Lost,control,2021-03-04,0,False,
1515915625520057451,Lost,push_cashback,2021-03-01,5,False,
1515915625520057636,Lost,email_discount,2021-03-19,10,True,112.39972692127414
1515915625520058781,Lost,control,2021-03-10,0,False,
1515915625520066835,Lost,control,2021-03-15,0,False,
1515915625520067796,Lost,email_discount,2021-03-20,10,True,182.30452140585814
1515915625520068159,Lost,control,2021-03-04,0,False,
1515915625520070184,Lost,control,2021-03-29,0,False,
1515915625520070468,Lost,push_cashback,2021-03-20,5,False,
1515915625520071259,Lost,control,2021-03-14,0,False,
1515915625520077333,Lost,email_discount,2021-03-05,10,False,
1515915625520079410,Lost,push_cashback,2021-03-29,5,False,
1515915625520088524,Lost,push_cashback,2021-03-15,5,False,
1515915625520088544,Lost,email_discount,2021-03-15,10,False,
1515915625520096701,Lost,email_discount,2021-03-27,10,False,
1515915625520116294,Lost,push_cashback,2021-03-25,5,False,
1515915625520122399,Lost,control,2021-03-16,0,False,
1515915625520127803,Lost,push_cashback,2021-03-16,5,False,
1515915625520143703,Lost,email_discount,2021-03-04,10,True,111.97786773443696
1515915625520160214,Lost,push_cashback,2021-03-25,5,True,69.80742870278553
1515915625520166830,Lost,email_discount,2021-03-09,10,True,151.9592023538761
1515915625520167554,Lost,push_cashback,2021-03-01,5,False,
1515915625520168475,Lost,control,2021-03-05,0,False,
1515915625520169166,Lost,push_cashback,2021-03-09,5,False,
1515915625520171216,Lost,push_cashback,2021-03-20,5,False,
1515915625520174925,Can't Lose Them,email_discount,2021-03-05,10,False,
1515915625520174997,Lost,email_discount,2021-03-04,10,True,203.54737309265764
1515915625520175322,Lost,email_discount,2021-03-29,10,False,
1515915625520180338,Lost,push_cashback,2021-03-16,5,False,
1515915625520180922,Lost,control,2021-03-02,0,False,
1515915625520181207,Lost,email_discount,2021-03-26,10,False,
1515915625520185806,Lost,email_discount,2021-03-16,10,True,149.0998673266614
1515915625520188055,Lost,push_cashback,2021-03-18,5,True,180.83060606100494
1515915625520190690,Lost,email_discount,2021-03-02,10,True,189.79143370271723
1515915625520191157,Lost,control,2021-03-16,0,False,
1515915625520195009,Lost,control,2021-03-29,0,False,
1515915625520197149,Lost,email_discount,2021-03-01,10,False,
1515915625520199233,Lost,email_discount,2021-03-16,10,False,
1515915625520202092,Lost,push_cashback,2021-03-03,5,False,
1515915625520205065,Lost,control,2021-03-15,0,False,
1515915625520205740,Lost,control,2021-03-30,0,False,
1515915625520208683,Lost,email_discount,2021-03-11,10,False,
1515915625520209626,Lost,push_cashback,2021-03-10,5,False,
1515915625520210793,Lost,control,2021-03-17,0,False,
1515915625520215075,Lost,control,2021-03-04,0,False,
1515915625520226587,Lost,push_cashback,2021-03-17,5,False,
1515915625520227072,Lost,push_cashback,2021-03-04,5,False,
1515915625520230306,Lost,control,2021-03-19,0,False,
1515915625520234208,Lost,control,2021-03-25,0,False,
1515915625520235046,Lost,push_cashback,2021-03-01,5,False,
1515915625520240839,Lost,control,2021-03-14,0,False,
1515915625520242621,Lost,email_discount,2021-03-24,10,True,178.74204806888562
1515915625520253927,Can't Lose Them,email_discount,2021-03-11,10,False,
1515915625520256988,Lost,push_cashback,2021-03-25,5,True,215.59854239086633
1515915625520260468,Lost,push_cashback,2021-03-28,5,False,
1515915625520267868,Lost,push_cashback,2021-03-07,5,False,
1515915625520269718,Lost,email_discount,2021-03-17,10,True,158.17835525686107
1515915625520270709,Lost,control,2021-03-04,0,False,
1515915625520271608,Lost,email_discount,2021-03-10,10,True,202.1294939612125
1515915625520276451,Lost,control,2021-03-17,0,False,
1515915625520277189,Lost,email_discount,2021-03-04,10,False,
1515915625520277900,Lost,control,2021-03-19,0,False,
1515915625520280699,Lost,email_discount,2021-03-18,10,False,
1515915625520283808,Lost,push_cashback,2021-03-17,5,False,
1515915625520284362,Lost,email_discount,2021-03-06,10,False,
1515915625520286819,Lost,control,2021-03-28,0,False,
1515915625520294085,Lost,email_discount,2021-03-07,10,True,103.86109572146948
1515915625520298512,Lost,email_discount,2021-03-06,10,True,189.44507468979765
1515915625520301473,Lost,email_discount,2021-03-25,10,True,173.4252783419887
1515915625520303779,Lost,push_cashback,2021-03-12,5,False,
1515915625520307032,Lost,email_discount,2021-03-09,10,True,131.798911910522
1515915625520307248,Lost,push_cashback,2021-03-18,5,False,
1515915625520308260,Lost,push_cashback,2021-03-02,5,False,
1515915625520308834,Lost,email_discount,2021-03-25,10,False,
1515915625520310846,Lost,email_discount,2021-03-17,10,False,
1515915625520312102,Lost,email_discount,2021-03-21,10,True,202.93244504277826
1515915625520312334,Lost,control,2021-03-01,0,False,
1515915625520321485,Can't Lose Them,email_discount,2021-03-23,10,False,
1515915625520337494,Can't Lose Them,push_cashback,2021-03-09,5,False,
1515915625520342229,Can't Lose Them,email_discount,2021-03-06,10,False,
1515915625520352228,Lost,control,2021-03-30,0,False,
1515915625520355544,Lost,email_discount,2021-03-02,10,False,
1515915625520373152,Lost,control,2021-03-06,0,True,143.9640569961213
1515915625520379618,Lost,control,2021-03-09,0,False,
1515915625520391829,Lost,email_discount,2021-03-03,10,False,
1515915625520395279,Lost,push_cashback,2021-03-16,5,False,
1515915625520395732,Lost,control,2021-03-25,0,False,
1515915625520402151,At Risk,email_discount,2021-03-24,10,True,262.9483059729904
1515915625520405339,Lost,email_discount,2021-03-15,10,False,
1515915625520410677,Lost,push_cashback,2021-03-29,5,False,
1515915625520413119,Lost,control,2021-03-12,0,False,
1515915625520420110,Lost,control,2021-03-23,0,False,
1515915625520420291,Lost,email_discount,2021-03-08,10,False,
1515915625520421469,Lost,email_discount,2021-03-26,10,True,75.47825725947831
1515915625520425942,Lost,push_cashback,2021-03-06,5,False,
1515915625520433043,Lost,push_cashback,2021-03-03,5,False,
1515915625520436258,Lost,control,2021-03-23,0,False,
1515915625520437857,Lost,control,2021-03-04,0,False,
1515915625520438989,Lost,email_discount,2021-03-27,10,False,
1515915625520440135,Lost,control,2021-03-10,0,False,
1515915625520443825,Can't Lose Them,push_cashback,2021-03-14,5,False,
1515915625520447507,Lost,push_cashback,2021-03-21,5,False,
1515915625520449790,Lost,email_discount,2021-03-24,10,True,196.17163437927576
1515915625520454351,Lost,push_cashback,2021-03-15,5,False,
1515915625520455166,Lost,push_cashback,2021-03-07,5,False,
1515915625520465789,Lost,push_cashback,2021-03-07,5,False,
1515915625520466764,Lost,push_cashback,2021-03-08,5,False,
1515915625520468429,Can't Lose Them,email_discount,2021-03-10,10,True,186.92137735062997
1515915625520473340,Lost,email_discount,2021-03-19,10,False,
1515915625520475918,Lost,control,2021-03-19,0,False,
1515915625520477046,Lost,push_cashback,2021-03-02,5,False,
1515915625520478644,Lost,control,2021-03-15,0,False,
1515915625520479055,Lost,email_discount,2021-03-01,10,False,
1515915625520480379,Lost,email_discount,2021-03-10,10,False,
1515915625520480452,Lost,email_discount,2021-03-06,10,True,172.3611309991266
1515915625520480535,Lost,email_discount,2021-03-22,10,False,
1515915625520483124,Lost,email_discount,2021-03-13,10,False,
1515915625520488520,Lost,email_discount,2021-03-10,10,True,161.18439347646446
1515915625520490634,Lost,email_discount,2021-03-12,10,False,
1515915625520492884,At Risk,push_cashback,2021-03-24,5,False,
1515915625520498241,Lost,control,2021-03-30,0,False,
1515915625520498725,Lost,email_discount,2021-03-06,10,False,
1515915625520505429,Lost,push_cashback,2021-03-06,5,True,167.74512799731022
1515915625520508609,Lost,push_cashback,2021-03-01,5,False,
1515915625520510891,Lost,control,2021-03-12,0,False,
1515915625520511695,Lost,email_discount,2021-03-23,10,False,
1515915625520515866,Lost,control,2021-03-23,0,False,
1515915625520516593,Lost,email_discount,2021-03-10,10,False,
1515915625520518148,Lost,push_cashback,2021-03-25,5,False,
1515915625520518171,Can't Lose Them,push_cashback,2021-03-14,5,False,
1515915625520518315,Lost,push_cashback,2021-03-15,5,False,
1515915625520522200,Lost,push_cashback,2021-03-28,5,False,
1515915625520525669,Lost,control,2021-03-23,0,False,
1515915625520526859,Lost,email_discount,2021-03-24,10,False,
1515915625520527030,Lost,email_discount,2021-03-04,10,False,
1515915625520528511,Lost,control,2021-03-25,0,False,
1515915625520539135,Lost,email_discount,2021-03-30,10,False,
1515915625520542017,Lost,push_cashback,2021-03-01,5,False,
1515915625520546301,Lost,email_discount,2021-03-08,10,False,
1515915625520546694,Lost,push_cashback,2021-03-03,5,True,207.48765230508764
1515915625520546786,Lost,control,2021-03-14,0,False,
1515915625520551097,Lost,email_discount,2021-03-17,10,False,
1515915625520551705,Lost,control,2021-03-02,0,False,
1515915625520552412,Lost,email_discount,2021-03-15,10,False,
1515915625520552628,Lost,push_cashback,2021-03-06,5,False,
1515915625520553697,Lost,control,2021-03-05,0,False,
1515915625520557693,Lost,email_discount,2021-03-14,10,False,
1515915625520562680,Lost,push_cashback,2021-03-19,5,True,98.1125796369547
1515915625520568554,Lost,control,2021-03-09,0,False,
1515915625520569929,Lost,control,2021-03-08,0,False,
1515915625520570472,Lost,email_discount,2021-03-29,10,False,
1515915625520570673,Lost,email_discount,2021-03-03,10,True,148.73058964354175
1515915625520585526,Lost,email_discount,2021-03-18,10,False,
1515915625520585838,Lost,push_cashback,2021-03-08,5,False,
1515915625520587432,Can't Lose Them,email_discount,2021-03-16,10,False,
1515915625520588090,Lost,control,2021-03-30,0,False,
1515915625520588723,Lost,control,2021-03-15,0,False,
1515915625520597578,Lost,email_discount,2021-03-21,10,False,
1515915625520599047,Lost,email_discount,2021-03-15,10,True,137.73572895550367
1515915625520602880,Lost,control,2021-03-16,0,False,
1515915625520604796,Lost,push_cashback,2021-03-25,5,False,
1515915625520605727,Lost,email_discount,2021-03-01,10,False,
1515915625520607352,Lost,email_discount,2021-03-10,10,False,
1515915625520607687,Lost,control,2021-03-19,0,False,
1515915625520607955,Lost,email_discount,2021-03-05,10,False,
1515915625520609702,Lost,push_cashback,2021-03-18,5,True,121.10830921109226
1515915625520611776,Lost,control,2021-03-03,0,False,
1515915625520623939,Lost,email_discount,2021-03-04,10,False,
1515915625520626799,Lost,control,2021-03-04,0,False,
1515915625520631996,Lost,email_discount,2021-03-11,10,False,
1515915625520632200,Lost,email_discount,2021-03-09,10,True,200.42370524459417
1515915625520638431,Lost,email_discount,2021-03-01,10,False,
1515915625520640767,Lost,push_cashback,2021-03-28,5,False,
1515915625520641050,Lost,push_cashback,2021-03-25,5,False,
1515915625520643882,Lost,control,2021-03-16,0,False,
1515915625520646233,Lost,email_discount,2021-03-09,10,False,
1515915625520647594,Lost,email_discount,2021-03-11,10,False,
1515915625520648208,Lost,push_cashback,2021-03-06,5,False,
1515915625520648851,Lost,email_discount,2021-03-27,10,False,
1515915625520651197,Lost,push_cashback,2021-03-17,5,False,
1515915625520652578,Lost,email_discount,2021-03-27,10,False,
1515915625520658368,At Risk,control,2021-03-29,0,False,
1515915625520659917,Lost,email_discount,2021-03-12,10,False,
1515915625520674726,Lost,email_discount,2021-03-22,10,False,
1515915625520677724,Lost,push_cashback,2021-03-08,5,False,
1515915625520679716,Lost,email_discount,2021-03-16,10,False,
1515915625520684345,Can't Lose Them,email_discount,2021-03-05,10,False,
1515915625520686843,Lost,push_cashback,2021-03-21,5,False,
1515915625520689035,Lost,control,2021-03-01,0,False,
1515915625520701929,Lost,control,2021-03-17,0,False,
1515915625520709864,Lost,push_cashback,2021-03-24,5,False,
1515915625520712323,Can't Lose Them,push_cashback,2021-03-29,5,False,
1515915625520720780,Lost,push_cashback,2021-03-21,5,False,
1515915625520724753,Lost,push_cashback,2021-03-08,5,False,
1515915625520725191,Lost,push_cashback,2021-03-10,5,False,
1515915625520727999,Can't Lose Them,control,2021-03-18,0,False,
1515915625520730049,Lost,control,2021-03-15,0,False,
1515915625520731116,Lost,push_cashback,2021-03-20,5,False,
1515915625520731413,Lost,email_discount,2021-03-13,10,False,
1515915625520731997,Lost,push_cashback,2021-03-27,5,False,
1515915625520732890,Lost,email_discount,2021-03-30,10,False,
1515915625520733639,Lost,push_cashback,2021-03-10,5,False,
1515915625520734041,Lost,push_cashback,2021-03-09,5,False,
1515915625520734497,Can't Lose Them,control,2021-03-13,0,False,
1515915625520734808,Lost,email_discount,2021-03-03,10,False,
1515915625520736652,Lost,email_discount,2021-03-22,10,False,
1515915625520740112,Lost,control,2021-03-27,0,False,
1515915625520742256,Lost,control,2021-03-23,0,False,
1515915625520745543,Lost,control,2021-03-03,0,False,
1515915625520753362,Lost,control,2021-03-01,0,False,
1515915625520755984,Lost,email_discount,2021-03-02,10,False,
1515915625520757179,Can't Lose Them,email_discount,2021-03-11,10,False,
1515915625520762317,Lost,push_cashback,2021-03-14,5,False,
1515915625520764746,Lost,push_cashback,2021-03-10,5,False,
1515915625520764771,Lost,control,2021-03-07,0,False,
1515915625520766939,Lost,control,2021-03-23,0,False,
1515915625520767380,Lost,control,2021-03-28,0,False,
1515915625520769431,Lost,push_cashback,2021-03-01,5,True,188.57349138935396
1515915625520775188,Lost,push_cashback,2021-03-26,5,False,
1515915625520775765,Lost,push_cashback,2021-03-07,5,False,
1515915625520777106,Lost,push_cashback,2021-03-15,5,False,
1515915625520778179,Lost,push_cashback,2021-03-26,5,False,
1515915625520778905,Lost,push_cashback,2021-03-11,5,True,207.6041147492815
1515915625520783026,Lost,push_cashback,2021-03-06,5,False,
1515915625520783042,Lost,control,2021-03-27,0,False,
1515915625520783109,Lost,control,2021-03-22,0,False,
1515915625520791009,Lost,control,2021-03-07,0,False,
1515915625520793692,Lost,control,2021-03-07,0,False,
1515915625520797109,Lost,push_cashback,2021-03-01,5,True,189.2039133051834
1515915625520797819,Lost,email_discount,2021-03-10,10,False,
1515915625520798469,Lost,push_cashback,2021-03-21,5,False,
1515915625520799564,Lost,email_discount,2021-03-15,10,False,
1515915625520804493,Lost,control,2021-03-30,0,False,
1515915625520804614,Lost,push_cashback,2021-03-30,5,False,
1515915625520809782,Lost,control,2021-03-08,0,False,
1515915625520810359,Lost,push_cashback,2021-03-24,5,False,
1515915625520815552,Lost,control,2021-03-19,0,False,
1515915625520815604,Lost,email_discount,2021-03-03,10,False,
1515915625520817930,Lost,email_discount,2021-03-23,10,False,
1515915625520822103,Lost,email_discount,2021-03-15,10,False,
1515915625520824317,Lost,push_cashback,2021-03-04,5,False,
1515915625520828751,Lost,email_discount,2021-03-06,10,False,
1515915625520834307,Lost,push_cashback,2021-03-25,5,False,
1515915625520838236,Lost,email_discount,2021-03-10,10,True,215.8763865908795
1515915625520839408,Lost,email_discount,2021-03-18,10,False,
1515915625520850075,Lost,push_cashback,2021-03-16,5,False,
1515915625520852263,Can't Lose Them,push_cashback,2021-03-18,5,False,
1515915625520869427,Lost,email_discount,2021-03-06,10,False,
1515915625520870922,Lost,push_cashback,2021-03-19,5,True,108.52767117034709
1515915625520874307,Lost,email_discount,2021-03-17,10,False,
1515915625520874467,Lost,push_cashback,2021-03-18,5,True,224.34252966503834
1515915625520875107,Lost,control,2021-03-30,0,False,
1515915625520884639,Lost,control,2021-03-13,0,False,
1515915625520887575,Lost,control,2021-03-07,0,False,
1515915625520891792,Lost,control,2021-03-20,0,False,
1515915625520893346,Lost,control,2021-03-12,0,False,
1515915625520893877,Lost,email_discount,2021-03-02,10,False,
1515915625520901090,Lost,control,2021-03-27,0,False,
1515915625520901633,Lost,control,2021-03-12,0,False,
1515915625520902684,Lost,control,2021-03-12,0,False,
1515915625520903154,Lost,control,2021-03-24,0,False,
1515915625520904426,Lost,push_cashback,2021-03-04,5,False,
1515915625520913760,Lost,email_discount,2021-03-04,10,False,
1515915625520913843,Lost,control,2021-03-18,0,False,
1515915625520916557,Lost,control,2021-03-16,0,False,
1515915625520917825,Lost,control,2021-03-14,0,False,
1515915625520921422,Lost,email_discount,2021-03-17,10,False,
1515915625520928140,Lost,push_cashback,2021-03-17,5,False,
1515915625520929239,Lost,email_discount,2021-03-03,10,False,
1515915625520935576,Lost,push_cashback,2021-03-06,5,False,
1515915625520938071,Lost,control,2021-03-23,0,False,
1515915625520940312,Lost,control,2021-03-13,0,False,
1515915625520942074,Lost,email_discount,2021-03-09,10,False,
1515915625520942171,Lost,email_discount,2021-03-21,10,True,175.56091111604704
1515915625520944943,Lost,push_cashback,2021-03-09,5,False,
1515915625520946912,Lost,push_cashback,2021-03-08,5,False,
1515915625520946932,Lost,email_discount,2021-03-17,10,False,
1515915625520947113,Lost,push_cashback,2021-03-16,5,False,
1515915625520947620,Lost,email_discount,2021-03-16,10,False,
1515915625520950006,Lost,push_cashback,2021-03-27,5,False,
1515915625520954121,Lost,email_discount,2021-03-28,10,True,231.48482355933754
1515915625520959644,Lost,email_discount,2021-03-19,10,False,
1515915625520964031,Lost,email_discount,2021-03-24,10,False,
1515915625520966260,Lost,push_cashback,2021-03-16,5,False,
1515915625520974618,Lost,push_cashback,2021-03-25,5,False,
1515915625520975628,Lost,push_cashback,2021-03-14,5,False,
1515915625520977306,Lost,email_discount,2021-03-20,10,False,
1515915625520989668,Lost,push_cashback,2021-03-14,5,False,
1515915625521000868,Lost,push_cashback,2021-03-14,5,True,109.95331934328263
1515915625521011332,Lost,email_discount,2021-03-14,10,False,
1515915625521020735,Lost,control,2021-03-12,0,False,
1515915625521021557,Lost,email_discount,2021-03-06,10,False,
1515915625521022597,Lost,push_cashback,2021-03-20,5,False,
1515915625521027516,Lost,email_discount,2021-03-13,10,False,
1515915625521028944,Lost,control,2021-03-16,0,False,
1515915625521030382,Lost,email_discount,2021-03-09,10,False,
1515915625521034518,Lost,push_cashback,2021-03-02,5,False,
1515915625521034885,Lost,control,2021-03-22,0,False,
1515915625521036317,Lost,push_cashback,2021-03-27,5,False,
1515915625521038403,Lost,control,2021-03-29,0,False,
1515915625521043469,Lost,control,2021-03-03,0,False,
1515915625521045311,Lost,email_discount,2021-03-10,10,False,
1515915625521045847,Lost,email_discount,2021-03-20,10,True,174.13610740167988
1515915625521046794,Lost,push_cashback,2021-03-02,5,False,
1515915625521049498,Lost,email_discount,2021-03-27,10,False,
1515915625521050952,Lost,email_discount,2021-03-24,10,False,
1515915625521055300,Lost,control,2021-03-10,0,False,
1515915625521058297,Lost,email_discount,2021-03-08,10,False,
1515915625521058333,Lost,control,2021-03-17,0,False,
1515915625521059186,Lost,control,2021-03-26,0,False,
1515915625521059823,Can't Lose Them,control,2021-03-22,0,False,
1515915625521062465,Lost,push_cashback,2021-03-01,5,False,
1515915625521066156,Lost,push_cashback,2021-03-06,5,False,
1515915625521068542,Lost,push_cashback,2021-03-07,5,False,
1515915625521075866,Lost,control,2021-03-15,0,False,
1515915625521076407,Lost,push_cashback,2021-03-18,5,False,
1515915625521077863,Lost,push_cashback,2021-03-09,5,False,
1515915625521081466,Lost,email_discount,2021-03-08,10,False,
1515915625521086565,Lost,push_cashback,2021-03-25,5,False,
1515915625521086795,Lost,push_cashback,2021-03-10,5,False,
1515915625521086929,Lost,control,2021-03-29,0,False,
1515915625521089578,Lost,control,2021-03-04,0,False,
1515915625521090126,Lost,control,2021-03-20,0,False,
1515915625521092478,Lost,control,2021-03-28,0,False,
1515915625521096929,Lost,control,2021-03-08,0,False,
1515915625521099135,Lost,control,2021-03-01,0,False,
1515915625521101345,Lost,push_cashback,2021-03-08,5,False,
1515915625521102740,Lost,control,2021-03-23,0,False,
1515915625521102968,Lost,control,2021-03-12,0,False,
1515915625521106676,Lost,email_discount,2021-03-23,10,False,
1515915625521107650,Lost,push_cashback,2021-03-25,5,False,
1515915625521110584,Lost,push_cashback,2021-03-15,5,False,
1515915625521122322,Lost,push_cashback,2021-03-13,5,False,
1515915625521123758,Lost,control,2021-03-16,0,False,
1515915625521126306,Lost,control,2021-03-26,0,False,
1515915625521126919,Lost,control,2021-03-23,0,False,
1515915625521139836,Can't Lose Them,email_discount,2021-03-18,10,True,227.43571588554818
1515915625521140032,Lost,control,2021-03-01,0,False,
1515915625521148902,Lost,email_discount,2021-03-17,10,False,
1515915625521149368,Lost,push_cashback,2021-03-16,5,True,166.11697770717905
1515915625521151051,Lost,control,2021-03-23,0,False,
1515915625521155151,Lost,email_discount,2021-03-05,10,True,151.0713551619316
1515915625521157156,Lost,email_discount,2021-03-20,10,False,
1515915625521158912,Lost,control,2021-03-21,0,False,
1515915625521162739,Lost,push_cashback,2021-03-10,5,False,
1515915625521165201,Lost,push_cashback,2021-03-26,5,False,
1515915625521168367,Lost,push_cashback,2021-03-06,5,True,217.39253340768497
1515915625521190800,Lost,email_discount,2021-03-12,10,False,
1515915625521191063,At Risk,email_discount,2021-03-10,10,False,
1515915625521192901,Lost,email_discount,2021-03-22,10,False,
1515915625521197993,Lost,email_discount,2021-03-17,10,False,
1515915625521211113,Lost,push_cashback,2021-03-02,5,False,
1515915625521241706,Lost,control,2021-03-19,0,False,
1515915625521242518,Lost,email_discount,2021-03-20,10,False,
1515915625521243344,Lost,email_discount,2021-03-06,10,False,
1515915625521243810,Lost,push_cashback,2021-03-28,5,False,
1515915625521249795,Lost,control,2021-03-28,0,False,
1515915625521256975,Lost,control,2021-03-27,0,False,
1515915625521256978,Lost,push_cashback,2021-03-13,5,False,
1515915625521263551,Lost,push_cashback,2021-03-09,5,False,
1515915625521264957,Lost,control,2021-03-12,0,False,
1515915625521279407,Lost,email_discount,2021-03-18,10,False,
1515915625521280982,Lost,control,2021-03-08,0,False,
1515915625521281502,Lost,push_cashback,2021-03-25,5,True,118.14342431624044
1515915625521283624,Lost,email_discount,2021-03-18,10,False,
1515915625521301606,Lost,email_discount,2021-03-25,10,True,184.0807965988845
1515915625521306057,Lost,push_cashback,2021-03-23,5,False,
1515915625521310116,Lost,push_cashback,2021-03-25,5,False,
1515915625521313013,Lost,push_cashback,2021-03-22,5,False,
1515915625521320618,Lost,control,2021-03-02,0,False,
1515915625521320735,Lost,control,2021-03-08,0,False,
1515915625521322323,Lost,email_discount,2021-03-10,10,False,
1515915625521323192,Lost,push_cashback,2021-03-09,5,False,
1515915625521324394,Lost,email_discount,2021-03-28,10,False,
1515915625521326560,Lost,email_discount,2021-03-24,10,False,
1515915625521340074,Lost,email_discount,2021-03-18,10,True,213.80768198971904
1515915625521343767,Lost,email_discount,2021-03-08,10,False,
1515915625521355068,Lost,push_cashback,2021-03-19,5,False,
1515915625521360711,Lost,email_discount,2021-03-03,10,False,
1515915625521362300,Lost,push_cashback,2021-03-09,5,False,
1515915625521372617,Lost,push_cashback,2021-03-13,5,False,
1515915625521374674,Lost,control,2021-03-09,0,True,263.01899385833536
1515915625521376437,Lost,push_cashback,2021-03-25,5,False,
1515915625521378164,Lost,control,2021-03-20,0,False,
1515915625521380382,Lost,push_cashback,2021-03-12,5,False,
1515915625521383057,Lost,push_cashback,2021-03-30,5,False,
1515915625521383933,Lost,push_cashback,2021-03-23,5,False,
1515915625521384102,Lost,control,2021-03-13,0,False,
1515915625521384941,Lost,control,2021-03-08,0,False,
1515915625521392861,Lost,email_discount,2021-03-15,10,False,
1515915625521394012,Can't Lose Them,control,2021-03-29,0,False,
1515915625521394717,Lost,control,2021-03-13,0,False,
1515915625521397372,Lost,control,2021-03-21,0,False,
1515915625521403644,Lost,control,2021-03-13,0,False,
1515915625521405265,Lost,email_discount,2021-03-17,10,False,
1515915625521410197,Lost,control,2021-03-15,0,True,155.74906510468034
1515915625521415915,Lost,push_cashback,2021-03-25,5,False,
1515915625521416351,Lost,push_cashback,2021-03-22,5,False,
1515915625521419210,Lost,control,2021-03-19,0,False,
1515915625521420941,Lost,control,2021-03-03,0,False,
1515915625521424575,Lost,push_cashback,2021-03-14,5,False,
1515915625521425355,Lost,push_cashback,2021-03-30,5,True,153.94194985360653
1515915625521427857,Can't Lose Them,email_discount,2021-03-10,10,True,164.98889899922864
1515915625521432080,Lost,push_cashback,2021-03-17,5,False,
1515915625521437928,Lost,push_cashback,2021-03-29,5,False,
1515915625521438670,Can't Lose Them,control,2021-03-08,0,False,
1515915625521439064,Lost,push_cashback,2021-03-18,5,False,
1515915625521439826,Lost,email_discount,2021-03-12,10,False,
1515915625521440471,Lost,push_cashback,2021-03-17,5,True,174.5388063565819
1515915625521442643,Lost,control,2021-03-23,0,False,
1515915625521443535,Lost,control,2021-03-30,0,False,
1515915625521444589,Lost,push_cashback,2021-03-11,5,False,
1515915625521466215,Lost,control,2021-03-09,0,False,
1515915625521469586,Lost,email_discount,2021-03-22,10,False,
1515915625521473924,Lost,email_discount,2021-03-24,10,False,
1515915625521474334,Lost,push_cashback,2021-03-24,5,False,
1515915625521474780,Lost,push_cashback,2021-03-25,5,False,
1515915625521475326,Lost,push_cashback,2021-03-23,5,False,
1515915625521479080,Lost,control,2021-03-25,0,False,
1515915625521479935,Lost,email_discount,2021-03-15,10,False,
1515915625521481186,Lost,email_discount,2021-03-09,10,False,
1515915625521483892,Lost,control,2021-03-12,0,False,
1515915625521484014,Lost,email_discount,2021-03-11,10,True,211.45677205990393
1515915625521484253,Lost,push_cashback,2021-03-17,5,False,
1515915625521484718,Lost,push_cashback,2021-03-06,5,True,208.73253514673274
1515915625521485529,Lost,push_cashback,2021-03-28,5,False,
1515915625521486132,Lost,email_discount,2021-03-08,10,False,
1515915625521489136,Lost,push_cashback,2021-03-10,5,False,
1515915625521489421,Lost,control,2021-03-25,0,False,
1515915625521489535,Lost,control,2021-03-15,0,False,
1515915625521489867,Lost,email_discount,2021-03-04,10,False,
1515915625521490751,Lost,control,2021-03-29,0,True,206.754006591194
1515915625521492808,Lost,control,2021-03-18,0,False,
1515915625521495666,Lost,email_discount,2021-03-11,10,False,
1515915625521500662,Lost,push_cashback,2021-03-09,5,False,
1515915625521500864,Lost,push_cashback,2021-03-09,5,False,
1515915625521501605,Lost,push_cashback,2021-03-28,5,False,
1515915625521512001,Lost,email_discount,2021-03-08,10,False,
1515915625521513870,Lost,control,2021-03-03,0,False,
1515915625521517438,Lost,push_cashback,2021-03-21,5,False,
1515915625521518226,Lost,push_cashback,2021-03-18,5,False,
1515915625521518861,Lost,email_discount,2021-03-14,10,False,
1515915625521519171,Lost,push_cashback,2021-03-03,5,False,
1515915625521525149,Can't Lose Them,email_discount,2021-03-17,10,True,162.61816326573702
1515915625521531734,Lost,control,2021-03-04,0,False,
1515915625521533048,Lost,email_discount,2021-03-21,10,False,
1515915625521536159,Lost,email_discount,2021-03-28,10,True,221.60169601832408
1515915625521539532,Lost,email_discount,2021-03-18,10,False,
1515915625521545524,Lost,email_discount,2021-03-15,10,False,
1515915625521550234,Lost,control,2021-03-19,0,False,
1515915625521550436,At Risk,control,2021-03-28,0,False,
1515915625521554317,Lost,push_cashback,2021-03-22,5,True,168.66182576178912
1515915625521555690,Lost,control,2021-03-06,0,False,
1515915625521559382,Lost,control,2021-03-15,0,False,
1515915625521564185,Lost,push_cashback,2021-03-07,5,False,
1515915625521564652,Lost,control,2021-03-12,0,False,
1515915625521564792,Lost,email_discount,2021-03-16,10,False,
1515915625521566098,At Risk,email_discount,2021-03-09,10,False,
1515915625521568577,Lost,push_cashback,2021-03-20,5,False,
1515915625521569032,Lost,push_cashback,2021-03-05,5,False,
1515915625521580265,Lost,push_cashback,2021-03-11,5,False,
1515915625521580771,Lost,email_discount,2021-03-02,10,False,
1515915625521585558,Lost,control,2021-03-22,0,False,
1515915625521585670,Lost,email_discount,2021-03-16,10,False,
1515915625521587756,Lost,push_cashback,2021-03-04,5,False,
1515915625521591198,Can't Lose Them,control,2021-03-05,0,False,
1515915625521591404,Lost,control,2021-03-07,0,False,
1515915625521591485,Lost,email_discount,2021-03-06,10,False,
1515915625521592186,Lost,push_cashback,2021-03-24,5,False,
1515915625521596595,Lost,email_discount,2021-03-22,10,True,218.5363502968192
1515915625521598706,Lost,control,2021-03-10,0,False,
1515915625521604690,Lost,email_discount,2021-03-14,10,False,
1515915625521604752,Lost,email_discount,2021-03-08,10,True,221.10653448031465
1515915625521611256,Lost,push_cashback,2021-03-29,5,False,
1515915625521613786,Lost,push_cashback,2021-03-14,5,False,
1515915625521626575,Lost,control,2021-03-14,0,False,
1515915625521635032,Lost,email_discount,2021-03-20,10,False,
1515915625521645843,Lost,email_discount,2021-03-28,10,False,
1515915625521650157,Lost,email_discount,2021-03-23,10,False,
1515915625521651563,Lost,control,2021-03-03,0,False,
1515915625521651918,Lost,control,2021-03-01,0,False,
1515915625521655036,Lost,push_cashback,2021-03-29,5,True,230.20502984039308
1515915625521661983,Lost,push_cashback,2021-03-09,5,False,
1515915625521665117,Lost,push_cashback,2021-03-09,5,False,
1515915625521670455,Lost,email_discount,2021-03-22,10,False,
1515915625521671654,Lost,email_discount,2021-03-02,10,True,169.04342153736584
1515915625521685583,Lost,push_cashback,2021-03-16,5,False,
1515915625521686852,Lost,email_discount,2021-03-08,10,False,
1515915625521692002,Lost,push_cashback,2021-03-26,5,False,
1515915625521692129,Lost,control,2021-03-06,0,False,
1515915625521692150,Lost,push_cashback,2021-03-23,5,False,
1515915625521692809,Lost,control,2021-03-13,0,False,
1515915625521695371,Lost,email_discount,2021-03-01,10,False,
1515915625521695676,Lost,push_cashback,2021-03-19,5,False,
1515915625521696571,Lost,email_discount,2021-03-15,10,True,160.4501328768401
1515915625521696634,Lost,control,2021-03-01,0,False,
1515915625521698451,Lost,control,2021-03-10,0,False,
1515915625521698694,Lost,control,2021-03-01,0,False,
1515915625521703973,Lost,email_discount,2021-03-28,10,False,
1515915625521710527,Lost,email_discount,2021-03-12,10,False,
1515915625521711181,Lost,email_discount,2021-03-11,10,False,
1515915625521721644,Lost,email_discount,2021-03-29,10,False,
1515915625521725068,Lost,control,2021-03-17,0,False,
1515915625521725391,Lost,control,2021-03-04,0,False,
1515915625521728574,Lost,push_cashback,2021-03-29,5,False,
1515915625521730087,Lost,push_cashback,2021-03-23,5,False,
1515915625521732696,Lost,email_discount,2021-03-07,10,False,
1515915625521736719,Lost,control,2021-03-12,0,False,
1515915625521737157,Lost,control,2021-03-13,0,False,
1515915625521737485,Lost,control,2021-03-05,0,False,
1515915625521738782,Lost,push_cashback,2021-03-28,5,False,
1515915625521738856,Lost,push_cashback,2021-03-06,5,True,182.88653652342882
1515915625521742269,Lost,control,2021-03-02,0,False,
1515915625521742896,Lost,control,2021-03-21,0,False,
1515915625521745364,Lost,control,2021-03-07,0,False,
1515915625521746426,Lost,push_cashback,2021-03-14,5,False,
1515915625521746568,Lost,control,2021-03-25,0,False,
1515915625521748210,Lost,control,2021-03-22,0,False,
1515915625521749225,Lost,email_discount,2021-03-28,10,True,238.2132612951641
1515915625521749824,Lost,email_discount,2021-03-14,10,False,
1515915625521750300,Lost,push_cashback,2021-03-10,5,False,
1515915625521752161,Lost,control,2021-03-04,0,False,
1515915625521754831,Lost,control,2021-03-03,0,False,
1515915625521756317,Lost,email_discount,2021-03-25,10,True,187.61287235109958
1515915625521762369,Lost,push_cashback,2021-03-23,5,False,
1515915625521762969,Lost,email_discount,2021-03-27,10,False,
1515915625521770673,Lost,email_discount,2021-03-14,10,False,
1515915625521776518,Lost,email_discount,2021-03-29,10,False,
1515915625521780547,Lost,email_discount,2021-03-06,10,False,
1515915625521782655,Lost,control,2021-03-23,0,False,
1515915625521783325,Lost,control,2021-03-15,0,False,
1515915625521786638,Lost,email_discount,2021-03-08,10,False,
1515915625521787901,Lost,push_cashback,2021-03-05,5,False,
1515915625521789232,Lost,push_cashback,2021-03-03,5,False,
1515915625521793537,Lost,push_cashback,2021-03-03,5,False,
1515915625521798702,Lost,push_cashback,2021-03-13,5,False,
1515915625521799306,Lost,email_discount,2021-03-02,10,True,241.14705313369186
1515915625521802457,Lost,control,2021-03-24,0,False,
1515915625521804101,Lost,push_cashback,2021-03-01,5,False,
1515915625521807789,Lost,email_discount,2021-03-12,10,False,
1515915625521810557,Lost,push_cashback,2021-03-08,5,False,
1515915625521811836,Lost,push_cashback,2021-03-19,5,False,
1515915625521813005,Lost,email_discount,2021-03-09,10,False,
1515915625521819163,At Risk,control,2021-03-28,0,False,
1515915625521819287,Lost,control,2021-03-14,0,False,
1515915625521823999,Lost,email_discount,2021-03-28,10,False,
1515915625521826552,Lost,control,2021-03-27,0,False,
1515915625521828858,Lost,email_discount,2021-03-18,10,False,
1515915625521831755,Can't Lose Them,email_discount,2021-03-10,10,True,216.05262529138997
1515915625521834377,Lost,email_discount,2021-03-09,10,False,
1515915625521838609,Lost,control,2021-03-06,0,False,
1515915625521838922,Lost,email_discount,2021-03-01,10,True,175.94530349485592
1515915625521842677,Lost,push_cashback,2021-03-05,5,False,
1515915625521845323,Lost,control,2021-03-10,0,False,
1515915625521848933,Can't Lose Them,control,2021-03-25,0,False,
1515915625521857775,Lost,control,2021-03-13,0,False,
1515915625521867109,Lost,control,2021-03-22,0,False,
1515915625521870161,Lost,push_cashback,2021-03-23,5,False,
1515915625521871430,Lost,control,2021-03-04,0,False,
1515915625521871882,Lost,control,2021-03-01,0,False,
1515915625521873736,Lost,email_discount,2021-03-21,10,False,
1515915625521876717,Lost,control,2021-03-02,0,False,
1515915625521877970,Lost,push_cashback,2021-03-24,5,False,
1515915625521880250,Lost,push_cashback,2021-03-04,5,False,
1515915625521883132,Lost,push_cashback,2021-03-17,5,False,
1515915625521884102,Lost,push_cashback,2021-03-10,5,False,
1515915625521887148,Lost,control,2021-03-23,0,False,
1515915625521888302,Lost,control,2021-03-12,0,False,
1515915625521890667,Lost,push_cashback,2021-03-27,5,False,
1515915625521891220,Lost,push_cashback,2021-03-02,5,False,
1515915625521892233,Lost,control,2021-03-03,0,False,
1515915625521893087,Lost,push_cashback,2021-03-14,5,True,187.53342012235623
1515915625521894772,Lost,email_discount,2021-03-25,10,True,165.43279439295185
1515915625521899862,Lost,push_cashback,2021-03-15,5,False,
1515915625521900058,Lost,push_cashback,2021-03-13,5,False,
1515915625521902173,Lost,email_discount,2021-03-09,10,False,
1515915625521921931,Lost,email_discount,2021-03-02,10,False,
1515915625521927999,Lost,control,2021-03-19,0,False,
1515915625521930871,Lost,control,2021-03-16,0,False,
1515915625521938945,Lost,email_discount,2021-03-11,10,False,
1515915625521940863,Lost,email_discount,2021-03-12,10,False,
1515915625521943153,Lost,control,2021-03-25,0,False,
1515915625521948067,Lost,push_cashback,2021-03-01,5,False,
1515915625521956911,Lost,email_discount,2021-03-02,10,True,195.73700329697454
1515915625521963716,Lost,control,2021-03-16,0,False,
1515915625521973135,Lost,push_cashback,2021-03-27,5,False,
1515915625521974731,Lost,email_discount,2021-03-02,10,False,
1515915625521975162,Can't Lose Them,push_cashback,2021-03-26,5,True,122.07363420675057
1515915625521977743,Lost,control,2021-03-30,0,False,
1515915625521978566,Lost,email_discount,2021-03-19,10,False,
1515915625521982819,Lost,push_cashback,2021-03-10,5,False,
1515915625521984756,Lost,email_discount,2021-03-19,10,False,
1515915625521986704,Lost,push_cashback,2021-03-10,5,False,
1515915625521987466,Lost,control,2021-03-16,0,False,
1515915625521987798,Lost,control,2021-03-13,0,False,
1515915625521987867,Lost,email_discount,2021-03-16,10,False,
1515915625521988540,Lost,push_cashback,2021-03-18,5,False,
1515915625521993801,Lost,email_discount,2021-03-24,10,False,
1515915625521995649,Lost,email_discount,2021-03-08,10,False,
1515915625521998098,Lost,push_cashback,2021-03-24,5,False,
1515915625522005987,Lost,push_cashback,2021-03-18,5,False,
1515915625522008456,Lost,push_cashback,2021-03-13,5,False,
1515915625522010178,Lost,control,2021-03-25,0,False,
1515915625522010742,Lost,email_discount,2021-03-27,10,False,
1515915625522011080,Lost,email_discount,2021-03-07,10,False,
1515915625522013453,Lost,control,2021-03-28,0,False,
1515915625522015639,Can't Lose Them,push_cashback,2021-03-21,5,False,
1515915625522019058,Lost,control,2021-03-23,0,False,
1515915625522019606,At Risk,control,2021-03-24,0,False,
1515915625522023442,Lost,control,2021-03-25,0,False,
1515915625522032006,Lost,email_discount,2021-03-18,10,False,
1515915625522035711,Lost,control,2021-03-06,0,False,
1515915625522038821,Lost,email_discount,2021-03-09,10,False,
1515915625522044685,Lost,email_discount,2021-03-29,10,False,
1515915625522046429,Lost,email_discount,2021-03-06,10,True,181.9329516304503
1515915625522050804,Lost,push_cashback,2021-03-18,5,False,
1515915625522056950,Lost,email_discount,2021-03-17,10,False,
1515915625522066159,Lost,email_discount,2021-03-12,10,False,
1515915625522068024,Lost,push_cashback,2021-03-03,5,False,
1515915625522068245,Lost,email_discount,2021-03-27,10,True,229.98601192754103
1515915625522072114,Lost,control,2021-03-05,0,False,
1515915625522073646,Lost,control,2021-03-07,0,False,
1515915625522079804,Lost,email_discount,2021-03-10,10,False,
1515915625522081838,Lost,push_cashback,2021-03-10,5,True,195.68587605742968
1515915625522084867,Lost,control,2021-03-19,0,False,
1515915625522085635,Lost,push_cashback,2021-03-25,5,True,189.83366992133352
1515915625522086869,Lost,push_cashback,2021-03-26,5,False,
1515915625522087978,Lost,control,2021-03-28,0,False,
1515915625522090941,Lost,push_cashback,2021-03-04,5,False,
1515915625522096756,Lost,control,2021-03-10,0,False,
1515915625522100512,Lost,push_cashback,2021-03-18,5,False,
1515915625522102354,Lost,control,2021-03-03,0,False,
1515915625522105081,Can't Lose Them,email_discount,2021-03-21,10,True,197.93658537566694
1515915625522105913,Lost,control,2021-03-03,0,False,
1515915625522109167,Lost,control,2021-03-05,0,False,
1515915625522112763,Lost,control,2021-03-16,0,True,181.71353408793738
1515915625522114610,Lost,control,2021-03-20,0,False,
1515915625522118598,Lost,push_cashback,2021-03-13,5,False,
1515915625522120986,At Risk,email_discount,2021-03-11,10,True,127.98243040707199
1515915625522125464,Lost,control,2021-03-26,0,False,
1515915625522126650,Lost,push_cashback,2021-03-13,5,False,
1515915625522127351,Lost,email_discount,2021-03-19,10,False,
1515915625522129864,Lost,email_discount,2021-03-28,10,False,
1515915625522132762,Lost,email_discount,2021-03-06,10,False,
1515915625522142585,Lost,email_discount,2021-03-24,10,False,
1515915625522147447,Lost,control,2021-03-13,0,False,
1515915625522149677,Lost,control,2021-03-28,0,False,
1515915625522153973,Lost,push_cashback,2021-03-04,5,False,
1515915625522165358,Lost,push_cashback,2021-03-25,5,False,
1515915625522181731,Lost,push_cashback,2021-03-22,5,False,
1515915625522182800,Lost,email_discount,2021-03-05,10,False,
1515915625522184198,Lost,email_discount,2021-03-19,10,True,175.72615821326283
1515915625522192477,Can't Lose Them,control,2021-03-05,0,True,182.66986291394664
1515915625522193011,Lost,email_discount,2021-03-21,10,False,
1515915625522196213,Lost,email_discount,2021-03-14,10,False,
1515915625522203400,Lost,email_discount,2021-03-28,10,False,
1515915625522203523,Lost,push_cashback,2021-03-28,5,False,
1515915625522203696,Lost,push_cashback,2021-03-04,5,False,
1515915625522204326,Lost,control,2021-03-12,0,False,
1515915625522204765,Lost,email_discount,2021-03-06,10,True,134.40184269168773
1515915625522207154,Lost,email_discount,2021-03-19,10,True,106.17098374445527
1515915625522209114,Lost,control,2021-03-10,0,False,
1515915625522209739,Lost,email_discount,2021-03-01,10,False,
1515915625522215915,Lost,email_discount,2021-03-23,10,False,
1515915625522218363,Lost,push_cashback,2021-03-23,5,False,
1515915625522218989,Lost,control,2021-03-28,0,False,
1515915625522224980,Lost,control,2021-03-16,0,False,
1515915625522228865,Lost,control,2021-03-04,0,False,
1515915625522230060,Lost,control,2021-03-09,0,False,
1515915625522230299,Lost,push_cashback,2021-03-28,5,False,
1515915625522231267,Lost,push_cashback,2021-03-18,5,False,
1515915625522232054,Lost,email_discount,2021-03-29,10,True,235.79747361245512
1515915625522233935,Lost,email_discount,2021-03-17,10,False,
1515915625522234706,Lost,email_discount,2021-03-15,10,False,
1515915625522235647,Lost,email_discount,2021-03-19,10,False,
1515915625522239173,Lost,push_cashback,2021-03-07,5,False,
1515915625522240817,Lost,control,2021-03-25,0,False,
1515915625522244041,Lost,push_cashback,2021-03-18,5,True,167.03354106439357
1515915625522248858,Lost,email_discount,2021-03-06,10,False,
1515915625522249658,Lost,push_cashback,2021-03-19,5,False,
1515915625522251813,Lost,control,2021-03-21,0,False,
1515915625522252152,Lost,control,2021-03-12,0,False,
1515915625522252711,Lost,push_cashback,2021-03-25,5,False,
1515915625522253494,Lost,push_cashback,2021-03-03,5,False,
1515915625522253613,Lost,push_cashback,2021-03-01,5,False,
1515915625522260149,Lost,email_discount,2021-03-05,10,False,
1515915625522261053,Lost,push_cashback,2021-03-01,5,False,
1515915625522261606,Lost,push_cashback,2021-03-08,5,False,
1515915625522278590,Lost,push_cashback,2021-03-07,5,False,
1515915625522279874,Lost,control,2021-03-15,0,False,
1515915625522281792,Lost,control,2021-03-11,0,False,
1515915625522282550,Lost,email_discount,2021-03-18,10,False,
1515915625522285098,Lost,email_discount,2021-03-14,10,False,
1515915625522291103,Lost,control,2021-03-27,0,False,
1515915625522291912,Lost,control,2021-03-09,0,False,
1515915625522293084,Lost,control,2021-03-05,0,False,
1515915625522293142,Lost,push_cashback,2021-03-23,5,True,173.3991712303113
1515915625522293916,Lost,push_cashback,2021-03-04,5,False,
1515915625522293941,Lost,control,2021-03-12,0,False,
1515915625522294963,Lost,push_cashback,2021-03-29,5,True,187.2250729117949
1515915625522295955,Lost,push_cashback,2021-03-01,5,False,
1515915625522297596,Can't Lose Them,email_discount,2021-03-30,10,False,
1515915625522299341,Lost,control,2021-03-24,0,False,
1515915625522301929,Lost,control,2021-03-13,0,False,
1515915625522306935,Can't Lose Them,push_cashback,2021-03-01,5,False,
1515915625522308060,Lost,control,2021-03-03,0,False,
1515915625522310080,Lost,email_discount,2021-03-22,10,False,
1515915625522313574,Lost,email_discount,2021-03-08,10,False,
1515915625522314609,Lost,email_discount,2021-03-24,10,False,
1515915625522316857,Lost,control,2021-03-18,0,False,
1515915625522317584,At Risk,control,2021-03-25,0,True,133.7489880796329
1515915625522321925,Lost,control,2021-03-16,0,False,
1515915625522324063,Lost,control,2021-03-20,0,False,
1515915625522328103,At Risk,control,2021-03-20,0,False,
1515915625522331370,Lost,email_discount,2021-03-30,10,False,
1515915625522334797,Lost,push_cashback,2021-03-16,5,False,
1515915625522338816,Lost,email_discount,2021-03-02,10,False,
1515915625522353198,Lost,control,2021-03-17,0,False,
1515915625522354174,Lost,email_discount,2021-03-10,10,False,
1515915625522355283,Lost,control,2021-03-07,0,False,
1515915625522355295,Lost,control,2021-03-27,0,False,
1515915625522357966,Lost,email_discount,2021-03-10,10,False,
1515915625522360050,Lost,control,2021-03-19,0,False,
1515915625522360064,Lost,push_cashback,2021-03-20,5,False,
1515915625522360901,Lost,control,2021-03-27,0,False,
1515915625522361327,Lost,push_cashback,2021-03-09,5,False,
1515915625522367730,Lost,push_cashback,2021-03-22,5,False,
1515915625522372053,Lost,control,2021-03-30,0,False,
1515915625522373038,Lost,email_discount,2021-03-17,10,False,
1515915625522379819,Lost,push_cashback,2021-03-09,5,True,148.86016823749486
1515915625522381171,Lost,email_discount,2021-03-09,10,False,
1515915625522383081,Lost,push_cashback,2021-03-05,5,False,
1515915625522383398,Lost,control,2021-03-24,0,False,
1515915625522384689,Lost,control,2021-03-07,0,False,
1515915625522385746,Lost,push_cashback,2021-03-11,5,False,
1515915625522393762,Lost,control,2021-03-08,0,False,
1515915625522396427,Lost,push_cashback,2021-03-25,5,False,
1515915625522397297,Lost,control,2021-03-14,0,False,
1515915625522397973,Lost,email_discount,2021-03-02,10,False,
1515915625522398650,Lost,control,2021-03-10,0,False,
1515915625522405050,Lost,email_discount,2021-03-21,10,True,252.68304220340892
1515915625522405836,Lost,control,2021-03-24,0,False,
1515915625522406892,Lost,email_discount,2021-03-16,10,False,
1515915625522410803,Can't Lose Them,control,2021-03-16,0,False,
1515915625522412478,Lost,email_discount,2021-03-19,10,False,
1515915625522415374,Lost,push_cashback,2021-03-27,5,False,
1515915625522415662,Lost,push_cashback,2021-03-11,5,False,
1515915625522415684,Lost,email_discount,2021-03-06,10,True,163.010507152472
1515915625522415770,Lost,control,2021-03-06,0,False,
1515915625522419788,Lost,email_discount,2021-03-07,10,False,
1515915625522423026,Lost,control,2021-03-16,0,False,
1515915625522423167,Lost,push_cashback,2021-03-13,5,False,
1515915625522436563,Lost,control,2021-03-27,0,True,163.83407759123193
1515915625522441516,Lost,push_cashback,2021-03-03,5,False,
1515915625522442027,Lost,control,2021-03-24,0,False,
1515915625522446300,Lost,control,2021-03-24,0,False,
1515915625522448762,Lost,control,2021-03-09,0,False,
1515915625522458771,Lost,email_discount,2021-03-24,10,False,
1515915625522459230,Lost,email_discount,2021-03-03,10,True,154.87303257490186
1515915625522463421,Lost,push_cashback,2021-03-06,5,False,
1515915625522466941,Lost,push_cashback,2021-03-25,5,False,
1515915625522467359,Lost,email_discount,2021-03-17,10,True,151.66155980837027
1515915625522469801,Lost,push_cashback,2021-03-03,5,False,
1515915625522470744,Lost,email_discount,2021-03-02,10,False,
1515915625522473137,Lost,control,2021-03-12,0,False,
1515915625522473380,Lost,push_cashback,2021-03-24,5,False,
1515915625522475989,Lost,push_cashback,2021-03-06,5,False,
1515915625522477223,Lost,email_discount,2021-03-10,10,False,
1515915625522477238,Lost,push_cashback,2021-03-11,5,False,
1515915625522477541,Lost,push_cashback,2021-03-16,5,True,209.21925409368458
1515915625522482551,Lost,control,2021-03-27,0,False,
1515915625522484616,Lost,push_cashback,2021-03-16,5,False,
1515915625522484629,At Risk,control,2021-03-24,0,False,
1515915625522484824,Lost,email_discount,2021-03-18,10,False,
1515915625522485375,Lost,push_cashback,2021-03-27,5,False,
1515915625522487803,Lost,control,2021-03-22,0,False,
1515915625522487901,Lost,email_discount,2021-03-23,10,False,
1515915625522489222,Lost,push_cashback,2021-03-24,5,False,
1515915625522489495,Lost,email_discount,2021-03-09,10,False,
1515915625522490796,Lost,push_cashback,2021-03-21,5,False,
1515915625522492000,Lost,email_discount,2021-03-27,10,False,
1515915625522493517,Lost,email_discount,2021-03-19,10,False,
1515915625522493897,Lost,control,2021-03-02,0,False,
1515915625522494778,Lost,email_discount,2021-03-24,10,False,
1515915625522496326,Lost,push_cashback,2021-03-01,5,False,
1515915625522497272,Lost,push_cashback,2021-03-26,5,False,
1515915625522502966,Lost,control,2021-03-16,0,False,
1515915625522507307,Lost,push_cashback,2021-03-22,5,False,
1515915625522511865,Lost,push_cashback,2021-03-18,5,False,
1515915625522514678,Lost,push_cashback,2021-03-03,5,False,
1515915625522516345,Lost,email_discount,2021-03-24,10,False,
1515915625522519352,Lost,email_discount,2021-03-01,10,False,
1515915625522519694,Lost,push_cashback,2021-03-06,5,False,
1515915625522521751,Can't Lose Them,control,2021-03-19,0,False,
1515915625522521916,Lost,email_discount,2021-03-22,10,False,
1515915625522522111,Can't Lose Them,control,2021-03-19,0,True,70.97937464673907
1515915625522525961,Lost,push_cashback,2021-03-11,5,False,
1515915625522527279,Lost,push_cashback,2021-03-27,5,False,
1515915625522528480,Lost,email_discount,2021-03-08,10,False,
1515915625522529381,Lost,push_cashback,2021-03-05,5,False,
1515915625522530994,Lost,email_discount,2021-03-20,10,True,164.4343781066511
1515915625522533038,Lost,push_cashback,2021-03-09,5,False,
1515915625522535688,Lost,push_cashback,2021-03-15,5,False,
1515915625522535708,Lost,email_discount,2021-03-21,10,True,195.14345641834967
1515915625522545734,Lost,email_discount,2021-03-28,10,False,
1515915625522546095,Lost,email_discount,2021-03-14,10,False,
1515915625522550115,Lost,push_cashback,2021-03-04,5,False,
1515915625522550192,Lost,push_cashback,2021-03-24,5,False,
1515915625522556947,Lost,control,2021-03-24,0,False,
1515915625522558568,Lost,email_discount,2021-03-08,10,False,
1515915625522559239,Lost,push_cashback,2021-03-20,5,False,
1515915625522559615,Lost,push_cashback,2021-03-29,5,False,
1515915625522564795,Lost,email_discount,2021-03-17,10,False,
1515915625522567502,Lost,control,2021-03-02,0,False,
1515915625522568906,Lost,email_discount,2021-03-20,10,False,
1515915625522571881,Lost,control,2021-03-16,0,False,
1515915625522573514,Lost,push_cashback,2021-03-10,5,False,
1515915625522576941,Lost,control,2021-03-02,0,False,
1515915625522577172,Lost,push_cashback,2021-03-11,5,False,
1515915625522583111,Lost,email_discount,2021-03-10,10,True,261.35559944331294
1515915625522585222,Lost,email_discount,2021-03-30,10,False,
1515915625522586313,Lost,email_discount,2021-03-30,10,False,
1515915625522586325,Lost,control,2021-03-19,0,False,
1515915625522591689,Lost,push_cashback,2021-03-25,5,True,119.5909857644623
1515915625522593193,Lost,email_discount,2021-03-25,10,False,
1515915625522598495,Lost,email_discount,2021-03-14,10,False,
1515915625522600233,Lost,push_cashback,2021-03-11,5,False,
1515915625522600400,Lost,email_discount,2021-03-09,10,False,
1515915625522601149,Lost,push_cashback,2021-03-07,5,False,
1515915625522601634,Lost,push_cashback,2021-03-15,5,True,112.77314611855033
1515915625522602712,Lost,push_cashback,2021-03-20,5,False,
1515915625522613032,Lost,push_cashback,2021-03-17,5,False,
1515915625522613956,Lost,push_cashback,2021-03-03,5,False,
1515915625522614885,Lost,control,2021-03-15,0,False,
1515915625522615573,Lost,email_discount,2021-03-14,10,False,
1515915625522616669,Lost,control,2021-03-08,0,False,
1515915625522617711,Lost,email_discount,2021-03-04,10,False,
1515915625522618779,Lost,control,2021-03-26,0,False,
1515915625522620655,Lost,push_cashback,2021-03-10,5,False,
1515915625522624773,Lost,email_discount,2021-03-02,10,False,
1515915625522627358,Can't Lose Them,email_discount,2021-03-14,10,False,
1515915625522627791,Lost,control,2021-03-08,0,False,
1515915625522632481,Lost,control,2021-03-23,0,False,
1515915625522637022,Lost,email_discount,2021-03-27,10,False,
1515915625522637370,Lost,control,2021-03-10,0,False,
1515915625522642644,Lost,control,2021-03-25,0,False,
1515915625522645532,Lost,control,2021-03-18,0,False,
1515915625522647341,Lost,push_cashback,2021-03-15,5,True,130.5959871468774
1515915625522647381,Lost,push_cashback,2021-03-05,5,False,
1515915625522658542,Lost,control,2021-03-22,0,False,
1515915625522659765,Lost,control,2021-03-13,0,False,
1515915625522660708,Lost,push_cashback,2021-03-18,5,True,193.06821587158205
1515915625522661245,Lost,push_cashback,2021-03-02,5,False,
1515915625522666969,Lost,email_discount,2021-03-13,10,False,
1515915625522667336,Lost,email_discount,2021-03-30,10,False,
1515915625522669887,Lost,push_cashback,2021-03-14,5,False,
1515915625522672366,Lost,control,2021-03-10,0,False,
1515915625522675750,Lost,control,2021-03-30,0,False,
1515915625522677365,Lost,control,2021-03-04,0,False,
1515915625522682485,Lost,control,2021-03-15,0,False,
1515915625522688056,Lost,email_discount,2021-03-08,10,False,
1515915625522701852,Lost,push_cashback,2021-03-15,5,False,
1515915625522708203,Can't Lose Them,control,2021-03-14,0,False,
1515915625522717886,Lost,email_discount,2021-03-29,10,True,190.63784584754106
1515915625522719840,Lost,control,2021-03-27,0,False,
1515915625522725858,Lost,push_cashback,2021-03-21,5,False,
1515915625522726232,Lost,email_discount,2021-03-09,10,False,
1515915625522727360,Lost,push_cashback,2021-03-20,5,False,
1515915625522731084,Lost,push_cashback,2021-03-03,5,False,
1515915625522755221,Can't Lose Them,email_discount,2021-03-26,10,False,
1515915625522756356,Lost,email_discount,2021-03-15,10,True,120.08139480440687
1515915625522757173,Lost,email_discount,2021-03-24,10,False,
1515915625522759851,Lost,email_discount,2021-03-17,10,False,
1515915625522772544,Lost,email_discount,2021-03-25,10,False,
1515915625522779180,Can't Lose Them,email_discount,2021-03-16,10,False,
1515915625522788070,At Risk,email_discount,2021-03-04,10,False,
1515915625522796311,Lost,control,2021-03-11,0,False,
1515915625522797517,Lost,push_cashback,2021-03-25,5,True,168.98230390399868
1515915625522803008,Lost,email_discount,2021-03-08,10,False,
1515915625522804956,Lost,control,2021-03-03,0,False,
1515915625522807983,Lost,control,2021-03-19,0,False,
1515915625522812057,Lost,control,2021-03-14,0,False,
1515915625522812732,Lost,push_cashback,2021-03-09,5,False,
1515915625522814652,Lost,email_discount,2021-03-03,10,False,
1515915625522815066,Lost,control,2021-03-04,0,False,
1515915625522824890,Lost,push_cashback,2021-03-25,5,False,
1515915625522826106,Can't Lose Them,push_cashback,2021-03-28,5,False,
1515915625522827730,Lost,push_cashback,2021-03-04,5,True,227.05751063557156
1515915625522829624,Lost,control,2021-03-11,0,False,
1515915625522830713,Lost,email_discount,2021-03-19,10,False,
1515915625522831656,Lost,control,2021-03-30,0,False,
1515915625522831944,Lost,control,2021-03-16,0,False,
1515915625522832911,At Risk,email_discount,2021-03-23,10,False,
1515915625522834389,Lost,email_discount,2021-03-22,10,False,
1515915625522836168,Lost,email_discount,2021-03-17,10,False,
1515915625522839138,Lost,push_cashback,2021-03-30,5,False,
1515915625522841159,Lost,email_discount,2021-03-10,10,False,
1515915625522851670,Lost,control,2021-03-24,0,False,
1515915625522852197,Lost,email_discount,2021-03-17,10,True,196.9016180482911
1515915625522853199,Lost,control,2021-03-16,0,False,
1515915625522853538,Lost,push_cashback,2021-03-20,5,False,
1515915625522863968,Lost,control,2021-03-22,0,False,
1515915625522870550,Lost,control,2021-03-06,0,False,
1515915625522874617,Lost,email_discount,2021-03-07,10,False,
1515915625522878582,Lost,email_discount,2021-03-14,10,False,
1515915625522885465,Can't Lose Them,control,2021-03-11,0,True,181.91143140640315
1515915625522887421,Lost,email_discount,2021-03-12,10,False,
1515915625522890209,Lost,push_cashback,2021-03-14,5,False,
1515915625522891758,Lost,push_cashback,2021-03-05,5,False,
1515915625522892616,Lost,email_discount,2021-03-05,10,False,
1515915625522892923,Lost,push_cashback,2021-03-20,5,False,
1515915625522893003,Lost,email_discount,2021-03-22,10,False,
1515915625522909977,Lost,control,2021-03-23,0,False,
1515915625522910615,At Risk,control,2021-03-26,0,False,
1515915625522911061,Lost,push_cashback,2021-03-15,5,False,
1515915625522912018,Lost,email_discount,2021-03-26,10,True,195.11339538119785
1515915625522913110,Lost,email_discount,2021-03-01,10,False,
1515915625522914814,At Risk,push_cashback,2021-03-25,5,False,
1515915625522915522,Can't Lose Them,control,2021-03-30,0,False,
1515915625522916766,Lost,push_cashback,2021-03-24,5,False,
1515915625522921293,Lost,control,2021-03-23,0,False,
1515915625522923221,Lost,email_discount,2021-03-09,10,False,
1515915625522923796,Lost,control,2021-03-03,0,False,
1515915625522923885,Lost,push_cashback,2021-03-26,5,False,
1515915625522935005,Lost,email_discount,2021-03-04,10,True,203.65262242532899
1515915625522939439,Lost,push_cashback,2021-03-16,5,False,
1515915625522940514,Lost,push_cashback,2021-03-07,5,False,
1515915625522955204,Lost,control,2021-03-22,0,False,
1515915625522960610,Lost,push_cashback,2021-03-14,5,False,
1515915625522963185,Lost,control,2021-03-16,0,False,
1515915625522963391,Lost,email_discount,2021-03-29,10,False,
1515915625522964723,Lost,control,2021-03-18,0,False,
1515915625522966037,Lost,email_discount,2021-03-16,10,False,
1515915625522967433,Lost,control,2021-03-16,0,False,
1515915625522974526,Lost,push_cashback,2021-03-02,5,False,
1515915625522979742,Lost,control,2021-03-10,0,False,
1515915625522980131,Lost,control,2021-03-07,0,False,
1515915625522980367,Lost,email_discount,2021-03-25,10,False,
1515915625522981774,Lost,push_cashback,2021-03-27,5,False,
1515915625522981960,Lost,control,2021-03-15,0,False,
1515915625522984706,Lost,push_cashback,2021-03-28,5,False,
1515915625522985740,Lost,control,2021-03-09,0,False,
1515915625522990245,Lost,control,2021-03-07,0,False,
1515915625522991213,Can't Lose Them,push_cashback,2021-03-27,5,False,
1515915625522998185,Lost,control,2021-03-24,0,False,
1515915625522999100,Lost,push_cashback,2021-03-16,5,True,114.31593754392647
1515915625523003958,Lost,control,2021-03-26,0,False,
1515915625523006148,Lost,email_discount,2021-03-03,10,False,
1515915625523009970,Lost,push_cashback,2021-03-17,5,False,
1515915625523012187,Lost,control,2021-03-23,0,False,
1515915625523022868,Lost,control,2021-03-08,0,False,
1515915625523030307,Lost,email_discount,2021-03-02,10,False,
1515915625523034095,Can't Lose Them,push_cashback,2021-03-25,5,False,
1515915625523034841,Lost,control,2021-03-20,0,False,
1515915625523038741,Lost,email_discount,2021-03-26,10,False,
1515915625523042963,Lost,control,2021-03-27,0,False,
1515915625523057572,Lost,push_cashback,2021-03-25,5,False,
1515915625523077177,Can't Lose Them,control,2021-03-29,0,False,
1515915625523077324,Lost,control,2021-03-03,0,False,
1515915625523084304,Lost,control,2021-03-08,0,False,
1515915625523095285,Lost,control,2021-03-27,0,False,
1515915625523102527,Lost,email_discount,2021-03-02,10,False,
1515915625523104662,Lost,email_discount,2021-03-30,10,True,174.56341990488698
1515915625523108778,Lost,push_cashback,2021-03-19,5,False,
1515915625523112442,Lost,email_discount,2021-03-17,10,True,176.91097401156168
1515915625523114779,Lost,email_discount,2021-03-05,10,False,
1515915625523115491,Lost,push_cashback,2021-03-20,5,False,
1515915625523115980,Lost,email_discount,2021-03-29,10,False,
1515915625523116684,Lost,email_discount,2021-03-17,10,False,
1515915625523117207,Lost,push_cashback,2021-03-10,5,False,
1515915625523121464,Lost,push_cashback,2021-03-09,5,False,
1515915625523126547,Lost,push_cashback,2021-03-22,5,True,145.66123920089998
1515915625523129714,Lost,control,2021-03-06,0,False,
1515915625523131713,Lost,control,2021-03-30,0,False,
1515915625523132487,Lost,push_cashback,2021-03-11,5,False,
1515915625523135645,Lost,push_cashback,2021-03-02,5,False,
1515915625523136096,Lost,push_cashback,2021-03-30,5,False,
1515915625523139862,Lost,control,2021-03-23,0,False,
1515915625523141564,Lost,control,2021-03-12,0,False,
1515915625523144054,Lost,email_discount,2021-03-12,10,False,
1515915625523145155,Lost,email_discount,2021-03-16,10,False,
1515915625523149796,Lost,push_cashback,2021-03-25,5,False,
1515915625523150336,Lost,control,2021-03-22,0,False,
1515915625523150351,Lost,control,2021-03-27,0,True,203.81710756850256
1515915625523155078,Lost,control,2021-03-24,0,False,
1515915625523155499,Lost,push_cashback,2021-03-12,5,False,
1515915625523157060,Lost,email_discount,2021-03-21,10,False,
1515915625523157751,Lost,push_cashback,2021-03-18,5,True,139.64026146973941
1515915625523159181,Lost,email_discount,2021-03-13,10,True,168.8014210359144
1515915625523161089,Lost,email_discount,2021-03-15,10,False,
1515915625523161539,Lost,push_cashback,2021-03-16,5,False,
1515915625523167501,At Risk,email_discount,2021-03-04,10,True,128.29222937056133
1515915625523168911,Lost,email_discount,2021-03-12,10,False,
1515915625523168943,Lost,control,2021-03-17,0,False,
1515915625523173064,Lost,email_discount,2021-03-01,10,False,
1515915625523176558,Lost,push_cashback,2021-03-22,5,True,180.13242238563436
1515915625523184682,Lost,push_cashback,2021-03-18,5,False,
1515915625523186951,Lost,email_discount,2021-03-22,10,False,
1515915625523187472,Lost,control,2021-03-16,0,True,214.5599243939629
1515915625523192600,Lost,control,2021-03-01,0,False,
1515915625523194252,Lost,email_discount,2021-03-27,10,False,
1515915625523195810,Lost,email_discount,2021-03-10,10,False,
1515915625523197734,Lost,push_cashback,2021-03-19,5,False,
1515915625523200194,Lost,email_discount,2021-03-16,10,True,168.75407670789713
1515915625523209780,Lost,control,2021-03-14,0,True,208.91039724746395
1515915625523212211,Can't Lose Them,email_discount,2021-03-25,10,False,
1515915625523221319,Lost,push_cashback,2021-03-02,5,False,
1515915625523221934,Lost,push_cashback,2021-03-24,5,False,
1515915625523223177,At Risk,push_cashback,2021-03-06,5,False,
1515915625523224595,Lost,push_cashback,2021-03-28,5,False,
1515915625523224691,Lost,push_cashback,2021-03-22,5,False,
1515915625523227980,Lost,email_discount,2021-03-23,10,False,
1515915625523230786,Lost,email_discount,2021-03-05,10,False,
1515915625523233770,Lost,email_discount,2021-03-12,10,False,
1515915625523236615,Lost,email_discount,2021-03-27,10,False,
1515915625523236759,Lost,push_cashback,2021-03-04,5,True,159.12172898251217
1515915625523238603,Lost,control,2021-03-22,0,False,
1515915625523244073,Lost,email_discount,2021-03-24,10,False,
1515915625523248277,Lost,control,2021-03-04,0,False,
1515915625523249636,Lost,email_discount,2021-03-05,10,True,71.26477834740469
1515915625523250254,Lost,email_discount,2021-03-07,10,False,
1515915625523253948,Lost,control,2021-03-06,0,False,
1515915625523256726,Lost,push_cashback,2021-03-13,5,False,
1515915625523259748,Lost,email_discount,2021-03-04,10,False,
1515915625523260221,Lost,email_discount,2021-03-13,10,True,182.6818099382987
1515915625523261282,Lost,email_discount,2021-03-04,10,False,
1515915625523261926,Lost,control,2021-03-10,0,False,
1515915625523263589,Lost,push_cashback,2021-03-20,5,False,
1515915625523263740,Lost,control,2021-03-01,0,False,
1515915625523265741,Lost,control,2021-03-21,0,False,
1515915625523269579,Lost,push_cashback,2021-03-08,5,False,
1515915625523273021,Lost,control,2021-03-07,0,False,
1515915625523279957,Lost,push_cashback,2021-03-05,5,False,
1515915625523280270,Lost,email_discount,2021-03-03,10,False,
1515915625523284508,Lost,push_cashback,2021-03-15,5,False,
1515915625523286542,Lost,email_discount,2021-03-27,10,False,
1515915625523291148,Lost,control,2021-03-17,0,False,
1515915625523298072,Lost,control,2021-03-29,0,False,
1515915625523298533,Lost,email_discount,2021-03-23,10,False,
1515915625523300073,Lost,control,2021-03-13,0,False,
1515915625523300510,Lost,push_cashback,2021-03-15,5,False,
1515915625523302162,Lost,email_discount,2021-03-27,10,False,
1515915625523304098,Lost,control,2021-03-19,0,False,
1515915625523320990,Lost,email_discount,2021-03-20,10,False,
1515915625523325944,Lost,push_cashback,2021-03-14,5,False,
1515915625523326297,Lost,push_cashback,2021-03-21,5,False,
1515915625523331417,Lost,control,2021-03-13,0,False,
1515915625523332501,Lost,push_cashback,2021-03-12,5,False,
1515915625523339343,Lost,email_discount,2021-03-24,10,False,
1515915625523348189,Lost,push_cashback,2021-03-29,5,True,157.97715163263828
1515915625523354124,Lost,email_discount,2021-03-23,10,False,
1515915625523366412,Lost,email_discount,2021-03-09,10,False,
1515915625523366867,Lost,push_cashback,2021-03-27,5,False,
1515915625523368991,Lost,control,2021-03-03,0,False,
1515915625523375916,Lost,push_cashback,2021-03-30,5,False,
1515915625523380302,Lost,email_discount,2021-03-11,10,False,
1515915625523380388,Lost,email_discount,2021-03-10,10,False,
1515915625523380902,Lost,push_cashback,2021-03-01,5,False,
1515915625523383364,Lost,control,2021-03-17,0,False,
1515915625523387398,Lost,control,2021-03-28,0,False,
1515915625523392858,Lost,email_discount,2021-03-26,10,False,
1515915625523394329,Lost,email_discount,2021-03-13,10,False,
1515915625523403114,Lost,control,2021-03-14,0,False,
1515915625523403159,Lost,push_cashback,2021-03-01,5,True,169.11982399046724
1515915625523403494,Lost,email_discount,2021-03-02,10,False,
1515915625523417688,Lost,email_discount,2021-03-02,10,False,
1515915625523417730,Lost,control,2021-03-07,0,False,
1515915625523420315,Lost,push_cashback,2021-03-09,5,False,
1515915625523424272,Lost,control,2021-03-24,0,False,
1515915625523425002,Lost,push_cashback,2021-03-04,5,False,
1515915625523425336,Lost,push_cashback,2021-03-02,5,False,
1515915625523435922,Lost,push_cashback,2021-03-19,5,False,
1515915625523437147,Lost,email_discount,2021-03-26,10,True,196.39334458132663
1515915625523437372,Lost,control,2021-03-05,0,False,
1515915625523440447,Lost,control,2021-03-09,0,False,
1515915625523441716,Lost,push_cashback,2021-03-24,5,False,
1515915625523458200,Lost,email_discount,2021-03-13,10,False,
1515915625523464050,Lost,email_discount,2021-03-12,10,False,
1515915625523465072,Lost,control,2021-03-30,0,False,
1515915625523469038,Lost,email_discount,2021-03-19,10,False,
1515915625523469320,Lost,email_discount,2021-03-09,10,False,
1515915625523474560,Lost,push_cashback,2021-03-10,5,False,
1515915625523476985,Lost,email_discount,2021-03-19,10,False,
1515915625523478580,Lost,push_cashback,2021-03-10,5,False,
1515915625523481617,Lost,control,2021-03-12,0,False,
1515915625523488344,Lost,email_discount,2021-03-14,10,False,
1515915625523491639,Lost,control,2021-03-08,0,False,
1515915625523498349,Lost,control,2021-03-16,0,False,
1515915625523501544,Lost,email_discount,2021-03-17,10,False,
1515915625523505370,Lost,email_discount,2021-03-20,10,False,
1515915625523505830,Can't Lose Them,control,2021-03-04,0,False,
1515915625523508718,Lost,email_discount,2021-03-06,10,True,154.22353135927364
1515915625523526426,Lost,push_cashback,2021-03-12,5,False,
1515915625523528469,Lost,push_cashback,2021-03-28,5,False,
1515915625523529348,Lost,email_discount,2021-03-18,10,True,251.20917399919753
1515915625523530840,Lost,control,2021-03-07,0,False,
1515915625523533020,Lost,email_discount,2021-03-05,10,False,
1515915625523540302,Lost,email_discount,2021-03-10,10,False,
1515915625523540488,Lost,control,2021-03-06,0,False,
1515915625523550269,Lost,control,2021-03-27,0,False,
1515915625523550681,Lost,push_cashback,2021-03-14,5,False,
1515915625523555952,Can't Lose Them,control,2021-03-06,0,False,
1515915625523560370,Lost,push_cashback,2021-03-30,5,False,
1515915625523574984,Lost,control,2021-03-14,0,False,
1515915625523578720,Lost,email_discount,2021-03-12,10,False,
1515915625523582165,Lost,push_cashback,2021-03-30,5,False,
1515915625523585535,Lost,push_cashback,2021-03-27,5,False,
1515915625523589164,Lost,push_cashback,2021-03-22,5,False,
1515915625523589942,Lost,email_discount,2021-03-26,10,False,
1515915625523591759,Lost,email_discount,2021-03-12,10,True,182.02273007874876
1515915625523608198,Lost,email_discount,2021-03-08,10,False,
1515915625523609747,Lost,email_discount,2021-03-10,10,False,
1515915625523610572,Lost,email_discount,2021-03-16,10,True,176.01513466161128
1515915625523613312,Lost,push_cashback,2021-03-20,5,False,
1515915625523614804,Lost,email_discount,2021-03-26,10,False,
1515915625523614921,Lost,push_cashback,2021-03-08,5,False,
1515915625523622482,Lost,email_discount,2021-03-09,10,False,
1515915625523637184,Lost,control,2021-03-13,0,False,
1515915625523652903,Lost,push_cashback,2021-03-29,5,False,
1515915625523652965,Lost,control,2021-03-20,0,False,
1515915625523655324,Lost,push_cashback,2021-03-17,5,False,
1515915625523657786,Lost,control,2021-03-19,0,False,
1515915625523660843,Lost,email_discount,2021-03-17,10,False,
1515915625523661236,Lost,email_discount,2021-03-07,10,False,
1515915625523668160,Lost,email_discount,2021-03-28,10,False,
1515915625523671389,Lost,push_cashback,2021-03-01,5,True,194.7811843320561
1515915625523677075,Lost,control,2021-03-27,0,False,
1515915625523677128,Lost,email_discount,2021-03-20,10,False,
1515915625523678060,Lost,control,2021-03-29,0,True,175.77867770213942
1515915625523684986,Lost,control,2021-03-14,0,False,
1515915625523691985,Lost,email_discount,2021-03-17,10,True,300.4628746659979
1515915625523693896,Lost,email_discount,2021-03-13,10,False,
1515915625523696973,Lost,control,2021-03-29,0,False,
1515915625523697848,Lost,email_discount,2021-03-02,10,False,
1515915625523704676,Lost,email_discount,2021-03-27,10,False,
1515915625523705734,Can't Lose Them,email_discount,2021-03-14,10,False,
1515915625523712354,Lost,push_cashback,2021-03-01,5,False,
1515915625523714862,Lost,control,2021-03-29,0,False,
1515915625523725538,Lost,control,2021-03-05,0,False,
1515915625523730781,Lost,push_cashback,2021-03-07,5,False,
1515915625523732759,Lost,control,2021-03-19,0,False,
1515915625523733128,Lost,email_discount,2021-03-14,10,False,
1515915625523742657,Lost,control,2021-03-24,0,False,
1515915625523743681,Lost,email_discount,2021-03-14,10,True,175.55414940014174
1515915625523745324,Lost,push_cashback,2021-03-15,5,False,
1515915625523748497,Lost,email_discount,2021-03-05,10,False,
1515915625523753682,Lost,control,2021-03-05,0,False,
1515915625523758558,Lost,control,2021-03-29,0,False,
1515915625523761159,Lost,control,2021-03-21,0,False,
1515915625523761189,Can't Lose Them,push_cashback,2021-03-24,5,False,
1515915625523761225,Lost,push_cashback,2021-03-02,5,False,
1515915625523764029,Lost,control,2021-03-18,0,False,
1515915625523771247,Lost,email_discount,2021-03-30,10,False,
1515915625523773162,Can't Lose Them,push_cashback,2021-03-28,5,False,
1515915625523773168,Lost,control,2021-03-24,0,False,
1515915625523773949,Lost,control,2021-03-09,0,False,
1515915625523780128,Lost,push_cashback,2021-03-27,5,False,
1515915625523785463,Lost,push_cashback,2021-03-28,5,False,
1515915625523796205,Lost,push_cashback,2021-03-10,5,False,
1515915625523805437,Lost,email_discount,2021-03-26,10,False,
1515915625523814183,Lost,email_discount,2021-03-18,10,False,
1515915625523825887,Lost,control,2021-03-04,0,True,189.77624893838365
1515915625523828610,Lost,push_cashback,2021-03-08,5,False,
1515915625523829968,Lost,email_discount,2021-03-18,10,True,151.28813053098224
1515915625523833635,Can't Lose Them,push_cashback,2021-03-20,5,False,
1515915625523842832,Lost,control,2021-03-26,0,False,
1515915625523842905,Lost,email_discount,2021-03-29,10,False,
1515915625523845306,Lost,email_discount,2021-03-29,10,False,
1515915625523851549,Lost,email_discount,2021-03-17,10,False,
1515915625523858547,Lost,control,2021-03-16,0,False,
1515915625523858643,Lost,push_cashback,2021-03-18,5,False,
1515915625523858815,Lost,email_discount,2021-03-07,10,True,224.17409943672135
1515915625523859899,Lost,control,2021-03-01,0,False,
1515915625523862705,Lost,push_cashback,2021-03-28,5,False,
1515915625523874385,Lost,control,2021-03-01,0,False,
1515915625523885000,Lost,push_cashback,2021-03-18,5,True,177.34873576775362
1515915625523885677,Lost,control,2021-03-04,0,False,
1515915625523889243,Lost,push_cashback,2021-03-23,5,False,
1515915625523901647,Lost,email_discount,2021-03-20,10,False,
1515915625523902530,Lost,push_cashback,2021-03-21,5,True,151.44127796706655
1515915625523905522,Lost,control,2021-03-20,0,False,
1515915625523908509,Lost,control,2021-03-04,0,False,
1515915625523911000,Lost,push_cashback,2021-03-25,5,False,
1515915625523913764,Lost,email_discount,2021-03-06,10,False,
1515915625523914971,Lost,email_discount,2021-03-28,10,False,
1515915625523916577,Lost,push_cashback,2021-03-03,5,False,
1515915625523920196,Can't Lose Them,push_cashback,2021-03-06,5,False,
1515915625523923317,Lost,control,2021-03-13,0,False,
1515915625523929151,Lost,email_discount,2021-03-23,10,False,
1515915625523929380,Lost,push_cashback,2021-03-07,5,True,130.1024760559329
1515915625523929397,Lost,email_discount,2021-03-24,10,True,126.07599651794041
1515915625523943354,Lost,push_cashback,2021-03-29,5,False,
1515915625523947480,Lost,push_cashback,2021-03-04,5,False,
1515915625523953462,Lost,email_discount,2021-03-01,10,False,
1515915625523958130,Lost,push_cashback,2021-03-06,5,False,
1515915625523962862,Lost,push_cashback,2021-03-24,5,False,
1515915625523969820,Lost,control,2021-03-05,0,False,
1515915625523973105,Lost,push_cashback,2021-03-13,5,False,
1515915625523974603,At Risk,push_cashback,2021-03-19,5,False,
1515915625523977498,Lost,push_cashback,2021-03-04,5,False,
1515915625523977856,Lost,control,2021-03-24,0,False,
1515915625523987102,Lost,email_discount,2021-03-06,10,False,
1515915625523990007,Lost,control,2021-03-13,0,False,
1515915625523993648,Lost,control,2021-03-29,0,False,
1515915625523994242,Can't Lose Them,email_discount,2021-03-05,10,False,
1515915625523998986,Lost,control,2021-03-13,0,False,
1515915625523999204,Lost,email_discount,2021-03-25,10,False,
1515915625524000486,Lost,control,2021-03-10,0,True,192.58601147278335
1515915625524015946,Lost,email_discount,2021-03-03,10,False,
1515915625524018420,Lost,push_cashback,2021-03-23,5,False,
1515915625524020636,Lost,control,2021-03-25,0,False,
1515915625524022424,Lost,control,2021-03-27,0,False,
1515915625524024492,Lost,control,2021-03-13,0,False,
1515915625524025179,At Risk,control,2021-03-27,0,False,
1515915625524026353,Lost,push_cashback,2021-03-12,5,True,109.52482117891891
1515915625524033619,Lost,control,2021-03-04,0,False,
1515915625524038492,Lost,push_cashback,2021-03-10,5,False,
1515915625524041770,Lost,push_cashback,2021-03-26,5,False,
1515915625524041889,Lost,push_cashback,2021-03-03,5,False,
1515915625524049247,Lost,push_cashback,2021-03-17,5,False,
1515915625524049325,Lost,email_discount,2021-03-09,10,False,
1515915625524060615,Lost,email_discount,2021-03-29,10,False,
1515915625524060625,Lost,control,2021-03-01,0,False,
1515915625524067454,Can't Lose Them,email_discount,2021-03-18,10,False,
1515915625524071892,Lost,email_discount,2021-03-09,10,False,
1515915625524077087,Lost,control,2021-03-21,0,False,
1515915625524079685,Lost,control,2021-03-20,0,False,
1515915625524081233,Lost,control,2021-03-25,0,False,
1515915625524087603,Lost,email_discount,2021-03-09,10,False,
1515915625524096238,Lost,email_discount,2021-03-02,10,False,
1515915625524101444,Can't Lose Them,control,2021-03-19,0,False,
1515915625524109289,Lost,push_cashback,2021-03-28,5,False,
1515915625524112060,Lost,control,2021-03-16,0,False,
1515915625524112412,Lost,push_cashback,2021-03-03,5,False,
1515915625524116593,Can't Lose Them,push_cashback,2021-03-16,5,True,217.33896676800651
1515915625524125896,Can't Lose Them,control,2021-03-21,0,False,
1515915625524126577,Lost,control,2021-03-13,0,False,
1515915625524134096,Can't Lose Them,control,2021-03-03,0,False,
1515915625524135114,Lost,email_discount,2021-03-10,10,False,
1515915625524136759,Lost,push_cashback,2021-03-22,5,False,
1515915625524144461,Lost,email_discount,2021-03-18,10,False,
1515915625524144476,Lost,email_discount,2021-03-06,10,False,
1515915625524144731,Lost,control,2021-03-06,0,False,
1515915625524151270,Lost,email_discount,2021-03-18,10,False,
1515915625524158782,Lost,control,2021-03-06,0,False,
1515915625524169034,Lost,push_cashback,2021-03-06,5,False,
1515915625524169084,Lost,control,2021-03-22,0,False,
1515915625524175756,Lost,email_discount,2021-03-28,10,False,
1515915625524185998,Lost,email_discount,2021-03-13,10,False,
1515915625524204938,Lost,control,2021-03-14,0,False,
1515915625524211212,Lost,control,2021-03-21,0,False,
1515915625524228369,Lost,email_discount,2021-03-07,10,False,
1515915625524230334,Lost,push_cashback,2021-03-13,5,False,
1515915625524230747,Lost,push_cashback,2021-03-15,5,False,
1515915625524237516,Lost,control,2021-03-12,0,False,
1515915625524240738,Lost,push_cashback,2021-03-21,5,False,
1515915625524244089,Lost,email_discount,2021-03-27,10,False,
1515915625524248063,Lost,control,2021-03-01,0,False,
1515915625524259712,Lost,email_discount,2021-03-28,10,False,
1515915625524273474,Lost,email_discount,2021-03-25,10,False,
1515915625524273483,Lost,push_cashback,2021-03-03,5,False,
1515915625524274739,Lost,control,2021-03-18,0,False,
1515915625524276381,Lost,control,2021-03-26,0,False,
1515915625524286653,Lost,push_cashback,2021-03-22,5,False,
1515915625524291440,Lost,email_discount,2021-03-08,10,False,
1515915625524313392,Lost,email_discount,2021-03-02,10,False,
1515915625524314575,Can't Lose Them,email_discount,2021-03-04,10,False,
1515915625524317221,Lost,email_discount,2021-03-18,10,False,
1515915625524318572,Lost,control,2021-03-28,0,False,
1515915625524320780,Lost,control,2021-03-28,0,False,
1515915625524322611,Can't Lose Them,push_cashback,2021-03-25,5,True,114.4861900092654
1515915625524325417,Lost,push_cashback,2021-03-26,5,False,
1515915625524328972,Lost,control,2021-03-13,0,False,
1515915625524338645,Lost,control,2021-03-15,0,False,
1515915625524342720,Lost,email_discount,2021-03-02,10,False,
1515915625524344814,Lost,email_discount,2021-03-10,10,False,
1515915625524353171,Lost,push_cashback,2021-03-02,5,False,
1515915625524358164,Lost,control,2021-03-30,0,False,
1515915625524363645,Lost,push_cashback,2021-03-29,5,False,
1515915625524370865,Lost,control,2021-03-21,0,False,
1515915625524371274,Lost,email_discount,2021-03-12,10,False,
1515915625524373045,Lost,push_cashback,2021-03-05,5,False,
1515915625524375958,Lost,push_cashback,2021-03-12,5,False,
1515915625524379508,Lost,control,2021-03-23,0,False,
1515915625524379959,Lost,email_discount,2021-03-01,10,True,176.97312861762774
1515915625524380375,Lost,push_cashback,2021-03-28,5,False,
1515915625524386365,Lost,email_discount,2021-03-02,10,False,
1515915625524392193,Lost,push_cashback,2021-03-27,5,False,
1515915625524393350,Lost,email_discount,2021-03-16,10,False,
1515915625524395300,Lost,control,2021-03-27,0,True,137.97526657289902
1515915625524395399,Lost,push_cashback,2021-03-22,5,False,
1515915625524397442,Lost,push_cashback,2021-03-02,5,False,
1515915625524400478,Lost,email_discount,2021-03-16,10,False,
1515915625524401994,Lost,email_discount,2021-03-20,10,True,186.47088054973594
1515915625524407477,Lost,push_cashback,2021-03-26,5,False,
1515915625524417989,Lost,control,2021-03-16,0,False,
1515915625524421544,Lost,email_discount,2021-03-06,10,False,
1515915625524422978,Lost,email_discount,2021-03-13,10,False,
1515915625524423738,Lost,email_discount,2021-03-12,10,True,186.1928230718887
1515915625524424201,Lost,push_cashback,2021-03-23,5,False,
1515915625524424303,Lost,push_cashback,2021-03-10,5,False,
1515915625524426429,Lost,push_cashback,2021-03-05,5,False,
1515915625524427187,Lost,push_cashback,2021-03-08,5,False,
1515915625524428006,Lost,control,2021-03-06,0,False,
1515915625524431404,At Risk,control,2021-03-05,0,False,
1515915625524431513,Lost,push_cashback,2021-03-20,5,False,
1515915625524432602,Lost,control,2021-03-22,0,False,
1515915625524433083,Lost,email_discount,2021-03-06,10,False,
1515915625524435421,Can't Lose Them,email_discount,2021-03-22,10,False,
1515915625524435516,Lost,email_discount,2021-03-17,10,False,
1515915625524437112,Lost,push_cashback,2021-03-06,5,False,
1515915625524441642,Lost,email_discount,2021-03-17,10,False,
1515915625524442296,Lost,control,2021-03-05,0,False,
1515915625524442660,Lost,push_cashback,2021-03-23,5,False,
1515915625524443007,Lost,control,2021-03-17,0,False,
1515915625524445292,Lost,email_discount,2021-03-29,10,False,
1515915625524448160,Lost,email_discount,2021-03-17,10,True,205.01613491088088
1515915625524452145,Lost,email_discount,2021-03-29,10,False,
1515915625524453154,Lost,push_cashback,2021-03-13,5,False,
1515915625524457371,Lost,control,2021-03-22,0,False,
1515915625524459093,Lost,push_cashback,2021-03-07,5,False,
1515915625524460823,Lost,push_cashback,2021-03-22,5,False,
1515915625524467912,Lost,email_discount,2021-03-21,10,False,
1515915625524468720,Lost,push_cashback,2021-03-06,5,False,
1515915625524471001,Lost,push_cashback,2021-03-29,5,True,103.94884024660038
1515915625524471410,Lost,email_discount,2021-03-14,10,False,
1515915625524471664,Lost,push_cashback,2021-03-16,5,False,
1515915625524477394,Lost,email_discount,2021-03-03,10,False,
1515915625524483621,Lost,email_discount,2021-03-09,10,False,
1515915625524503734,Lost,email_discount,2021-03-15,10,False,
1515915625524504728,Lost,email_discount,2021-03-21,10,False,
1515915625524509199,Lost,push_cashback,2021-03-18,5,False,
1515915625524515963,Lost,email_discount,2021-03-30,10,True,150.6333803369469
1515915625524516394,Lost,email_discount,2021-03-30,10,False,
1515915625524519215,Lost,push_cashback,2021-03-28,5,False,
1515915625524522215,Lost,push_cashback,2021-03-10,5,False,
1515915625524522297,Lost,control,2021-03-10,0,False,
1515915625524522427,Lost,push_cashback,2021-03-23,5,False,
1515915625524526524,Lost,push_cashback,2021-03-03,5,False,
1515915625524526644,Lost,control,2021-03-01,0,False,
1515915625524544143,Lost,push_cashback,2021-03-03,5,False,
1515915625524548839,Lost,push_cashback,2021-03-25,5,False,
1515915625524549359,Lost,push_cashback,2021-03-05,5,False,
1515915625524557293,Lost,push_cashback,2021-03-07,5,False,
1515915625524559745,Lost,control,2021-03-03,0,False,
1515915625524565394,Lost,push_cashback,2021-03-04,5,False,
1515915625524576292,Lost,push_cashback,2021-03-17,5,False,
1515915625524577567,At Risk,control,2021-03-03,0,False,
1515915625524578593,Lost,email_discount,2021-03-23,10,False,
1515915625524580232,At Risk,control,2021-03-04,0,False,
1515915625524582379,Lost,email_discount,2021-03-02,10,False,
1515915625524583209,Lost,control,2021-03-14,0,False,
1515915625524584380,Lost,control,2021-03-05,0,False,
1515915625524584883,Lost,push_cashback,2021-03-21,5,False,
1515915625524585819,Lost,email_discount,2021-03-02,10,False,
1515915625524592099,Lost,push_cashback,2021-03-15,5,False,
1515915625524594809,Lost,email_discount,2021-03-11,10,False,
1515915625524604623,Lost,control,2021-03-22,0,False,
1515915625524604953,Lost,control,2021-03-10,0,False,
1515915625524607285,Lost,email_discount,2021-03-20,10,False,
1515915625524623031,Lost,push_cashback,2021-03-30,5,False,
1515915625524624847,Lost,push_cashback,2021-03-01,5,False,
1515915625524626182,Lost,push_cashback,2021-03-19,5,False,
1515915625524628491,Lost,push_cashback,2021-03-14,5,False,
1515915625524631720,Lost,control,2021-03-25,0,False,
1515915625524633116,Lost,control,2021-03-26,0,False,
1515915625524637720,Lost,control,2021-03-23,0,False,
1515915625524646756,Lost,control,2021-03-29,0,False,
1515915625524648405,Lost,control,2021-03-22,0,False,
1515915625524661060,Lost,push_cashback,2021-03-14,5,True,203.82189804608794
1515915625524663955,Lost,push_cashback,2021-03-01,5,False,
1515915625524669360,Lost,push_cashback,2021-03-25,5,False,
1515915625524671832,Lost,push_cashback,2021-03-29,5,False,
1515915625524682866,At Risk,control,2021-03-09,0,False,
1515915625524689449,Lost,control,2021-03-17,0,False,
1515915625524690368,Lost,control,2021-03-14,0,True,202.65916728416846
1515915625524691842,At Risk,email_discount,2021-03-13,10,False,
1515915625524692448,Lost,push_cashback,2021-03-13,5,False,
1515915625524692530,Lost,push_cashback,2021-03-06,5,False,
1515915625524705572,Can't Lose Them,control,2021-03-07,0,False,
1515915625524707343,Lost,push_cashback,2021-03-02,5,False,
1515915625524707541,Lost,push_cashback,2021-03-26,5,False,
1515915625524709351,Lost,control,2021-03-08,0,False,
1515915625524709530,Lost,email_discount,2021-03-24,10,False,
1515915625524716454,Lost,email_discount,2021-03-06,10,False,
1515915625524717702,Lost,email_discount,2021-03-25,10,False,
1515915625524720349,Lost,control,2021-03-03,0,False,
1515915625524726795,Lost,push_cashback,2021-03-18,5,False,
1515915625524743054,Lost,control,2021-03-18,0,False,
1515915625524743740,Lost,control,2021-03-22,0,False,
1515915625524745491,Lost,push_cashback,2021-03-23,5,False,
1515915625524746123,Lost,email_discount,2021-03-06,10,False,
1515915625524748957,Lost,email_discount,2021-03-11,10,False,
1515915625524749845,Lost,control,2021-03-03,0,False,
1515915625524751222,Lost,email_discount,2021-03-16,10,True,72.52328622756416
1515915625524753747,Lost,control,2021-03-05,0,False,
1515915625524757669,Lost,control,2021-03-24,0,False,
1515915625524764764,Lost,push_cashback,2021-03-22,5,False,
1515915625524768731,Lost,push_cashback,2021-03-02,5,False,
1515915625524770923,Lost,push_cashback,2021-03-15,5,False,
1515915625524775842,Lost,control,2021-03-16,0,False,
1515915625524779671,Lost,push_cashback,2021-03-07,5,False,
1515915625524788621,Lost,email_discount,2021-03-16,10,False,
1515915625524792359,Lost,email_discount,2021-03-24,10,False,
1515915625524792894,Lost,control,2021-03-04,0,False,
1515915625524795928,Lost,control,2021-03-28,0,False,
1515915625524800358,At Risk,push_cashback,2021-03-16,5,False,
1515915625524802322,Lost,control,2021-03-17,0,False,
1515915625524815210,Lost,control,2021-03-02,0,False,
1515915625524817324,Lost,email_discount,2021-03-16,10,False,
1515915625524828636,Lost,email_discount,2021-03-04,10,True,201.97533139676807
1515915625524832109,Lost,push_cashback,2021-03-07,5,True,123.7014009612759
1515915625524838941,At Risk,control,2021-03-18,0,False,
1515915625524846165,Lost,control,2021-03-06,0,False,
1515915625524847015,Lost,email_discount,2021-03-18,10,False,
1515915625524847906,Lost,control,2021-03-28,0,False,
1515915625524855855,Lost,email_discount,2021-03-07,10,False,
1515915625524859767,Lost,push_cashback,2021-03-02,5,True,141.32708493178856
1515915625524861516,Lost,email_discount,2021-03-19,10,False,
1515915625524862937,Lost,control,2021-03-09,0,False,
1515915625524863168,Can't Lose Them,push_cashback,2021-03-29,5,False,
1515915625524863914,Lost,email_discount,2021-03-04,10,False,
1515915625524865621,Lost,email_discount,2021-03-14,10,False,
1515915625524873288,Lost,push_cashback,2021-03-05,5,False,
1515915625524876002,Lost,push_cashback,2021-03-25,5,False,
1515915625524883233,Lost,email_discount,2021-03-07,10,False,
1515915625524888396,Lost,control,2021-03-08,0,False,
1515915625524891877,Lost,email_discount,2021-03-15,10,False,
1515915625524894841,Lost,push_cashback,2021-03-27,5,True,155.90689650742655
1515915625524895071,Lost,email_discount,2021-03-19,10,True,255.08255709423497
1515915625524907714,Lost,push_cashback,2021-03-27,5,False,
1515915625524920883,Lost,push_cashback,2021-03-11,5,False,
1515915625524923102,Lost,control,2021-03-20,0,False,
1515915625524923592,Lost,push_cashback,2021-03-23,5,False,
1515915625524939268,Lost,push_cashback,2021-03-04,5,False,
1515915625524946730,Lost,control,2021-03-18,0,False,
1515915625524963216,Lost,push_cashback,2021-03-14,5,False,
1515915625524972764,Lost,control,2021-03-26,0,False,
1515915625524974086,Lost,control,2021-03-06,0,False,
1515915625524981067,Lost,push_cashback,2021-03-25,5,True,123.29210363266856
1515915625524985423,Lost,push_cashback,2021-03-16,5,False,
1515915625524986054,Lost,email_discount,2021-03-18,10,False,
1515915625524989378,Lost,control,2021-03-01,0,False,
1515915625524989675,Lost,email_discount,2021-03-08,10,True,121.82479918699306
1515915625524991789,Lost,push_cashback,2021-03-01,5,False,
1515915625524993946,Lost,email_discount,2021-03-01,10,False,
1515915625524999588,Lost,control,2021-03-19,0,False,
1515915625525003542,Lost,email_discount,2021-03-21,10,False,
1515915625525004012,Lost,control,2021-03-29,0,False,
1515915625525019219,Lost,push_cashback,2021-03-28,5,False,
1515915625525020446,Lost,push_cashback,2021-03-25,5,False,
1515915625525021315,Lost,control,2021-03-27,0,False,
1515915625525023223,Lost,push_cashback,2021-03-10,5,False,
1515915625525037478,Lost,push_cashback,2021-03-18,5,False,
1515915625525040298,Lost,push_cashback,2021-03-12,5,False,
1515915625525041864,Lost,push_cashback,2021-03-28,5,False,
1515915625525045917,Lost,control,2021-03-17,0,False,
1515915625525051467,Lost,email_discount,2021-03-01,10,False,
1515915625525065489,Lost,email_discount,2021-03-08,10,False,
1515915625525079118,Lost,push_cashback,2021-03-10,5,False,
1515915625525082283,Lost,email_discount,2021-03-26,10,True,205.26434720513257
1515915625525082314,Lost,email_discount,2021-03-10,10,False,
1515915625525087579,Lost,push_cashback,2021-03-18,5,False,
1515915625525098495,Lost,push_cashback,2021-03-29,5,False,
1515915625525105717,Lost,email_discount,2021-03-09,10,False,
1515915625525113477,Lost,control,2021-03-25,0,False,
1515915625525114572,Lost,push_cashback,2021-03-02,5,False,
1515915625525118289,Lost,control,2021-03-03,0,True,173.823259861972
1515915625525118629,Lost,email_discount,2021-03-02,10,False,
1515915625525122644,Can't Lose Them,push_cashback,2021-03-06,5,False,
1515915625525123542,Lost,control,2021-03-23,0,False,
1515915625525125522,Lost,push_cashback,2021-03-12,5,False,
1515915625525127258,Lost,email_discount,2021-03-22,10,True,239.31514574386466
1515915625525131336,Lost,control,2021-03-19,0,False,
1515915625525134382,Lost,email_discount,2021-03-28,10,False,
1515915625525134539,Lost,email_discount,2021-03-15,10,False,
1515915625525139345,Lost,push_cashback,2021-03-19,5,False,
1515915625525141026,Lost,control,2021-03-12,0,False,
1515915625525141073,Lost,email_discount,2021-03-18,10,False,
1515915625525141972,Lost,email_discount,2021-03-16,10,False,
1515915625525145401,Lost,control,2021-03-02,0,True,160.180975954243
1515915625525146363,Lost,email_discount,2021-03-11,10,True,239.48677666363992
1515915625525153911,Lost,email_discount,2021-03-12,10,False,
1515915625525160092,Lost,control,2021-03-05,0,False,
1515915625525160657,Lost,control,2021-03-27,0,False,
1515915625525161075,Lost,control,2021-03-27,0,False,
1515915625525161698,Lost,control,2021-03-24,0,False,
1515915625525163776,Lost,push_cashback,2021-03-06,5,True,165.65074390873113
1515915625525164916,Lost,control,2021-03-25,0,False,
1515915625525167104,Lost,push_cashback,2021-03-11,5,False,
1515915625525170721,Lost,push_cashback,2021-03-21,5,False,
1515915625525179311,Lost,push_cashback,2021-03-10,5,False,
1515915625525181548,At Risk,email_discount,2021-03-04,10,True,208.81017988536743
1515915625525187202,Lost,push_cashback,2021-03-09,5,False,
1515915625525187429,Lost,push_cashback,2021-03-12,5,False,
1515915625525187873,Lost,email_discount,2021-03-10,10,True,258.07745691573206
1515915625525194825,Lost,email_discount,2021-03-27,10,False,
1515915625525196335,Can't Lose Them,email_discount,2021-03-14,10,False,
1515915625525197889,Lost,control,2021-03-05,0,False,
1515915625525199494,Lost,email_discount,2021-03-01,10,True,177.47384428673723
1515915625525202305,Lost,email_discount,2021-03-05,10,False,
1515915625525203209,Lost,push_cashback,2021-03-16,5,False,
1515915625525207465,Lost,email_discount,2021-03-05,10,False,
1515915625525210928,Lost,control,2021-03-05,0,False,
1515915625525211280,Lost,email_discount,2021-03-29,10,False,
1515915625525215115,Lost,control,2021-03-18,0,False,
1515915625525215686,Lost,email_discount,2021-03-29,10,False,
1515915625525216751,Lost,email_discount,2021-03-06,10,False,
1515915625525221544,Lost,email_discount,2021-03-21,10,False,
1515915625525221880,Lost,email_discount,2021-03-18,10,True,232.0099806053933
1515915625525222328,Lost,control,2021-03-28,0,False,
1515915625525225052,Lost,control,2021-03-10,0,False,
1515915625525233692,Lost,push_cashback,2021-03-15,5,False,
1515915625525234709,Lost,control,2021-03-30,0,False,
1515915625525236825,Lost,email_discount,2021-03-24,10,False,
1515915625525236993,Lost,push_cashback,2021-03-22,5,False,
1515915625525237049,Lost,push_cashback,2021-03-11,5,False,
1515915625525237166,Lost,push_cashback,2021-03-26,5,False,
1515915625525240887,Lost,email_discount,2021-03-28,10,False,
1515915625525243865,At Risk,control,2021-03-27,0,False,
1515915625525247549,Lost,email_discount,2021-03-19,10,True,157.38806427178963
1515915625525248260,Lost,push_cashback,2021-03-25,5,False,
1515915625525253560,Lost,email_discount,2021-03-13,10,False,
1515915625525256569,Lost,email_discount,2021-03-27,10,False,
1515915625525259363,Lost,control,2021-03-27,0,False,
1515915625525263658,Lost,control,2021-03-30,0,False,
1515915625525265732,Lost,push_cashback,2021-03-20,5,False,
1515915625525268971,Lost,email_discount,2021-03-03,10,False,
1515915625525271124,Lost,email_discount,2021-03-16,10,False,
1515915625525281297,At Risk,control,2021-03-07,0,False,
1515915625525283670,Lost,email_discount,2021-03-12,10,False,
1515915625525284662,Lost,email_discount,2021-03-29,10,False,
1515915625525285865,Lost,email_discount,2021-03-15,10,False,
1515915625525288261,Can't Lose Them,control,2021-03-30,0,False,
1515915625525294041,Lost,push_cashback,2021-03-08,5,False,
1515915625525307867,Lost,push_cashback,2021-03-23,5,False,
1515915625525309350,Lost,email_discount,2021-03-17,10,True,195.23925292533085
1515915625525316028,Lost,push_cashback,2021-03-01,5,True,107.21363313266833
1515915625525333944,Lost,control,2021-03-29,0,False,
1515915625525338775,Lost,control,2021-03-21,0,False,
1515915625525339152,Lost,push_cashback,2021-03-30,5,False,
1515915625525343349,Lost,push_cashback,2021-03-08,5,False,
1515915625525346079,Lost,email_discount,2021-03-14,10,True,162.30560139593462
1515915625525349335,Lost,push_cashback,2021-03-10,5,False,
1515915625525361344,Lost,email_discount,2021-03-27,10,False,
1515915625525364134,Lost,email_discount,2021-03-19,10,False,
1515915625525365803,Lost,control,2021-03-08,0,False,
1515915625525368048,Lost,control,2021-03-19,0,False,
1515915625525372749,Lost,control,2021-03-04,0,False,
1515915625525373371,At Risk,control,2021-03-10,0,False,
1515915625525379537,Lost,push_cashback,2021-03-23,5,True,122.67858964567422
1515915625525381800,Lost,control,2021-03-03,0,False,
1515915625525384626,Lost,push_cashback,2021-03-04,5,False,
1515915625525385558,Lost,control,2021-03-16,0,False,
1515915625525386862,Lost,push_cashback,2021-03-24,5,False,
1515915625525387105,Lost,email_discount,2021-03-04,10,False,
1515915625525389738,Lost,push_cashback,2021-03-25,5,False,
1515915625525392184,Lost,push_cashback,2021-03-20,5,False,
1515915625525393317,Lost,control,2021-03-29,0,True,226.271609336699
1515915625525393727,Lost,push_cashback,2021-03-30,5,False,
1515915625525393881,Lost,email_discount,2021-03-20,10,False,
1515915625525394503,Lost,email_discount,2021-03-13,10,False,
1515915625525395588,Lost,control,2021-03-21,0,False,
1515915625525397378,Lost,email_discount,2021-03-17,10,False,
1515915625525399461,Lost,push_cashback,2021-03-23,5,False,
1515915625525400947,Lost,email_discount,2021-03-25,10,False,
1515915625525405435,Lost,control,2021-03-16,0,False,
1515915625525406075,Lost,push_cashback,2021-03-28,5,False,
1515915625525407015,Lost,control,2021-03-25,0,False,
1515915625525408714,Lost,push_cashback,2021-03-17,5,False,
1515915625525408819,Lost,email_discount,2021-03-06,10,False,
1515915625525410736,Lost,control,2021-03-03,0,False,
1515915625525411674,Lost,control,2021-03-20,0,False,
1515915625525412276,Lost,push_cashback,2021-03-24,5,False,
1515915625525412406,Lost,control,2021-03-04,0,False,
1515915625525418565,Lost,push_cashback,2021-03-08,5,False,
1515915625525422459,Lost,push_cashback,2021-03-20,5,True,234.55193443803475
1515915625525428496,Lost,push_cashback,2021-03-09,5,True,150.81192222672237
1515915625525430030,Lost,push_cashback,2021-03-22,5,False,
1515915625525430253,Lost,email_discount,2021-03-01,10,False,
1515915625525432852,Lost,push_cashback,2021-03-13,5,False,
1515915625525433271,Lost,control,2021-03-26,0,False,
1515915625525433963,Lost,email_discount,2021-03-02,10,True,150.21328179195092
1515915625525438232,Lost,control,2021-03-23,0,False,
1515915625525443588,Lost,email_discount,2021-03-10,10,False,
1515915625525456896,Lost,push_cashback,2021-03-23,5,False,
1515915625525457579,Lost,email_discount,2021-03-19,10,False,
1515915625525459432,Lost,email_discount,2021-03-17,10,False,
1515915625525467302,Lost,control,2021-03-24,0,False,
1515915625525467473,Lost,control,2021-03-13,0,False,
1515915625525475444,Lost,push_cashback,2021-03-29,5,False,
1515915625525475824,Lost,email_discount,2021-03-26,10,False,
1515915625525478714,Lost,email_discount,2021-03-14,10,False,
1515915625525482499,Lost,email_discount,2021-03-27,10,False,
1515915625525487645,Lost,push_cashback,2021-03-11,5,False,
1515915625525493804,Lost,push_cashback,2021-03-10,5,False,
1515915625525496376,Can't Lose Them,push_cashback,2021-03-07,5,False,
1515915625525496932,Lost,push_cashback,2021-03-10,5,False,
1515915625525498113,Lost,push_cashback,2021-03-24,5,False,
1515915625525501433,Lost,control,2021-03-01,0,False,
1515915625525502065,Lost,email_discount,2021-03-14,10,False,
1515915625525506285,Lost,email_discount,2021-03-03,10,False,
1515915625525507033,Lost,email_discount,2021-03-13,10,True,125.87249764805135
1515915625525510447,Lost,email_discount,2021-03-02,10,True,196.90436192459302
1515915625525510466,Lost,email_discount,2021-03-17,10,False,
1515915625525511411,Lost,email_discount,2021-03-21,10,False,
1515915625525522240,Lost,email_discount,2021-03-03,10,False,
1515915625525533314,Lost,email_discount,2021-03-26,10,False,
1515915625525546621,Lost,control,2021-03-15,0,True,149.70397310392676
1515915625525548010,Lost,email_discount,2021-03-08,10,False,
1515915625525549218,Can't Lose Them,control,2021-03-06,0,False,
1515915625525550647,Lost,push_cashback,2021-03-26,5,False,
1515915625525551148,Lost,email_discount,2021-03-30,10,True,160.30776463932796
1515915625525560363,Lost,push_cashback,2021-03-09,5,False,
1515915625525564508,Lost,push_cashback,2021-03-25,5,False,
1515915625525571895,Lost,push_cashback,2021-03-11,5,False,
1515915625525575109,Lost,control,2021-03-22,0,False,
1515915625525580847,Lost,push_cashback,2021-03-02,5,False,
1515915625525583653,Lost,push_cashback,2021-03-09,5,False,
1515915625525584243,Lost,push_cashback,2021-03-18,5,False,
1515915625525589160,Lost,email_discount,2021-03-19,10,True,258.33148778443706
1515915625525594230,Lost,email_discount,2021-03-22,10,False,
1515915625525594492,Lost,control,2021-03-18,0,False,
1515915625525595211,Can't Lose Them,control,2021-03-05,0,False,
1515915625525603175,Lost,email_discount,2021-03-18,10,True,171.6620606804218
1515915625525603207,Lost,control,2021-03-12,0,False,
1515915625525603710,Lost,email_discount,2021-03-04,10,False,
1515915625525607607,Lost,push_cashback,2021-03-15,5,False,
1515915625525609863,Lost,push_cashback,2021-03-11,5,False,
1515915625525615042,Lost,control,2021-03-27,0,False,
1515915625525619842,Lost,email_discount,2021-03-19,10,True,211.39923066524014
1515915625525625987,Can't Lose Them,email_discount,2021-03-05,10,False,
1515915625525626396,Lost,control,2021-03-06,0,False,
1515915625525626435,Lost,email_discount,2021-03-13,10,False,
1515915625525628263,Lost,push_cashback,2021-03-23,5,False,
1515915625525631928,Lost,control,2021-03-10,0,False,
1515915625525638548,Can't Lose Them,control,2021-03-24,0,False,
1515915625525643284,Lost,email_discount,2021-03-25,10,True,187.38324904615754
1515915625525645311,Lost,control,2021-03-14,0,False,
1515915625525645476,Lost,email_discount,2021-03-04,10,True,124.01575666968048
1515915625525648246,Lost,email_discount,2021-03-20,10,False,
1515915625525650096,Lost,email_discount,2021-03-23,10,False,
1515915625525651625,Lost,email_discount,2021-03-12,10,False,
1515915625525651799,Lost,email_discount,2021-03-15,10,False,
1515915625525654309,Lost,control,2021-03-26,0,False,
1515915625525663524,Lost,push_cashback,2021-03-10,5,False,
1515915625525667486,Lost,push_cashback,2021-03-11,5,False,
1515915625525668150,Lost,control,2021-03-09,0,False,
1515915625525679533,Lost,control,2021-03-11,0,False,
1515915625525680047,Lost,push_cashback,2021-03-02,5,False,
1515915625525688842,Lost,push_cashback,2021-03-13,5,False,
1515915625525693197,Lost,push_cashback,2021-03-27,5,False,
1515915625525706300,Lost,push_cashback,2021-03-22,5,False,
1515915625525707480,Lost,push_cashback,2021-03-26,5,False,
1515915625525714004,Lost,email_discount,2021-03-26,10,False,
1515915625525714876,Lost,control,2021-03-08,0,False,
1515915625525714984,Lost,email_discount,2021-03-29,10,False,
1515915625525721741,Lost,push_cashback,2021-03-21,5,False,
1515915625525724799,Lost,push_cashback,2021-03-21,5,False,
1515915625525730142,Lost,push_cashback,2021-03-08,5,True,91.20478508647578
1515915625525735279,At Risk,email_discount,2021-03-01,10,False,
1515915625525746294,Lost,email_discount,2021-03-06,10,False,
1515915625525753062,Lost,push_cashback,2021-03-26,5,False,
1515915625525760206,Lost,email_discount,2021-03-13,10,False,
1515915625525762894,Lost,email_discount,2021-03-09,10,False,
1515915625525766190,Lost,push_cashback,2021-03-28,5,False,
1515915625525778250,Lost,email_discount,2021-03-06,10,True,206.93849264130552
1515915625525779443,Lost,control,2021-03-15,0,False,
1515915625525787124,Lost,control,2021-03-23,0,False,
1515915625525787801,Lost,control,2021-03-16,0,False,
1515915625525792421,Lost,control,2021-03-04,0,False,
1515915625525795272,Lost,push_cashback,2021-03-28,5,False,
1515915625525795723,Lost,push_cashback,2021-03-26,5,False,
1515915625525796801,Lost,push_cashback,2021-03-17,5,True,233.16442083467217
1515915625525797274,Lost,control,2021-03-09,0,False,
1515915625525803347,Lost,control,2021-03-12,0,False,
1515915625525807827,Lost,email_discount,2021-03-22,10,False,
1515915625525811484,Lost,email_discount,2021-03-19,10,False,
1515915625525818725,Lost,control,2021-03-20,0,False,
1515915625525821208,Lost,control,2021-03-26,0,True,188.22947648766103
1515915625525827148,Lost,control,2021-03-12,0,False,
1515915625525831210,Lost,control,2021-03-22,0,True,201.2117876937337
1515915625525832703,Lost,email_discount,2021-03-06,10,False,
1515915625525832908,Lost,control,2021-03-12,0,False,
1515915625525834147,Lost,email_discount,2021-03-09,10,False,
1515915625525834367,Lost,control,2021-03-20,0,False,
1515915625525836110,Lost,control,2021-03-05,0,True,137.00233516540982
1515915625525839284,Lost,control,2021-03-21,0,False,
1515915625525839356,Lost,email_discount,2021-03-03,10,False,
1515915625525839644,Lost,email_discount,2021-03-02,10,False,
1515915625525840156,Lost,push_cashback,2021-03-08,5,False,
1515915625525841093,Lost,control,2021-03-10,0,False,
1515915625525841341,Lost,push_cashback,2021-03-15,5,False,
1515915625525851361,Lost,push_cashback,2021-03-09,5,True,205.59577368252036
1515915625525851403,Lost,email_discount,2021-03-10,10,False,
1515915625525852140,Lost,email_discount,2021-03-11,10,True,230.11270046969173
1515915625525854773,Lost,push_cashback,2021-03-29,5,False,
1515915625525855335,Lost,control,2021-03-09,0,False,
1515915625525856497,Lost,email_discount,2021-03-14,10,True,153.67106874631196
1515915625525865288,Lost,control,2021-03-05,0,False,
1515915625525865757,Lost,control,2021-03-27,0,False,
1515915625525866995,Lost,push_cashback,2021-03-09,5,False,
1515915625525868258,Lost,push_cashback,2021-03-04,5,True,186.8163509533251
1515915625525900715,Lost,push_cashback,2021-03-02,5,True,94.34328597308131
1515915625525900930,Lost,push_cashback,2021-03-19,5,False,
1515915625525905111,Lost,email_discount,2021-03-01,10,False,
1515915625525905748,Lost,email_discount,2021-03-21,10,False,
1515915625525907963,Lost,push_cashback,2021-03-01,5,True,193.95647867035947
1515915625525909198,Lost,email_discount,2021-03-12,10,False,
1515915625525910520,Lost,push_cashback,2021-03-11,5,True,142.10329656879816
1515915625525911482,Lost,control,2021-03-01,0,False,
1515915625525911886,Lost,control,2021-03-14,0,False,
1515915625525911888,Lost,control,2021-03-27,0,False,
1515915625525913353,Lost,push_cashback,2021-03-11,5,False,
1515915625525916471,Lost,control,2021-03-29,0,False,
1515915625525916754,Lost,email_discount,2021-03-07,10,False,
1515915625525917302,Lost,control,2021-03-02,0,False,
1515915625525922024,Lost,control,2021-03-15,0,False,
1515915625525922466,Lost,control,2021-03-08,0,False,
1515915625525924814,Lost,email_discount,2021-03-22,10,False,
1515915625525945983,Lost,push_cashback,2021-03-20,5,False,
1515915625525948273,At Risk,email_discount,2021-03-25,10,False,
1515915625525950257,Lost,push_cashback,2021-03-15,5,False,
1515915625525953560,Lost,push_cashback,2021-03-26,5,False,
1515915625525954236,Lost,control,2021-03-08,0,False,
1515915625525957721,Can't Lose Them,push_cashback,2021-03-29,5,False,
1515915625525958021,Lost,email_discount,2021-03-10,10,False,
1515915625525958728,Lost,email_discount,2021-03-19,10,True,129.77918883904908
1515915625525961998,Lost,push_cashback,2021-03-03,5,False,
1515915625525964330,Can't Lose Them,control,2021-03-20,0,False,
1515915625525966772,Lost,control,2021-03-14,0,False,
1515915625525967214,Lost,email_discount,2021-03-09,10,False,
1515915625525969163,Lost,control,2021-03-09,0,False,
1515915625525972226,Lost,push_cashback,2021-03-21,5,False,
1515915625525973595,Lost,push_cashback,2021-03-28,5,False,
1515915625525977241,Lost,email_discount,2021-03-25,10,False,
1515915625525980491,Lost,push_cashback,2021-03-06,5,False,
1515915625525984515,Lost,email_discount,2021-03-08,10,False,
1515915625525987075,Lost,push_cashback,2021-03-11,5,False,
1515915625525988580,Lost,email_discount,2021-03-08,10,False,
1515915625525993469,Lost,control,2021-03-12,0,False,
1515915625525993820,Lost,push_cashback,2021-03-10,5,False,
1515915625525995498,Lost,push_cashback,2021-03-23,5,False,
1515915625526004502,Can't Lose Them,email_discount,2021-03-04,10,False,
1515915625526004535,Lost,email_discount,2021-03-16,10,False,
1515915625526004835,Lost,push_cashback,2021-03-20,5,False,
1515915625526006122,Lost,email_discount,2021-03-06,10,True,203.11879806464017
1515915625526006124,Lost,push_cashback,2021-03-30,5,True,94.13080139537419
1515915625526006630,Lost,control,2021-03-09,0,False,
1515915625526006794,Lost,email_discount,2021-03-23,10,False,
1515915625526008181,At Risk,push_cashback,2021-03-05,5,False,
1515915625526008292,Can't Lose Them,control,2021-03-21,0,False,
1515915625526009967,Lost,control,2021-03-24,0,False,
1515915625526012569,Lost,push_cashback,2021-03-06,5,False,
1515915625526019340,Lost,email_discount,2021-03-17,10,False,
1515915625526020082,Lost,push_cashback,2021-03-17,5,False,
1515915625526020499,Lost,control,2021-03-25,0,False,
1515915625526026300,Lost,push_cashback,2021-03-24,5,False,
1515915625526040386,Lost,email_discount,2021-03-22,10,True,200.40861113457456
1515915625526043633,Lost,control,2021-03-13,0,False,
1515915625526047537,Lost,push_cashback,2021-03-17,5,True,119.70883481820415
1515915625526048933,Lost,email_discount,2021-03-14,10,False,
1515915625526066847,Lost,control,2021-03-02,0,False,
1515915625526074837,Lost,email_discount,2021-03-26,10,False,
1515915625526084284,Lost,control,2021-03-19,0,False,
1515915625526085232,Lost,push_cashback,2021-03-26,5,False,
1515915625526086568,Lost,email_discount,2021-03-28,10,False,
1515915625526093690,Lost,control,2021-03-03,0,True,118.45640282426191
1515915625526098240,Lost,email_discount,2021-03-02,10,False,
1515915625526105313,Lost,email_discount,2021-03-28,10,True,187.69338326208577
1515915625526105620,Lost,push_cashback,2021-03-02,5,False,
1515915625526134903,Can't Lose Them,email_discount,2021-03-22,10,False,
1515915625526139606,Lost,control,2021-03-07,0,False,
1515915625526139762,Lost,control,2021-03-04,0,False,
1515915625526143776,At Risk,control,2021-03-17,0,False,
1515915625526147607,Lost,control,2021-03-06,0,False,
1515915625526148813,Lost,push_cashback,2021-03-07,5,False,
1515915625526153878,Lost,email_discount,2021-03-20,10,True,177.23519341183095
1515915625526154987,Lost,push_cashback,2021-03-06,5,True,223.27157804362028
1515915625526167180,Lost,email_discount,2021-03-09,10,False,
1515915625526173400,Lost,email_discount,2021-03-20,10,False,
1515915625526174073,Lost,email_discount,2021-03-28,10,False,
1515915625526182650,Lost,push_cashback,2021-03-30,5,True,113.60794999509523
1515915625526195118,Lost,email_discount,2021-03-26,10,False,
1515915625526195713,Lost,push_cashback,2021-03-04,5,False,
1515915625526202918,Lost,control,2021-03-26,0,False,
1515915625526212343,Lost,control,2021-03-28,0,False,
1515915625526217902,Lost,email_discount,2021-03-05,10,False,
1515915625526217986,Lost,push_cashback,2021-03-19,5,False,
1515915625526222457,Lost,control,2021-03-10,0,False,
1515915625526227048,Lost,push_cashback,2021-03-18,5,False,
1515915625526232166,Lost,push_cashback,2021-03-15,5,False,
1515915625526244779,Lost,email_discount,2021-03-25,10,False,
1515915625526245934,Lost,control,2021-03-29,0,False,
1515915625526255463,Lost,email_discount,2021-03-01,10,False,
1515915625526273204,Lost,email_discount,2021-03-05,10,False,
1515915625526274907,Lost,control,2021-03-05,0,False,
1515915625526275622,Lost,control,2021-03-08,0,False,
1515915625526278854,At Risk,push_cashback,2021-03-22,5,False,
1515915625526280013,Lost,control,2021-03-22,0,False,
1515915625526281895,Lost,push_cashback,2021-03-22,5,False,
1515915625526282600,Lost,push_cashback,2021-03-20,5,False,
1515915625526284766,Lost,push_cashback,2021-03-15,5,True,220.00217964658836
1515915625526286808,Lost,control,2021-03-17,0,False,
1515915625526287114,Lost,email_discount,2021-03-19,10,True,133.80599280788252
1515915625526288427,At Risk,push_cashback,2021-03-29,5,False,
1515915625526290975,Lost,email_discount,2021-03-13,10,False,
1515915625526292514,Lost,email_discount,2021-03-26,10,False,
1515915625526294699,Lost,control,2021-03-28,0,False,
1515915625526297047,Lost,email_discount,2021-03-27,10,False,
1515915625526299006,Lost,email_discount,2021-03-22,10,False,
1515915625526299369,Lost,control,2021-03-21,0,False,
1515915625526299425,Can't Lose Them,push_cashback,2021-03-10,5,True,201.77769665700163
1515915625526302288,Lost,email_discount,2021-03-17,10,False,
1515915625526311637,Lost,control,2021-03-05,0,False,
1515915625526312960,Lost,email_discount,2021-03-18,10,True,234.77416352840183
1515915625526313687,Lost,email_discount,2021-03-17,10,True,199.46564536509163
1515915625526314100,Lost,push_cashback,2021-03-04,5,False,
1515915625526316699,Lost,email_discount,2021-03-22,10,False,
1515915625526317361,Lost,control,2021-03-07,0,False,
1515915625526320197,Lost,email_discount,2021-03-25,10,True,149.40707537577137
1515915625526322495,Lost,push_cashback,2021-03-05,5,True,104.08182112174208
1515915625526325903,Lost,push_cashback,2021-03-08,5,False,
1515915625526329017,Lost,control,2021-03-08,0,False,
1515915625526329882,Lost,push_cashback,2021-03-11,5,False,
1515915625526331460,Lost,email_discount,2021-03-09,10,False,
1515915625526335093,Lost,push_cashback,2021-03-19,5,False,
1515915625526338078,Lost,control,2021-03-19,0,False,
1515915625526339124,Lost,push_cashback,2021-03-09,5,False,
1515915625526339561,Can't Lose Them,push_cashback,2021-03-23,5,False,
1515915625526340321,Lost,push_cashback,2021-03-20,5,False,
1515915625526342267,Lost,control,2021-03-17,0,False,
1515915625526346138,Lost,push_cashback,2021-03-16,5,False,
1515915625526353407,Lost,push_cashback,2021-03-07,5,False,
1515915625526354450,Lost,email_discount,2021-03-26,10,False,
1515915625526361824,Lost,control,2021-03-22,0,False,
1515915625526362354,Lost,push_cashback,2021-03-03,5,False,
1515915625526366528,Lost,control,2021-03-30,0,False,
1515915625526375332,Lost,push_cashback,2021-03-21,5,False,
1515915625526375526,Lost,push_cashback,2021-03-19,5,False,
1515915625526380994,Lost,push_cashback,2021-03-08,5,False,
1515915625526382468,Lost,email_discount,2021-03-05,10,True,97.17005823821688
1515915625526384026,Lost,email_discount,2021-03-26,10,False,
1515915625526384517,Lost,email_discount,2021-03-26,10,True,268.3530929331898
1515915625526388423,Lost,control,2021-03-06,0,False,
1515915625526388432,Lost,control,2021-03-02,0,False,
1515915625526389606,Lost,email_discount,2021-03-24,10,False,
1515915625526393288,Lost,control,2021-03-25,0,False,
1515915625526394279,Lost,push_cashback,2021-03-19,5,False,
1515915625526398154,Lost,push_cashback,2021-03-13,5,True,153.1258042507212
1515915625526400042,Lost,push_cashback,2021-03-06,5,False,
1515915625526400594,Lost,email_discount,2021-03-06,10,True,135.2899603522618
1515915625526401747,Can't Lose Them,control,2021-03-02,0,False,
1515915625526412456,Lost,email_discount,2021-03-26,10,False,
1515915625526412946,Lost,control,2021-03-24,0,False,
1515915625526414446,Lost,push_cashback,2021-03-05,5,False,
1515915625526414626,Lost,email_discount,2021-03-11,10,True,133.55777272819637
1515915625526415496,Lost,control,2021-03-11,0,True,182.05022053148394
1515915625526415678,Lost,control,2021-03-24,0,False,
1515915625526416405,Lost,push_cashback,2021-03-14,5,False,
1515915625526418551,Lost,email_discount,2021-03-13,10,True,167.23165533781588
1515915625526418813,Lost,email_discount,2021-03-30,10,False,
1515915625526422141,Lost,email_discount,2021-03-08,10,False,
1515915625526425255,Lost,push_cashback,2021-03-15,5,True,88.22829684572127
1515915625526433762,Lost,email_discount,2021-03-12,10,False,
1515915625526434969,Lost,push_cashback,2021-03-03,5,True,199.58162677853798
1515915625526439236,Lost,push_cashback,2021-03-21,5,False,
1515915625526439809,Lost,push_cashback,2021-03-23,5,False,
1515915625526440267,Lost,control,2021-03-05,0,False,
1515915625526441190,Lost,email_discount,2021-03-06,10,False,
1515915625526441431,Lost,email_discount,2021-03-02,10,True,200.0742599974066
1515915625526443845,Lost,push_cashback,2021-03-08,5,False,
1515915625526444130,Lost,push_cashback,2021-03-05,5,False,
1515915625526447403,Lost,email_discount,2021-03-22,10,True,267.79599496259976
1515915625526450760,Lost,push_cashback,2021-03-17,5,False,
1515915625526450888,Lost,email_discount,2021-03-26,10,False,
1515915625526450909,Lost,control,2021-03-02,0,False,
1515915625526458582,Lost,push_cashback,2021-03-11,5,False,
1515915625526461271,Lost,email_discount,2021-03-04,10,False,
1515915625526463049,Lost,push_cashback,2021-03-11,5,False,
1515915625526471986,Lost,email_discount,2021-03-09,10,False,
1515915625526472119,Lost,email_discount,2021-03-06,10,False,
1515915625526480740,Lost,push_cashback,2021-03-24,5,False,
1515915625526483691,Lost,control,2021-03-02,0,False,
1515915625526488764,Lost,email_discount,2021-03-26,10,False,
1515915625526488855,Lost,email_discount,2021-03-15,10,False,
1515915625526489910,Lost,email_discount,2021-03-05,10,False,
1515915625526489969,Lost,control,2021-03-28,0,False,
1515915625526490385,Lost,control,2021-03-12,0,False,
1515915625526492335,Lost,push_cashback,2021-03-13,5,False,
1515915625526495846,Lost,control,2021-03-17,0,False,
1515915625526499539,Lost,push_cashback,2021-03-04,5,False,
1515915625526504363,Can't Lose Them,push_cashback,2021-03-10,5,True,210.63165790218156
1515915625526504933,Lost,control,2021-03-01,0,False,
1515915625526507041,Lost,push_cashback,2021-03-11,5,False,
1515915625526508966,Lost,control,2021-03-16,0,False,
1515915625526518485,Lost,push_cashback,2021-03-11,5,False,
1515915625526522408,Lost,control,2021-03-09,0,False,
1515915625526531093,Lost,control,2021-03-02,0,False,
1515915625526533185,Lost,push_cashback,2021-03-07,5,False,
1515915625526542737,Lost,email_discount,2021-03-19,10,True,45.58337804656489
1515915625526560530,Lost,push_cashback,2021-03-30,5,False,
1515915625526564954,Lost,control,2021-03-18,0,False,
1515915625526571408,Lost,email_discount,2021-03-29,10,False,
1515915625526571951,Lost,push_cashback,2021-03-20,5,False,
1515915625526582261,Lost,push_cashback,2021-03-07,5,False,
1515915625526597231,Lost,push_cashback,2021-03-23,5,False,
1515915625526602073,Lost,email_discount,2021-03-09,10,True,248.76382882269033
1515915625526604255,Lost,control,2021-03-12,0,False,
1515915625526604620,Lost,push_cashback,2021-03-29,5,False,
1515915625526606339,Lost,push_cashback,2021-03-03,5,False,
1515915625526611927,Lost,push_cashback,2021-03-23,5,False,
1515915625526613046,Lost,push_cashback,2021-03-22,5,False,
1515915625526615119,Lost,push_cashback,2021-03-26,5,False,
1515915625526615360,Lost,control,2021-03-16,0,False,
1515915625526615886,Lost,control,2021-03-07,0,False,
1515915625526618598,Lost,push_cashback,2021-03-23,5,False,
1515915625526619002,Lost,email_discount,2021-03-26,10,False,
1515915625526621214,Lost,control,2021-03-05,0,False,
1515915625526622014,Lost,email_discount,2021-03-25,10,False,
1515915625526624740,Lost,control,2021-03-23,0,False,
1515915625526630226,Lost,push_cashback,2021-03-07,5,False,
1515915625526645099,Lost,control,2021-03-28,0,False,
1515915625526645662,Lost,push_cashback,2021-03-30,5,False,
1515915625526646150,Lost,control,2021-03-19,0,False,
1515915625526647141,Can't Lose Them,push_cashback,2021-03-17,5,False,
1515915625526649580,Lost,push_cashback,2021-03-16,5,False,
1515915625526650947,Lost,push_cashback,2021-03-30,5,False,
1515915625526653093,Lost,push_cashback,2021-03-30,5,False,
1515915625526654616,Lost,email_discount,2021-03-21,10,False,
1515915625526656251,Can't Lose Them,push_cashback,2021-03-24,5,False,
1515915625526659501,Lost,email_discount,2021-03-21,10,True,239.33710621735418
1515915625526661896,Lost,email_discount,2021-03-26,10,False,
1515915625526664740,Lost,push_cashback,2021-03-19,5,True,135.54508990576
1515915625526667167,Lost,email_discount,2021-03-25,10,False,
1515915625526667571,Lost,control,2021-03-18,0,False,
1515915625526669018,Lost,push_cashback,2021-03-19,5,False,
1515915625526670229,Lost,email_discount,2021-03-28,10,False,
1515915625526671180,Lost,push_cashback,2021-03-04,5,False,
1515915625526672376,Lost,push_cashback,2021-03-26,5,False,
1515915625526674432,Lost,push_cashback,2021-03-01,5,True,147.69696971507682
1515915625526675435,Lost,email_discount,2021-03-27,10,False,
1515915625526678318,Lost,control,2021-03-04,0,False,
1515915625526678538,Lost,control,2021-03-04,0,False,
1515915625526682977,Lost,email_discount,2021-03-09,10,False,
1515915625526684235,Lost,push_cashback,2021-03-08,5,True,181.46900428964966
1515915625526684382,Lost,email_discount,2021-03-02,10,False,
1515915625526684644,Lost,email_discount,2021-03-29,10,True,139.36032460414273
1515915625526687368,Lost,email_discount,2021-03-23,10,True,174.07720093042263
1515915625526690712,Lost,push_cashback,2021-03-06,5,False,
1515915625526694483,Lost,email_discount,2021-03-23,10,False,
1515915625526695411,Lost,push_cashback,2021-03-11,5,False,
1515915625526696972,Lost,email_discount,2021-03-04,10,False,
1515915625526698357,Lost,control,2021-03-30,0,False,
1515915625526700753,Lost,email_discount,2021-03-14,10,False,
1515915625526702824,Lost,email_discount,2021-03-21,10,False,
1515915625526710287,Lost,control,2021-03-22,0,False,
1515915625526711530,Lost,push_cashback,2021-03-09,5,False,
1515915625526711903,Lost,push_cashback,2021-03-02,5,False,
1515915625526712130,Lost,email_discount,2021-03-27,10,False,
1515915625526713579,Lost,control,2021-03-25,0,False,
1515915625526715699,Lost,push_cashback,2021-03-26,5,False,
1515915625526726942,Can't Lose Them,email_discount,2021-03-01,10,False,
1515915625526727733,Lost,control,2021-03-04,0,True,217.00157272468834
1515915625526729099,Lost,push_cashback,2021-03-12,5,False,
1515915625526730260,Lost,push_cashback,2021-03-05,5,False,
1515915625526731328,Lost,control,2021-03-09,0,False,
1515915625526731641,Lost,control,2021-03-22,0,False,
1515915625526733134,Lost,control,2021-03-04,0,False,
1515915625526736152,Lost,control,2021-03-16,0,False,
1515915625526736292,Lost,email_discount,2021-03-02,10,False,
1515915625526738070,Lost,control,2021-03-16,0,False,
1515915625526739939,Lost,push_cashback,2021-03-16,5,False,
1515915625526742540,Lost,push_cashback,2021-03-21,5,False,
1515915625526745191,Can't Lose Them,email_discount,2021-03-24,10,False,
1515915625526745760,Lost,push_cashback,2021-03-24,5,False,
1515915625526748100,Lost,push_cashback,2021-03-22,5,False,
1515915625526749376,Lost,control,2021-03-11,0,False,
1515915625526755028,Lost,push_cashback,2021-03-01,5,False,
1515915625526757478,Can't Lose Them,email_discount,2021-03-15,10,True,208.2977558910536
1515915625526761873,Can't Lose Them,control,2021-03-24,0,False,
1515915625526762477,Lost,control,2021-03-04,0,False,
1515915625526764355,Lost,email_discount,2021-03-30,10,False,
1515915625526767070,Lost,control,2021-03-18,0,False,
1515915625526769365,Lost,control,2021-03-17,0,False,
1515915625526773686,Lost,email_discount,2021-03-07,10,False,
1515915625526774142,Can't Lose Them,control,2021-03-18,0,False,
1515915625526774704,Lost,email_discount,2021-03-13,10,False,
1515915625526787001,Lost,email_discount,2021-03-20,10,False,
1515915625526788318,Lost,push_cashback,2021-03-20,5,False,
1515915625526788384,Lost,push_cashback,2021-03-29,5,False,
1515915625526793344,Lost,control,2021-03-10,0,False,
1515915625526798728,Lost,control,2021-03-01,0,False,
1515915625526806699,Lost,email_discount,2021-03-02,10,False,
1515915625526807163,Lost,control,2021-03-17,0,False,
1515915625526809272,Can't Lose Them,email_discount,2021-03-22,10,False,
1515915625526809408,Lost,email_discount,2021-03-29,10,False,
1515915625526814033,Lost,control,2021-03-03,0,False,
1515915625526823287,Lost,email_discount,2021-03-17,10,False,
1515915625526823471,Lost,push_cashback,2021-03-12,5,False,
1515915625526824024,At Risk,control,2021-03-24,0,False,
1515915625526826781,Lost,push_cashback,2021-03-30,5,True,138.32860944153043
1515915625526834824,Lost,control,2021-03-12,0,False,
1515915625526835389,Lost,email_discount,2021-03-30,10,False,
1515915625526837196,Lost,control,2021-03-20,0,False,
1515915625526838107,Lost,push_cashback,2021-03-10,5,False,
1515915625526838728,Can't Lose Them,email_discount,2021-03-07,10,False,
1515915625526841557,Lost,control,2021-03-10,0,False,
1515915625526849111,Lost,control,2021-03-18,0,False,
1515915625526851288,Lost,control,2021-03-22,0,False,
1515915625526860850,Lost,push_cashback,2021-03-06,5,False,
1515915625526865666,Lost,push_cashback,2021-03-07,5,False,
1515915625526866271,Lost,control,2021-03-28,0,False,
1515915625526867123,Lost,email_discount,2021-03-17,10,False,
1515915625526870955,Lost,email_discount,2021-03-30,10,False,
1515915625526873385,Can't Lose Them,push_cashback,2021-03-12,5,False,
1515915625526873779,Lost,email_discount,2021-03-17,10,True,231.0242250488551
1515915625526881471,Lost,push_cashback,2021-03-18,5,False,
1515915625526881618,Lost,control,2021-03-14,0,False,
1515915625526881627,Lost,push_cashback,2021-03-11,5,False,
1515915625526886885,Lost,push_cashback,2021-03-02,5,True,177.11581050171725
1515915625526891968,Lost,control,2021-03-21,0,False,
1515915625526893569,Lost,email_discount,2021-03-01,10,False,
1515915625526893754,Lost,push_cashback,2021-03-11,5,True,175.74821811787496
1515915625526895461,Can't Lose Them,push_cashback,2021-03-02,5,False,
1515915625526909272,Lost,control,2021-03-16,0,False,
1515915625526913518,Lost,email_discount,2021-03-22,10,False,
1515915625526914687,Can't Lose Them,push_cashback,2021-03-03,5,False,
1515915625526915188,Lost,control,2021-03-20,0,False,
1515915625526916238,Lost,push_cashback,2021-03-01,5,False,
1515915625526940209,Lost,control,2021-03-21,0,False,
1515915625526953691,Lost,email_discount,2021-03-20,10,False,
1515915625526957732,Lost,email_discount,2021-03-08,10,False,
1515915625526972853,Lost,email_discount,2021-03-19,10,True,161.82804366584583
1515915625526974259,Lost,email_discount,2021-03-26,10,False,
1515915625526977904,Lost,push_cashback,2021-03-01,5,False,
1515915625526978114,Lost,push_cashback,2021-03-30,5,False,
1515915625526987391,Lost,email_discount,2021-03-29,10,False,
1515915625526987413,Lost,email_discount,2021-03-26,10,True,184.70576553490122
1515915625526987691,Lost,email_discount,2021-03-05,10,False,
1515915625526990374,At Risk,push_cashback,2021-03-30,5,False,
1515915625526992330,Lost,email_discount,2021-03-01,10,False,
1515915625526994879,Lost,email_discount,2021-03-11,10,False,
1515915625526996728,Lost,email_discount,2021-03-21,10,True,150.16588332711024
1515915625526999377,Lost,control,2021-03-09,0,False,
1515915625526999970,Lost,email_discount,2021-03-05,10,False,
1515915625527000849,Lost,control,2021-03-02,0,False,
1515915625527003688,Lost,control,2021-03-13,0,False,
1515915625527009836,Lost,email_discount,2021-03-18,10,False,
1515915625527012376,At Risk,control,2021-03-26,0,False,
1515915625527015732,Lost,email_discount,2021-03-25,10,True,97.67517868833576
1515915625527016137,Lost,push_cashback,2021-03-12,5,False,
1515915625527019964,Lost,push_cashback,2021-03-14,5,False,
1515915625527022011,Lost,push_cashback,2021-03-05,5,False,
1515915625527022842,Lost,push_cashback,2021-03-27,5,False,
1515915625527032270,At Risk,control,2021-03-24,0,False,
1515915625527034114,Lost,email_discount,2021-03-10,10,False,
1515915625527037429,Lost,email_discount,2021-03-20,10,False,
1515915625527041586,Lost,email_discount,2021-03-02,10,False,
1515915625527042344,Lost,push_cashback,2021-03-04,5,False,
1515915625527044580,Lost,push_cashback,2021-03-12,5,False,
1515915625527046379,Lost,email_discount,2021-03-11,10,False,
1515915625527050389,Lost,push_cashback,2021-03-04,5,False,
1515915625527055742,Lost,email_discount,2021-03-11,10,False,
1515915625527058257,Lost,email_discount,2021-03-09,10,True,172.4093525435457
1515915625527060764,Lost,email_discount,2021-03-10,10,False,
1515915625527061506,Lost,email_discount,2021-03-27,10,False,
1515915625527061578,Lost,email_discount,2021-03-06,10,False,
1515915625527062833,Lost,email_discount,2021-03-15,10,False,
1515915625527066430,Lost,email_discount,2021-03-10,10,False,
1515915625527066465,Lost,push_cashback,2021-03-22,5,False,
1515915625527067304,Lost,email_discount,2021-03-21,10,False,
1515915625527070869,Lost,email_discount,2021-03-06,10,False,
1515915625527078952,Lost,push_cashback,2021-03-01,5,False,
1515915625527080877,Lost,push_cashback,2021-03-29,5,False,
1515915625527080923,Lost,push_cashback,2021-03-21,5,False,
1515915625527081993,Lost,email_discount,2021-03-28,10,True,179.50314892573405
1515915625527082626,Lost,control,2021-03-22,0,False,
1515915625527083110,Lost,control,2021-03-24,0,True,180.76612873848194
1515915625527084746,Lost,push_cashback,2021-03-20,5,False,
1515915625527086920,Lost,control,2021-03-30,0,False,
1515915625527088709,Can't Lose Them,push_cashback,2021-03-21,5,False,
1515915625527090351,Lost,email_discount,2021-03-04,10,False,
1515915625527091868,Lost,control,2021-03-23,0,False,
1515915625527093808,Lost,email_discount,2021-03-26,10,False,
1515915625527108651,Lost,control,2021-03-22,0,False,
1515915625527111579,Lost,email_discount,2021-03-14,10,False,
1515915625527112428,Lost,control,2021-03-20,0,False,
1515915625527113027,Lost,email_discount,2021-03-22,10,False,
1515915625527114152,Lost,email_discount,2021-03-29,10,False,
1515915625527115023,Lost,control,2021-03-20,0,False,
1515915625527119387,Lost,email_discount,2021-03-28,10,False,
1515915625527123586,Lost,email_discount,2021-03-08,10,False,
1515915625527124237,Lost,email_discount,2021-03-11,10,False,
1515915625527124667,Lost,control,2021-03-15,0,False,
1515915625527128522,Lost,control,2021-03-19,0,False,
1515915625527135756,Lost,email_discount,2021-03-08,10,False,
1515915625527136762,Lost,email_discount,2021-03-13,10,True,239.54695692658225
1515915625527138562,Lost,control,2021-03-18,0,False,
1515915625527139549,Lost,control,2021-03-22,0,False,
1515915625527140432,Lost,email_discount,2021-03-24,10,False,
1515915625527143017,Lost,email_discount,2021-03-17,10,False,
1515915625527151575,Lost,email_discount,2021-03-06,10,False,
1515915625527152133,Lost,push_cashback,2021-03-25,5,False,
1515915625527157362,Lost,control,2021-03-15,0,False,
1515915625527158178,Can't Lose Them,push_cashback,2021-03-13,5,True,138.9086062109316
1515915625527161448,Lost,control,2021-03-26,0,False,
1515915625527163047,Lost,control,2021-03-26,0,False,
1515915625527168768,Lost,control,2021-03-18,0,False,
1515915625527169180,Lost,control,2021-03-11,0,False,
1515915625527169552,Lost,control,2021-03-13,0,True,159.55441585238177
1515915625527171450,Lost,control,2021-03-01,0,False,
1515915625527172900,Lost,control,2021-03-18,0,False,
1515915625527175924,Lost,push_cashback,2021-03-05,5,False,
1515915625527175941,Lost,email_discount,2021-03-06,10,False,
1515915625527183284,Lost,email_discount,2021-03-01,10,False,
1515915625527184589,Lost,push_cashback,2021-03-07,5,False,
1515915625527187789,Lost,push_cashback,2021-03-27,5,False,
1515915625527191014,Lost,push_cashback,2021-03-04,5,False,
1515915625527192189,Lost,push_cashback,2021-03-09,5,False,
1515915625527193795,Lost,control,2021-03-15,0,False,
1515915625527194467,Lost,email_discount,2021-03-06,10,False,
1515915625527200620,Lost,control,2021-03-25,0,False,
1515915625527200866,Lost,email_discount,2021-03-17,10,False,
1515915625527208766,Lost,email_discount,2021-03-20,10,False,
1515915625527217161,Lost,push_cashback,2021-03-18,5,False,
1515915625527218111,Lost,control,2021-03-22,0,False,
1515915625527222662,Lost,push_cashback,2021-03-04,5,False,
1515915625527232557,Lost,control,2021-03-09,0,False,
1515915625527235966,Lost,email_discount,2021-03-14,10,False,
1515915625527237314,At Risk,push_cashback,2021-03-03,5,False,
1515915625527238352,At Risk,push_cashback,2021-03-01,5,False,
1515915625527248059,Lost,email_discount,2021-03-27,10,True,219.47799189295483
1515915625527248991,Lost,email_discount,2021-03-29,10,False,
1515915625527255661,Lost,email_discount,2021-03-11,10,False,
1515915625527261079,Lost,push_cashback,2021-03-01,5,False,
1515915625527263422,Lost,control,2021-03-12,0,False,
1515915625527264263,Lost,push_cashback,2021-03-25,5,False,
1515915625527265480,Lost,control,2021-03-09,0,False,
1515915625527288759,Lost,push_cashback,2021-03-05,5,False,
1515915625527291560,Lost,push_cashback,2021-03-15,5,True,134.89911541672618
1515915625527294941,Can't Lose Them,email_discount,2021-03-18,10,False,
1515915625527316661,Lost,control,2021-03-09,0,False,
1515915625527326096,Lost,push_cashback,2021-03-13,5,False,
1515915625527340120,Lost,push_cashback,2021-03-28,5,False,
1515915625527340206,Lost,email_discount,2021-03-13,10,False,
1515915625527340570,Lost,email_discount,2021-03-24,10,False,
1515915625527341529,Lost,control,2021-03-13,0,False,
1515915625527341853,Lost,push_cashback,2021-03-27,5,False,
1515915625527350876,Lost,control,2021-03-10,0,False,
1515915625527352959,Lost,push_cashback,2021-03-10,5,True,171.14998115233914
1515915625527353999,Lost,control,2021-03-22,0,False,
1515915625527355238,At Risk,email_discount,2021-03-07,10,False,
1515915625527355327,Lost,push_cashback,2021-03-28,5,False,
1515915625527355680,Lost,control,2021-03-22,0,False,
1515915625527356597,Lost,email_discount,2021-03-05,10,False,
1515915625527361062,Lost,email_discount,2021-03-20,10,False,
1515915625527361832,Lost,control,2021-03-07,0,False,
1515915625527361998,Lost,push_cashback,2021-03-20,5,True,148.66871945742577
1515915625527362727,Lost,push_cashback,2021-03-10,5,False,
1515915625527364504,Lost,email_discount,2021-03-10,10,False,
1515915625527365812,Lost,push_cashback,2021-03-26,5,True,155.25502469154296
1515915625527366014,Lost,push_cashback,2021-03-25,5,False,
1515915625527367807,Lost,push_cashback,2021-03-21,5,True,195.32579556842708
1515915625527370806,Lost,email_discount,2021-03-24,10,False,
1515915625527375327,Lost,control,2021-03-28,0,False,
1515915625527378323,Lost,push_cashback,2021-03-13,5,False,
1515915625527379139,Lost,email_discount,2021-03-15,10,False,
1515915625527382071,Lost,email_discount,2021-03-28,10,False,
1515915625527386826,Lost,control,2021-03-28,0,False,
1515915625527395404,Lost,push_cashback,2021-03-06,5,True,150.06187776078238
1515915625527397245,Lost,push_cashback,2021-03-20,5,False,
1515915625527397508,Lost,control,2021-03-12,0,False,
1515915625527401056,Lost,control,2021-03-19,0,False,
1515915625527403156,Lost,email_discount,2021-03-11,10,False,
1515915625527403730,Lost,email_discount,2021-03-06,10,False,
1515915625527407687,Lost,control,2021-03-01,0,False,
1515915625527408622,Lost,push_cashback,2021-03-02,5,True,196.62976028959338
1515915625527417534,Can't Lose Them,email_discount,2021-03-23,10,False,
1515915625527420896,Lost,email_discount,2021-03-15,10,False,
1515915625527428839,Lost,push_cashback,2021-03-04,5,False,
1515915625527434126,Lost,email_discount,2021-03-05,10,False,
1515915625527434788,Lost,push_cashback,2021-03-15,5,False,
1515915625527436803,Lost,push_cashback,2021-03-11,5,False,
1515915625527437519,Lost,push_cashback,2021-03-10,5,False,
1515915625527437650,Lost,control,2021-03-17,0,True,92.99780945538336
1515915625527437898,Lost,control,2021-03-02,0,False,
1515915625527439989,Lost,control,2021-03-20,0,False,
1515915625527448464,Lost,push_cashback,2021-03-24,5,False,
1515915625527450581,Lost,push_cashback,2021-03-10,5,False,
1515915625527450752,Can't Lose Them,control,2021-03-20,0,False,
1515915625527451443,Lost,email_discount,2021-03-30,10,False,
1515915625527453649,Lost,push_cashback,2021-03-03,5,False,
1515915625527454946,Lost,email_discount,2021-03-19,10,False,
1515915625527459011,Lost,email_discount,2021-03-28,10,False,
1515915625527462066,Lost,push_cashback,2021-03-05,5,False,
1515915625527468835,Lost,push_cashback,2021-03-03,5,True,107.81541304322155
1515915625527469217,Lost,email_discount,2021-03-08,10,False,
1515915625527472807,Lost,email_discount,2021-03-05,10,False,
1515915625527477918,Lost,control,2021-03-28,0,False,
1515915625527477963,Lost,control,2021-03-30,0,False,
1515915625527478238,Lost,push_cashback,2021-03-12,5,False,
1515915625527478347,Lost,control,2021-03-14,0,False,
1515915625527480054,Lost,control,2021-03-07,0,False,
1515915625527480388,Lost,control,2021-03-11,0,False,
1515915625527484185,Lost,control,2021-03-08,0,False,
1515915625527489350,Lost,email_discount,2021-03-05,10,False,
1515915625527489423,Lost,push_cashback,2021-03-08,5,False,
1515915625527491311,Lost,control,2021-03-12,0,False,
1515915625527494820,At Risk,email_discount,2021-03-15,10,False,
1515915625527495855,Lost,email_discount,2021-03-19,10,True,80.6809959163018
1515915625527496574,Lost,email_discount,2021-03-16,10,False,
1515915625527502095,Lost,control,2021-03-14,0,False,
1515915625527504299,Lost,control,2021-03-28,0,False,
1515915625527512103,Lost,push_cashback,2021-03-07,5,False,
1515915625527518189,Lost,control,2021-03-08,0,False,
1515915625527524923,Lost,control,2021-03-07,0,False,
1515915625527528751,Lost,email_discount,2021-03-30,10,False,
1515915625527528767,Lost,push_cashback,2021-03-18,5,False,
1515915625527532205,Lost,control,2021-03-24,0,False,
1515915625527532690,Lost,control,2021-03-06,0,False,
1515915625527538959,Lost,email_discount,2021-03-26,10,False,
1515915625527544108,Lost,email_discount,2021-03-19,10,True,132.54032222748648
1515915625527548408,Lost,control,2021-03-04,0,False,
1515915625527549499,Lost,push_cashback,2021-03-23,5,False,
1515915625527550352,Lost,push_cashback,2021-03-03,5,False,
1515915625527565097,Lost,email_discount,2021-03-17,10,False,
1515915625527570947,Lost,email_discount,2021-03-22,10,False,
1515915625527572805,Lost,control,2021-03-19,0,False,
1515915625527573656,Lost,email_discount,2021-03-27,10,False,
1515915625527576410,Lost,control,2021-03-15,0,False,
1515915625527579796,Lost,push_cashback,2021-03-26,5,False,
1515915625527582220,Lost,push_cashback,2021-03-06,5,False,
1515915625527583651,Can't Lose Them,control,2021-03-26,0,False,
1515915625527584854,Lost,email_discount,2021-03-12,10,False,
1515915625527588494,Lost,push_cashback,2021-03-19,5,False,
1515915625527591469,Lost,email_discount,2021-03-06,10,False,
1515915625527594865,Lost,push_cashback,2021-03-11,5,False,
1515915625527600742,Lost,control,2021-03-20,0,False,
1515915625527604095,Lost,control,2021-03-29,0,False,
1515915625527606579,At Risk,control,2021-03-20,0,False,
1515915625527612278,Lost,push_cashback,2021-03-10,5,False,
1515915625527621988,Lost,email_discount,2021-03-26,10,False,
1515915625527623204,Lost,email_discount,2021-03-16,10,False,
1515915625527624805,Lost,email_discount,2021-03-27,10,False,
1515915625527626804,Lost,push_cashback,2021-03-18,5,True,239.2737465139669
1515915625527629651,Lost,push_cashback,2021-03-14,5,False,
1515915625527630554,Lost,push_cashback,2021-03-04,5,False,
1515915625527632561,Lost,push_cashback,2021-03-27,5,False,
1515915625527634821,Lost,push_cashback,2021-03-12,5,True,164.2985636526619
1515915625527635469,Lost,email_discount,2021-03-20,10,False,
1515915625527649013,Lost,push_cashback,2021-03-27,5,False,
1515915625527658541,Lost,push_cashback,2021-03-23,5,False,
1515915625527659310,Lost,email_discount,2021-03-21,10,False,
1515915625527659614,Lost,push_cashback,2021-03-08,5,False,
1515915625527663138,Lost,email_discount,2021-03-07,10,False,
1515915625527668151,Lost,email_discount,2021-03-26,10,True,152.54137622941442
1515915625527670136,Lost,control,2021-03-09,0,False,
1515915625527672915,Lost,control,2021-03-24,0,False,
1515915625527673457,Lost,control,2021-03-25,0,False,
1515915625527676347,Lost,control,2021-03-17,0,False,
1515915625527679447,Lost,push_cashback,2021-03-10,5,False,
1515915625527684889,Lost,control,2021-03-29,0,False,
1515915625527693299,Lost,email_discount,2021-03-28,10,False,
1515915625527697075,Lost,push_cashback,2021-03-03,5,False,
1515915625527715251,Lost,control,2021-03-21,0,False,
1515915625527723245,Can't Lose Them,email_discount,2021-03-25,10,False,
1515915625527724300,Lost,push_cashback,2021-03-08,5,True,196.31227299969694
1515915625527726783,Lost,push_cashback,2021-03-14,5,False,
1515915625527731254,Lost,control,2021-03-26,0,False,
1515915625527733505,Lost,push_cashback,2021-03-07,5,False,
1515915625527733754,Lost,email_discount,2021-03-16,10,False,
1515915625527740794,Lost,push_cashback,2021-03-18,5,False,
1515915625527740894,Lost,email_discount,2021-03-11,10,False,
1515915625527741785,Lost,push_cashback,2021-03-06,5,False,
1515915625527742229,Lost,control,2021-03-20,0,False,
1515915625527742593,Lost,email_discount,2021-03-21,10,False,
1515915625527743067,Lost,push_cashback,2021-03-14,5,False,
1515915625527743089,Lost,push_cashback,2021-03-21,5,False,
1515915625527743671,Lost,push_cashback,2021-03-13,5,False,
1515915625527744341,Lost,email_discount,2021-03-04,10,False,
1515915625527744359,Lost,email_discount,2021-03-20,10,False,
1515915625527744534,Lost,email_discount,2021-03-20,10,False,
1515915625527752650,Lost,control,2021-03-11,0,False,
1515915625527754930,Lost,control,2021-03-18,0,False,
1515915625527757175,Lost,email_discount,2021-03-01,10,False,
1515915625527766446,Can't Lose Them,push_cashback,2021-03-12,5,False,
1515915625527766536,Lost,control,2021-03-18,0,False,
1515915625527766602,Lost,email_discount,2021-03-07,10,False,
1515915625527768285,Lost,push_cashback,2021-03-12,5,True,201.9604422902869
1515915625527768476,Lost,control,2021-03-01,0,False,
1515915625527771460,Lost,push_cashback,2021-03-22,5,False,
1515915625527775284,Can't Lose Them,push_cashback,2021-03-04,5,False,
1515915625527775533,Lost,push_cashback,2021-03-18,5,False,
1515915625527776352,Lost,push_cashback,2021-03-15,5,False,
1515915625527781253,Lost,control,2021-03-03,0,False,
1515915625527790544,Lost,control,2021-03-07,0,False,
1515915625527792268,Lost,control,2021-03-06,0,False,
1515915625527792444,Lost,email_discount,2021-03-15,10,False,
1515915625527793569,Lost,control,2021-03-15,0,False,
1515915625527799215,Lost,push_cashback,2021-03-06,5,False,
1515915625527809456,Lost,control,2021-03-08,0,False,
1515915625527809831,Lost,push_cashback,2021-03-08,5,False,
1515915625527812128,Lost,email_discount,2021-03-22,10,False,
1515915625527813587,Lost,push_cashback,2021-03-01,5,True,116.16608743749896
1515915625527816332,Lost,push_cashback,2021-03-26,5,False,
1515915625527816644,Lost,push_cashback,2021-03-13,5,False,
1515915625527818291,Lost,email_discount,2021-03-23,10,False,
1515915625527821906,Lost,control,2021-03-24,0,False,
1515915625527823849,Lost,control,2021-03-21,0,False,
1515915625527823962,Lost,email_discount,2021-03-13,10,False,
1515915625527826748,Lost,push_cashback,2021-03-11,5,False,
1515915625527830190,Can't Lose Them,control,2021-03-04,0,False,
1515915625527832042,Lost,email_discount,2021-03-07,10,True,297.41900530883504
1515915625527834590,Lost,control,2021-03-28,0,False,
1515915625527842400,Lost,email_discount,2021-03-12,10,False,
1515915625527844720,Lost,push_cashback,2021-03-27,5,False,
1515915625527844763,Lost,control,2021-03-13,0,False,
1515915625527846035,Lost,email_discount,2021-03-22,10,False,
1515915625527848165,Can't Lose Them,control,2021-03-12,0,False,
1515915625527849559,At Risk,control,2021-03-16,0,False,
1515915625527849747,Lost,control,2021-03-06,0,True,186.60589540604434
1515915625527851005,Lost,control,2021-03-14,0,False,
1515915625527851301,Lost,email_discount,2021-03-19,10,False,
1515915625527852663,Lost,push_cashback,2021-03-16,5,True,181.09407953817365
1515915625527853801,Lost,email_discount,2021-03-27,10,False,
1515915625527853886,Lost,email_discount,2021-03-26,10,False,
1515915625527858705,Lost,email_discount,2021-03-04,10,True,207.37549181110379
1515915625527860120,Lost,push_cashback,2021-03-05,5,False,
1515915625527861186,Lost,control,2021-03-09,0,False,
1515915625527861308,Lost,control,2021-03-24,0,False,
1515915625527864180,Lost,control,2021-03-03,0,False,
1515915625527866749,Lost,push_cashback,2021-03-22,5,False,
1515915625527868062,Lost,control,2021-03-10,0,False,
1515915625527872178,Lost,push_cashback,2021-03-17,5,False,
1515915625527872540,Lost,control,2021-03-19,0,True,195.79579054193087
1515915625527873078,Lost,control,2021-03-10,0,False,
1515915625527875754,Lost,email_discount,2021-03-30,10,False,
1515915625527877675,Lost,push_cashback,2021-03-12,5,False,
1515915625527880069,Lost,email_discount,2021-03-23,10,False,
1515915625527891034,Lost,email_discount,2021-03-07,10,False,
1515915625527893195,Lost,email_discount,2021-03-18,10,False,
1515915625527901287,Lost,push_cashback,2021-03-19,5,False,
1515915625527902896,Lost,push_cashback,2021-03-15,5,False,
1515915625527906192,Lost,control,2021-03-07,0,False,
1515915625527910897,Lost,email_discount,2021-03-12,10,False,
1515915625527912295,Lost,control,2021-03-22,0,False,
1515915625527912920,Lost,email_discount,2021-03-29,10,False,
1515915625527913409,Lost,push_cashback,2021-03-07,5,False,
1515915625527918550,Lost,push_cashback,2021-03-10,5,True,140.14106381142088
1515915625527919694,Lost,push_cashback,2021-03-25,5,False,
1515915625527920979,Lost,email_discount,2021-03-24,10,False,
1515915625527921853,Lost,push_cashback,2021-03-22,5,False,
1515915625527925944,Lost,email_discount,2021-03-28,10,True,280.06336809332606
1515915625527932030,Lost,control,2021-03-30,0,False,
1515915625527942071,Lost,email_discount,2021-03-20,10,False,
1515915625527942276,Lost,control,2021-03-30,0,False,
1515915625527942413,Lost,email_discount,2021-03-29,10,False,
1515915625527943145,Lost,control,2021-03-10,0,False,
1515915625527943802,Lost,push_cashback,2021-03-25,5,False,
1515915625527944418,Lost,control,2021-03-23,0,False,
1515915625527949041,Lost,push_cashback,2021-03-05,5,False,
1515915625527949577,Lost,push_cashback,2021-03-18,5,False,
1515915625527951517,Lost,control,2021-03-09,0,False,
1515915625527955003,Lost,email_discount,2021-03-30,10,False,
1515915625527955680,Lost,email_discount,2021-03-16,10,False,
1515915625527959443,Lost,email_discount,2021-03-07,10,False,
1515915625527962027,Lost,email_discount,2021-03-25,10,True,172.16651989653533
1515915625527962601,Lost,email_discount,2021-03-27,10,False,
1515915625527965882,Lost,push_cashback,2021-03-25,5,False,
1515915625527968796,Can't Lose Them,email_discount,2021-03-10,10,False,
1515915625527981025,Can't Lose Them,push_cashback,2021-03-05,5,False,
1515915625527983710,Lost,push_cashback,2021-03-07,5,False,
1515915625527986742,Lost,push_cashback,2021-03-05,5,False,
1515915625527988415,At Risk,control,2021-03-15,0,False,
1515915625527995949,Lost,control,2021-03-19,0,False,
1515915625527997796,Lost,push_cashback,2021-03-10,5,False,
1515915625527998447,Lost,control,2021-03-08,0,False,
1515915625528012760,Lost,email_discount,2021-03-24,10,True,228.08829999394968
1515915625528020172,Lost,email_discount,2021-03-09,10,False,
1515915625528021366,Lost,push_cashback,2021-03-11,5,False,
1515915625528028507,Can't Lose Them,email_discount,2021-03-30,10,False,
1515915625528029700,Lost,push_cashback,2021-03-28,5,False,
1515915625528030340,Lost,push_cashback,2021-03-22,5,False,
1515915625528030759,Lost,email_discount,2021-03-02,10,True,163.62794200004384
1515915625528034350,Lost,control,2021-03-03,0,False,
1515915625528034806,At Risk,email_discount,2021-03-13,10,False,
1515915625528036483,Lost,email_discount,2021-03-11,10,False,
1515915625528039088,Lost,push_cashback,2021-03-28,5,False,
1515915625528039825,Lost,push_cashback,2021-03-10,5,False,
1515915625528042143,Lost,push_cashback,2021-03-27,5,False,
1515915625528042536,Lost,push_cashback,2021-03-15,5,False,
1515915625528045956,Lost,control,2021-03-06,0,False,
1515915625528049660,Lost,control,2021-03-01,0,False,
1515915625528050019,Lost,control,2021-03-14,0,False,
1515915625528058841,Lost,push_cashback,2021-03-18,5,False,
1515915625528061341,Lost,push_cashback,2021-03-24,5,False,
1515915625528062409,Lost,push_cashback,2021-03-11,5,False,
1515915625528067697,Lost,control,2021-03-08,0,False,
1515915625528068847,Lost,push_cashback,2021-03-22,5,False,
1515915625528068865,Lost,email_discount,2021-03-03,10,False,
1515915625528070192,Lost,email_discount,2021-03-14,10,False,
1515915625528072657,Lost,push_cashback,2021-03-02,5,False,
1515915625528083016,Lost,email_discount,2021-03-29,10,False,
1515915625528083280,Lost,email_discount,2021-03-16,10,True,155.64800736035085
1515915625528095687,Lost,control,2021-03-06,0,False,
1515915625528099633,Lost,push_cashback,2021-03-01,5,False,
1515915625528104728,Lost,push_cashback,2021-03-14,5,False,
1515915625528124671,Lost,control,2021-03-10,0,False,
1515915625528126414,At Risk,email_discount,2021-03-06,10,False,
1515915625528128164,Lost,email_discount,2021-03-09,10,False,
1515915625528132308,Lost,push_cashback,2021-03-07,5,False,
1515915625528138121,Lost,email_discount,2021-03-25,10,False,
1515915625528138701,Lost,control,2021-03-02,0,False,
1515915625528141628,Lost,control,2021-03-11,0,False,
1515915625528143066,Can't Lose Them,push_cashback,2021-03-14,5,False,
1515915625528147375,Lost,control,2021-03-05,0,False,
1515915625528156434,Lost,control,2021-03-09,0,False,
1515915625528157986,At Risk,push_cashback,2021-03-07,5,False,
1515915625528160283,Lost,control,2021-03-25,0,False,
1515915625528163187,Lost,control,2021-03-14,0,False,
1515915625528163303,Lost,control,2021-03-27,0,False,
1515915625528168295,Lost,email_discount,2021-03-16,10,False,
1515915625528171282,Lost,push_cashback,2021-03-22,5,True,241.0745845300396
1515915625528172098,Lost,push_cashback,2021-03-16,5,False,
1515915625528172292,Lost,push_cashback,2021-03-07,5,False,
1515915625528173150,Lost,email_discount,2021-03-10,10,False,
1515915625528176746,Lost,email_discount,2021-03-21,10,False,
1515915625528177179,Lost,push_cashback,2021-03-06,5,False,
1515915625528178923,Lost,email_discount,2021-03-17,10,True,180.1233033521522
1515915625528179317,Lost,push_cashback,2021-03-01,5,False,
1515915625528179387,Can't Lose Them,email_discount,2021-03-02,10,False,
1515915625528180429,Lost,control,2021-03-27,0,False,
1515915625528181425,Lost,control,2021-03-14,0,False,
1515915625528182037,Lost,push_cashback,2021-03-04,5,False,
1515915625528183887,At Risk,email_discount,2021-03-27,10,False,
1515915625528185375,Lost,email_discount,2021-03-09,10,False,
1515915625528186937,Lost,control,2021-03-23,0,False,
1515915625528190486,Can't Lose Them,control,2021-03-06,0,False,
1515915625528193679,Lost,email_discount,2021-03-17,10,False,
1515915625528195173,Lost,email_discount,2021-03-21,10,False,
1515915625528195261,Lost,email_discount,2021-03-11,10,False,
1515915625528197897,Lost,email_discount,2021-03-28,10,False,
1515915625528199204,Lost,email_discount,2021-03-29,10,False,
1515915625528200689,Lost,email_discount,2021-03-04,10,False,
1515915625528201082,Lost,push_cashback,2021-03-21,5,False,
1515915625528202412,Lost,email_discount,2021-03-27,10,False,
1515915625528203267,Lost,control,2021-03-09,0,False,
1515915625528204003,Can't Lose Them,push_cashback,2021-03-28,5,False,
1515915625528209195,Lost,email_discount,2021-03-16,10,True,183.4651759554705
1515915625528210272,Lost,control,2021-03-03,0,False,
1515915625528212857,Lost,push_cashback,2021-03-04,5,False,
1515915625528216179,Lost,control,2021-03-24,0,False,
1515915625528221369,At Risk,email_discount,2021-03-03,10,False,
1515915625528223024,Lost,email_discount,2021-03-13,10,True,197.76277424772545
1515915625528226905,Lost,email_discount,2021-03-19,10,False,
1515915625528228003,Lost,email_discount,2021-03-29,10,False,
1515915625528228888,Lost,push_cashback,2021-03-25,5,False,
1515915625528231174,Can't Lose Them,push_cashback,2021-03-21,5,False,
1515915625528232776,Lost,control,2021-03-26,0,False,
1515915625528234349,Lost,email_discount,2021-03-01,10,False,
1515915625528234605,Lost,control,2021-03-23,0,False,
1515915625528236495,Lost,push_cashback,2021-03-23,5,False,
1515915625528238074,Lost,email_discount,2021-03-06,10,False,
1515915625528244075,Lost,email_discount,2021-03-22,10,False,
1515915625528249247,Lost,push_cashback,2021-03-03,5,False,
1515915625528250064,Lost,push_cashback,2021-03-03,5,False,
1515915625528251230,Lost,push_cashback,2021-03-16,5,False,
1515915625528252103,Can't Lose Them,push_cashback,2021-03-10,5,False,
1515915625528252242,Lost,push_cashback,2021-03-27,5,False,
1515915625528254906,Lost,email_discount,2021-03-25,10,False,
1515915625528257843,Lost,push_cashback,2021-03-17,5,False,
1515915625528258593,Lost,email_discount,2021-03-07,10,False,
1515915625528262319,Lost,email_discount,2021-03-13,10,True,302.0796712094361
1515915625528262459,Lost,push_cashback,2021-03-28,5,False,
1515915625528266021,Lost,push_cashback,2021-03-11,5,False,
1515915625528271440,Lost,email_discount,2021-03-10,10,False,
1515915625528272848,Lost,push_cashback,2021-03-07,5,True,251.75044671685708
1515915625528272919,Can't Lose Them,push_cashback,2021-03-24,5,False,
1515915625528280939,Lost,push_cashback,2021-03-06,5,False,
1515915625528282178,Lost,control,2021-03-24,0,False,
1515915625528285727,Lost,email_discount,2021-03-01,10,False,
1515915625528288291,Lost,control,2021-03-17,0,False,
1515915625528290181,Lost,push_cashback,2021-03-25,5,False,
1515915625528300325,Lost,control,2021-03-12,0,False,
1515915625528301304,Lost,push_cashback,2021-03-04,5,False,
1515915625528317866,Lost,control,2021-03-03,0,False,
1515915625528318145,Lost,push_cashback,2021-03-06,5,False,
1515915625528319209,Lost,control,2021-03-26,0,False,
1515915625528320565,Lost,control,2021-03-28,0,True,228.91886954968248
1515915625528324099,Lost,control,2021-03-16,0,False,
1515915625528326547,Lost,email_discount,2021-03-13,10,False,
1515915625528329409,Lost,control,2021-03-28,0,False,
1515915625528329505,Lost,email_discount,2021-03-09,10,False,
1515915625528331697,Lost,push_cashback,2021-03-26,5,False,
1515915625528333009,At Risk,control,2021-03-11,0,False,
1515915625528337595,Lost,push_cashback,2021-03-20,5,False,
1515915625528340914,Can't Lose Them,push_cashback,2021-03-25,5,False,
1515915625528341719,Lost,control,2021-03-21,0,False,
1515915625528342595,Lost,email_discount,2021-03-13,10,False,
1515915625528346332,Lost,control,2021-03-23,0,False,
1515915625528347020,Lost,push_cashback,2021-03-19,5,False,
1515915625528353423,Lost,push_cashback,2021-03-03,5,False,
1515915625528354345,Lost,control,2021-03-12,0,False,
1515915625528355383,Lost,email_discount,2021-03-19,10,False,
1515915625528356611,Lost,email_discount,2021-03-08,10,False,
1515915625528360506,Lost,push_cashback,2021-03-14,5,False,
1515915625528364240,Lost,push_cashback,2021-03-22,5,False,
1515915625528365306,Lost,email_discount,2021-03-09,10,False,
1515915625528366058,At Risk,control,2021-03-25,0,False,
1515915625528369702,Lost,push_cashback,2021-03-24,5,False,
1515915625528370490,Lost,email_discount,2021-03-17,10,True,313.41301622332026
1515915625528370568,Lost,push_cashback,2021-03-06,5,False,
1515915625528370814,Can't Lose Them,control,2021-03-04,0,False,
1515915625528373566,Lost,email_discount,2021-03-04,10,False,
1515915625528375773,Lost,push_cashback,2021-03-19,5,True,127.21693120316365
1515915625528376421,Lost,control,2021-03-12,0,True,202.54712760903837
1515915625528377920,Lost,push_cashback,2021-03-25,5,False,
1515915625528386496,Lost,control,2021-03-02,0,False,
1515915625528387594,Lost,control,2021-03-17,0,False,
1515915625528388737,Lost,email_discount,2021-03-30,10,False,
1515915625528390689,Lost,control,2021-03-15,0,False,
1515915625528396572,Lost,push_cashback,2021-03-10,5,True,168.03291723921754
1515915625528398663,Lost,control,2021-03-03,0,False,
1515915625528401024,Lost,control,2021-03-29,0,False,
1515915625528409349,At Risk,email_discount,2021-03-20,10,False,
1515915625528411432,Lost,control,2021-03-04,0,False,
1515915625528412371,Lost,control,2021-03-22,0,False,
1515915625528413599,Lost,push_cashback,2021-03-01,5,False,
1515915625528417639,Lost,email_discount,2021-03-01,10,False,
1515915625528424364,Lost,email_discount,2021-03-18,10,True,105.39105205838645
1515915625528424801,Lost,email_discount,2021-03-04,10,False,
1515915625528432719,Can't Lose Them,control,2021-03-23,0,False,
1515915625528433798,Lost,email_discount,2021-03-22,10,False,
1515915625528436644,Lost,control,2021-03-15,0,False,
1515915625528439108,Lost,control,2021-03-27,0,False,
1515915625528439899,Lost,push_cashback,2021-03-25,5,False,
1515915625528442353,Lost,push_cashback,2021-03-23,5,False,
1515915625528443497,Lost,push_cashback,2021-03-28,5,False,
1515915625528445245,Lost,push_cashback,2021-03-21,5,False,
1515915625528445962,At Risk,push_cashback,2021-03-22,5,False,
1515915625528450317,Lost,control,2021-03-10,0,False,
1515915625528454433,Lost,control,2021-03-25,0,False,
1515915625528460422,Lost,email_discount,2021-03-17,10,False,
1515915625528461265,Lost,control,2021-03-27,0,False,
1515915625528468540,Lost,control,2021-03-25,0,False,
1515915625528471261,Lost,push_cashback,2021-03-22,5,False,
1515915625528482954,Lost,control,2021-03-12,0,False,
1515915625528483117,Lost,push_cashback,2021-03-20,5,False,
1515915625528483564,Lost,email_discount,2021-03-12,10,False,
1515915625528489642,Lost,email_discount,2021-03-16,10,False,
1515915625528491084,Lost,control,2021-03-05,0,False,
1515915625528493867,Lost,email_discount,2021-03-29,10,False,
1515915625528494183,Lost,control,2021-03-16,0,False,
1515915625528497967,Lost,email_discount,2021-03-17,10,False,
1515915625528498379,Lost,push_cashback,2021-03-23,5,False,
1515915625528498540,Lost,push_cashback,2021-03-29,5,False,
1515915625528502632,Lost,push_cashback,2021-03-15,5,False,
1515915625528502773,Lost,push_cashback,2021-03-13,5,False,
1515915625528505216,Lost,control,2021-03-08,0,False,
1515915625528506696,Lost,email_discount,2021-03-27,10,True,205.8393618798699
1515915625528507910,Lost,control,2021-03-21,0,False,
1515915625528514174,Lost,push_cashback,2021-03-02,5,False,
1515915625528518502,Lost,control,2021-03-08,0,False,
1515915625528525099,Lost,email_discount,2021-03-10,10,False,
1515915625528525313,Lost,control,2021-03-07,0,False,
1515915625528531127,Lost,email_discount,2021-03-10,10,False,
1515915625528545675,Can't Lose Them,control,2021-03-25,0,False,
1515915625528559269,Lost,email_discount,2021-03-04,10,False,
1515915625528559608,Lost,email_discount,2021-03-11,10,True,162.91280840386779
1515915625528563604,Lost,push_cashback,2021-03-09,5,False,
1515915625528564461,Lost,email_discount,2021-03-04,10,False,
1515915625528565566,Lost,push_cashback,2021-03-03,5,True,226.34003363921238
1515915625528565773,Lost,push_cashback,2021-03-11,5,False,
1515915625528570712,Lost,push_cashback,2021-03-03,5,False,
1515915625528573842,Lost,control,2021-03-26,0,False,
1515915625528574382,Lost,control,2021-03-18,0,False,
1515915625528574764,Can't Lose Them,control,2021-03-26,0,False,
1515915625528576126,Lost,control,2021-03-19,0,True,158.40908169358852
1515915625528576803,Can't Lose Them,email_discount,2021-03-14,10,False,
1515915625528584592,Can't Lose Them,email_discount,2021-03-24,10,True,164.66486138497208
1515915625528585186,Lost,control,2021-03-11,0,False,
1515915625528587660,Lost,email_discount,2021-03-24,10,False,
1515915625528589270,Can't Lose Them,email_discount,2021-03-02,10,False,
1515915625528589928,Lost,push_cashback,2021-03-27,5,False,
1515915625528590749,Lost,push_cashback,2021-03-02,5,True,226.3227530340522
1515915625528593671,Lost,push_cashback,2021-03-02,5,False,
1515915625528600275,Lost,push_cashback,2021-03-10,5,False,
1515915625528604018,Lost,email_discount,2021-03-23,10,False,
1515915625528610617,Lost,control,2021-03-15,0,False,
1515915625528625078,Lost,email_discount,2021-03-22,10,False,
1515915625528629342,Lost,email_discount,2021-03-12,10,True,182.05457097100228
1515915625528629883,Lost,email_discount,2021-03-11,10,False,
1515915625528630809,Lost,push_cashback,2021-03-17,5,False,
1515915625528631402,Lost,push_cashback,2021-03-18,5,False,
1515915625528632068,Lost,push_cashback,2021-03-14,5,False,
1515915625528633629,Lost,control,2021-03-17,0,False,
1515915625528633732,Lost,email_discount,2021-03-15,10,False,
1515915625528634399,Lost,control,2021-03-12,0,False,
1515915625528634624,Lost,push_cashback,2021-03-27,5,False,
1515915625528635140,Lost,control,2021-03-16,0,False,
1515915625528636304,Lost,email_discount,2021-03-23,10,False,
1515915625528636372,Lost,email_discount,2021-03-06,10,False,
1515915625528637719,Lost,push_cashback,2021-03-02,5,False,
1515915625528639253,Lost,push_cashback,2021-03-02,5,False,
1515915625528639448,Lost,control,2021-03-16,0,False,
1515915625528639746,Lost,push_cashback,2021-03-02,5,True,211.51510774988623
1515915625528640241,Lost,push_cashback,2021-03-08,5,False,
1515915625528640669,At Risk,email_discount,2021-03-30,10,False,
1515915625528641002,Can't Lose Them,push_cashback,2021-03-07,5,False,
1515915625528645027,Can't Lose Them,push_cashback,2021-03-01,5,False,
1515915625528646882,At Risk,email_discount,2021-03-04,10,False,
1515915625528647916,Lost,email_discount,2021-03-11,10,False,
1515915625528649277,Lost,control,2021-03-20,0,False,
1515915625528649921,Lost,push_cashback,2021-03-07,5,False,
1515915625528653129,Lost,email_discount,2021-03-18,10,False,
1515915625528655587,Lost,control,2021-03-04,0,False,
1515915625528660365,Lost,control,2021-03-17,0,False,
1515915625528665151,Lost,push_cashback,2021-03-29,5,False,
1515915625528668185,Can't Lose Them,push_cashback,2021-03-29,5,False,
1515915625528669095,Lost,control,2021-03-11,0,False,
1515915625528672798,Lost,email_discount,2021-03-11,10,False,
1515915625528677180,Lost,control,2021-03-20,0,False,
1515915625528686469,Lost,push_cashback,2021-03-11,5,False,
1515915625528692965,Lost,email_discount,2021-03-15,10,False,
1515915625528693707,Lost,email_discount,2021-03-14,10,False,
1515915625528693805,Lost,control,2021-03-17,0,False,
1515915625528695066,Lost,push_cashback,2021-03-02,5,False,
1515915625528696734,Lost,control,2021-03-18,0,False,
1515915625528699112,Lost,control,2021-03-16,0,False,
1515915625528700192,Lost,control,2021-03-12,0,False,
1515915625528703341,Lost,email_discount,2021-03-10,10,False,
1515915625528703392,Lost,email_discount,2021-03-28,10,False,
1515915625528705485,Lost,push_cashback,2021-03-16,5,False,
1515915625528707476,Lost,push_cashback,2021-03-03,5,False,
1515915625528711382,At Risk,control,2021-03-08,0,False,
1515915625528717928,Lost,control,2021-03-27,0,False,
1515915625528720327,Lost,control,2021-03-22,0,False,
1515915625528722021,Lost,push_cashback,2021-03-22,5,False,
1515915625528724840,Lost,email_discount,2021-03-25,10,False,
1515915625528727904,Lost,email_discount,2021-03-24,10,False,
1515915625528728807,Lost,control,2021-03-02,0,False,
1515915625528729963,Lost,control,2021-03-22,0,False,
1515915625528730137,Lost,control,2021-03-01,0,False,
1515915625528730288,Lost,control,2021-03-29,0,False,
1515915625528731753,Lost,push_cashback,2021-03-14,5,True,181.97437759693196
1515915625528731810,Lost,email_discount,2021-03-25,10,True,204.69971575865628
1515915625528732940,Lost,control,2021-03-04,0,False,
1515915625528734719,At Risk,push_cashback,2021-03-04,5,False,
1515915625528736497,Lost,control,2021-03-09,0,False,
1515915625528737830,Lost,control,2021-03-03,0,False,
1515915625528742599,Lost,email_discount,2021-03-05,10,True,174.0178682203817
1515915625528752945,Lost,control,2021-03-01,0,False,
1515915625528753721,Lost,email_discount,2021-03-22,10,False,
1515915625528754062,Lost,email_discount,2021-03-19,10,False,
1515915625528755045,Lost,email_discount,2021-03-01,10,False,
1515915625528755461,Lost,push_cashback,2021-03-10,5,False,
1515915625528757366,Lost,push_cashback,2021-03-22,5,False,
1515915625528764045,Lost,email_discount,2021-03-30,10,True,207.59945205681535
1515915625528764564,At Risk,control,2021-03-12,0,False,
1515915625528764740,Lost,email_discount,2021-03-10,10,False,
1515915625528767063,Lost,control,2021-03-02,0,False,
1515915625528768475,Lost,email_discount,2021-03-16,10,True,179.08286846048486
1515915625528770855,Lost,control,2021-03-08,0,False,
1515915625528771942,Lost,push_cashback,2021-03-14,5,False,
1515915625528772148,Lost,control,2021-03-29,0,False,
1515915625528778024,Lost,email_discount,2021-03-15,10,False,
1515915625528779246,Lost,push_cashback,2021-03-16,5,False,
1515915625528781119,Lost,control,2021-03-11,0,False,
1515915625528781407,At Risk,control,2021-03-12,0,False,
1515915625528782993,Lost,control,2021-03-02,0,False,
1515915625528783344,Lost,control,2021-03-04,0,False,
1515915625528783426,Lost,control,2021-03-30,0,False,
1515915625528784394,Lost,push_cashback,2021-03-03,5,False,
1515915625528788578,Lost,push_cashback,2021-03-09,5,False,
1515915625528801217,Lost,push_cashback,2021-03-18,5,False,
1515915625528803529,Lost,push_cashback,2021-03-19,5,False,
1515915625528805762,Lost,email_discount,2021-03-07,10,False,
1515915625528806904,Lost,push_cashback,2021-03-04,5,False,
1515915625528807401,Lost,control,2021-03-06,0,False,
1515915625528814185,Lost,control,2021-03-19,0,False,
1515915625528814720,Lost,push_cashback,2021-03-01,5,False,
1515915625528818312,Lost,control,2021-03-16,0,False,
1515915625528822865,Lost,push_cashback,2021-03-11,5,False,
1515915625528825601,Lost,control,2021-03-22,0,False,
1515915625528829699,Lost,email_discount,2021-03-04,10,False,
1515915625528833172,Lost,email_discount,2021-03-18,10,True,148.8288448554634
1515915625528838093,Lost,push_cashback,2021-03-23,5,False,
1515915625528851594,Lost,push_cashback,2021-03-26,5,False,
1515915625528851755,Lost,push_cashback,2021-03-29,5,True,160.82982738734182
1515915625528852736,Lost,control,2021-03-28,0,False,
1515915625528852895,Lost,push_cashback,2021-03-29,5,False,
1515915625528866828,Lost,email_discount,2021-03-05,10,False,
1515915625528868621,At Risk,control,2021-03-22,0,False,
1515915625528873736,Lost,push_cashback,2021-03-06,5,False,
1515915625528874096,Lost,control,2021-03-30,0,False,
1515915625528878556,Lost,control,2021-03-25,0,False,
1515915625528883019,Lost,push_cashback,2021-03-28,5,False,
1515915625528887111,Lost,control,2021-03-02,0,False,
1515915625528889197,Can't Lose Them,email_discount,2021-03-12,10,False,
1515915625528892118,Lost,email_discount,2021-03-22,10,False,
1515915625528898581,Lost,control,2021-03-09,0,False,
1515915625528900295,Lost,push_cashback,2021-03-28,5,False,
1515915625528903813,Can't Lose Them,control,2021-03-20,0,False,
1515915625528908412,Lost,email_discount,2021-03-29,10,False,
1515915625528913172,Lost,control,2021-03-12,0,False,
1515915625528921009,Lost,control,2021-03-29,0,False,
1515915625528922947,Lost,email_discount,2021-03-13,10,True,242.9523854903776
1515915625528922950,Lost,control,2021-03-27,0,False,
1515915625528923701,Lost,control,2021-03-22,0,False,
1515915625528934189,Lost,push_cashback,2021-03-23,5,False,
1515915625528942295,Lost,push_cashback,2021-03-17,5,False,
1515915625528942562,Lost,email_discount,2021-03-05,10,False,
1515915625528956821,Lost,email_discount,2021-03-20,10,False,
1515915625528975807,Lost,email_discount,2021-03-13,10,False,
1515915625528976276,Lost,push_cashback,2021-03-29,5,False,
1515915625528977306,Lost,email_discount,2021-03-13,10,False,
1515915625528978168,Lost,email_discount,2021-03-10,10,False,
1515915625528983618,Lost,email_discount,2021-03-15,10,True,209.12041515161147
1515915625528993986,Lost,push_cashback,2021-03-15,5,False,
1515915625528994122,Lost,control,2021-03-18,0,False,
1515915625528998221,Lost,email_discount,2021-03-18,10,True,219.57983290970446
1515915625529001723,Lost,control,2021-03-02,0,False,
1515915625529006743,Lost,email_discount,2021-03-23,10,False,
1515915625529011435,Lost,control,2021-03-11,0,False,
1515915625529017310,Lost,push_cashback,2021-03-13,5,False,
1515915625529018148,Lost,push_cashback,2021-03-11,5,False,
1515915625529018369,Lost,email_discount,2021-03-04,10,False,
1515915625529019107,Lost,control,2021-03-15,0,False,
1515915625529023611,Lost,push_cashback,2021-03-22,5,False,
1515915625529032908,Lost,email_discount,2021-03-23,10,False,
1515915625529037024,Lost,email_discount,2021-03-25,10,False,
1515915625529038807,Lost,push_cashback,2021-03-11,5,False,
1515915625529039662,Lost,push_cashback,2021-03-18,5,True,165.05869485768443
1515915625529041195,Lost,email_discount,2021-03-16,10,False,
1515915625529042358,Lost,control,2021-03-10,0,False,
1515915625529043205,Lost,control,2021-03-12,0,False,
1515915625529050561,Lost,control,2021-03-13,0,False,
1515915625529055173,Lost,email_discount,2021-03-09,10,False,
1515915625529060213,Lost,push_cashback,2021-03-27,5,False,
1515915625529062641,Lost,email_discount,2021-03-21,10,False,
1515915625529062993,Lost,push_cashback,2021-03-13,5,False,
1515915625529068754,Lost,control,2021-03-06,0,True,93.6128134403772
1515915625529074776,Lost,control,2021-03-06,0,False,
1515915625529075369,Lost,push_cashback,2021-03-11,5,False,
1515915625529078631,Lost,push_cashback,2021-03-19,5,False,
1515915625529086602,Lost,email_discount,2021-03-27,10,False,
1515915625529090682,Lost,control,2021-03-11,0,False,
1515915625529096576,Lost,email_discount,2021-03-10,10,False,
1515915625529106556,Lost,email_discount,2021-03-23,10,False,
1515915625529109921,Lost,email_discount,2021-03-15,10,True,130.0357175711416
1515915625529111036,Lost,control,2021-03-13,0,False,
1515915625529114605,Lost,email_discount,2021-03-23,10,False,
1515915625529114895,Lost,email_discount,2021-03-08,10,True,171.99475009052597
1515915625529116963,Lost,email_discount,2021-03-05,10,False,
1515915625529117005,Lost,email_discount,2021-03-02,10,True,133.92219445172205
1515915625529119540,At Risk,email_discount,2021-03-16,10,False,
1515915625529121189,Can't Lose Them,email_discount,2021-03-13,10,False,
1515915625529128436,Lost,control,2021-03-19,0,False,
1515915625529128514,Lost,email_discount,2021-03-09,10,False,
1515915625529130150,Lost,push_cashback,2021-03-15,5,False,
1515915625529135498,Lost,email_discount,2021-03-06,10,False,
1515915625529136154,At Risk,email_discount,2021-03-08,10,True,161.40390968341526
1515915625529136768,Lost,control,2021-03-24,0,False,
1515915625529136892,Lost,control,2021-03-14,0,False,
1515915625529140294,Lost,push_cashback,2021-03-05,5,False,
1515915625529144067,Lost,push_cashback,2021-03-17,5,False,
1515915625529144644,Lost,control,2021-03-22,0,False,
1515915625529146513,Lost,control,2021-03-07,0,False,
1515915625529150171,Lost,email_discount,2021-03-09,10,True,159.7750443628609
1515915625529150181,Lost,control,2021-03-16,0,False,
1515915625529154793,Lost,push_cashback,2021-03-18,5,True,143.78365039489736
1515915625529154830,Lost,email_discount,2021-03-28,10,False,
1515915625529156013,Lost,push_cashback,2021-03-13,5,True,222.48679421216448
1515915625529156032,Lost,email_discount,2021-03-18,10,True,182.61597762817115
1515915625529160510,Lost,control,2021-03-10,0,False,
1515915625529160864,Lost,push_cashback,2021-03-01,5,False,
1515915625529161567,Lost,email_discount,2021-03-21,10,False,
1515915625529162085,Lost,email_discount,2021-03-18,10,False,
1515915625529163525,Lost,control,2021-03-19,0,False,
1515915625529163702,Lost,control,2021-03-02,0,True,214.25614664022245
1515915625529164003,Lost,control,2021-03-27,0,False,
1515915625529167642,Lost,push_cashback,2021-03-04,5,False,
1515915625529174796,Lost,email_discount,2021-03-11,10,False,
1515915625529175062,Lost,control,2021-03-03,0,False,
1515915625529181173,Can't Lose Them,push_cashback,2021-03-09,5,False,
1515915625529185450,Lost,push_cashback,2021-03-10,5,False,
1515915625529190063,Lost,push_cashback,2021-03-28,5,True,171.55779778232105
1515915625529190594,Lost,control,2021-03-02,0,False,
1515915625529194120,Lost,control,2021-03-07,0,False,
1515915625529197863,Lost,email_discount,2021-03-15,10,False,
1515915625529203474,Lost,email_discount,2021-03-27,10,False,
1515915625529205182,Lost,control,2021-03-30,0,True,234.46135752172472
1515915625529205790,Lost,push_cashback,2021-03-19,5,False,
1515915625529207715,Lost,push_cashback,2021-03-10,5,False,
1515915625529211253,Lost,push_cashback,2021-03-24,5,False,
1515915625529212581,Lost,email_discount,2021-03-20,10,True,230.94408223164316
1515915625529212730,Lost,push_cashback,2021-03-14,5,False,
1515915625529217105,Lost,email_discount,2021-03-04,10,False,
1515915625529217916,Lost,email_discount,2021-03-25,10,False,
1515915625529223230,Lost,push_cashback,2021-03-11,5,False,
1515915625529223748,Lost,push_cashback,2021-03-03,5,False,
1515915625529225303,Lost,control,2021-03-23,0,False,
1515915625529227203,Can't Lose Them,control,2021-03-17,0,False,
1515915625529231498,Lost,push_cashback,2021-03-07,5,False,
1515915625529247491,Lost,email_discount,2021-03-26,10,False,
1515915625529252372,Lost,email_discount,2021-03-11,10,False,
1515915625529253466,Lost,email_discount,2021-03-18,10,False,
1515915625529256150,Lost,email_discount,2021-03-28,10,False,
1515915625529258532,Lost,email_discount,2021-03-14,10,False,
1515915625529266629,Lost,control,2021-03-14,0,False,
1515915625529266801,Lost,push_cashback,2021-03-06,5,False,
1515915625529271510,Lost,control,2021-03-29,0,False,
1515915625529274357,Lost,email_discount,2021-03-09,10,False,
1515915625529277357,Lost,email_discount,2021-03-22,10,False,
1515915625529277702,Lost,email_discount,2021-03-03,10,False,
1515915625529277740,Lost,email_discount,2021-03-17,10,False,
1515915625529289151,Lost,push_cashback,2021-03-28,5,False,
1515915625529292691,Lost,email_discount,2021-03-12,10,False,
1515915625529293028,Lost,push_cashback,2021-03-04,5,True,141.3393652131773
1515915625529293554,Lost,email_discount,2021-03-20,10,False,
1515915625529293580,Lost,push_cashback,2021-03-16,5,False,
1515915625529296319,Lost,control,2021-03-29,0,False,
1515915625529297084,Lost,email_discount,2021-03-24,10,False,
1515915625529297459,Lost,push_cashback,2021-03-10,5,False,
1515915625529301186,Lost,control,2021-03-26,0,False,
1515915625529305313,Lost,email_discount,2021-03-30,10,True,273.27332629841806
1515915625529306773,Lost,email_discount,2021-03-29,10,False,
1515915625529308563,Lost,email_discount,2021-03-07,10,False,
1515915625529310564,Lost,push_cashback,2021-03-10,5,False,
1515915625529312012,Lost,push_cashback,2021-03-07,5,False,
1515915625529318121,Lost,control,2021-03-23,0,False,
1515915625529322934,Lost,push_cashback,2021-03-28,5,False,
1515915625529323762,Lost,push_cashback,2021-03-18,5,False,
1515915625529324180,Lost,email_discount,2021-03-09,10,True,164.54649168417126
1515915625529325178,Lost,email_discount,2021-03-22,10,False,
1515915625529328991,Lost,email_discount,2021-03-18,10,False,
1515915625529333682,Lost,email_discount,2021-03-17,10,False,
1515915625529336110,Lost,email_discount,2021-03-11,10,False,
1515915625529348640,Lost,email_discount,2021-03-01,10,False,
1515915625529353101,Lost,email_discount,2021-03-17,10,False,
1515915625529357026,Lost,control,2021-03-04,0,False,
1515915625529380823,Can't Lose Them,control,2021-03-04,0,False,
1515915625529381645,Lost,control,2021-03-14,0,False,
1515915625529383366,Lost,control,2021-03-28,0,False,
1515915625529384931,Lost,email_discount,2021-03-09,10,False,
1515915625529389475,Lost,control,2021-03-13,0,False,
1515915625529402494,Can't Lose Them,email_discount,2021-03-28,10,False,
1515915625529404025,Lost,control,2021-03-28,0,False,
1515915625529404320,Can't Lose Them,push_cashback,2021-03-16,5,False,
1515915625529405452,Lost,control,2021-03-01,0,True,183.40002796492976
1515915625529410789,Lost,control,2021-03-03,0,False,
1515915625529413277,Lost,email_discount,2021-03-19,10,False,
1515915625529413613,Lost,control,2021-03-08,0,False,
1515915625529418919,Lost,push_cashback,2021-03-18,5,False,
1515915625529424413,Lost,email_discount,2021-03-06,10,False,
1515915625529426242,Lost,email_discount,2021-03-27,10,False,
1515915625529426975,Lost,control,2021-03-20,0,False,
1515915625529427475,Lost,email_discount,2021-03-29,10,False,
1515915625529435582,Can't Lose Them,email_discount,2021-03-26,10,False,
1515915625529436493,Lost,email_discount,2021-03-06,10,False,
1515915625529437552,Lost,email_discount,2021-03-29,10,True,201.96620748636474
1515915625529438691,Lost,email_discount,2021-03-05,10,False,
1515915625529442855,Lost,email_discount,2021-03-12,10,False,
1515915625529463215,Lost,push_cashback,2021-03-09,5,False,
1515915625529466486,Lost,control,2021-03-09,0,False,
1515915625529467937,Lost,push_cashback,2021-03-17,5,False,
1515915625529469589,Lost,email_discount,2021-03-19,10,True,206.9764142096524
1515915625529470430,Lost,email_discount,2021-03-17,10,True,220.82809527393056
1515915625529472671,Lost,control,2021-03-22,0,False,
1515915625529472674,Lost,push_cashback,2021-03-16,5,False,
1515915625529483255,Lost,control,2021-03-12,0,False,
1515915625529484410,Lost,push_cashback,2021-03-03,5,False,
1515915625529488619,Lost,email_discount,2021-03-14,10,False,
1515915625529490864,Lost,control,2021-03-17,0,False,
1515915625529492039,Lost,control,2021-03-22,0,False,
1515915625529493853,Lost,email_discount,2021-03-16,10,False,
1515915625529494749,Lost,control,2021-03-21,0,False,
1515915625529496061,Lost,push_cashback,2021-03-12,5,False,
1515915625529496692,Lost,push_cashback,2021-03-28,5,False,
1515915625529502776,Lost,push_cashback,2021-03-24,5,False,
1515915625529504341,Lost,push_cashback,2021-03-30,5,False,
1515915625529506221,Lost,email_discount,2021-03-02,10,True,150.94470115635391
1515915625529510099,Lost,control,2021-03-08,0,False,
1515915625529513487,Lost,push_cashback,2021-03-12,5,False,
1515915625529518684,Lost,email_discount,2021-03-21,10,False,
1515915625529520994,Lost,control,2021-03-16,0,False,
1515915625529522333,Lost,control,2021-03-08,0,False,
1515915625529524073,Lost,email_discount,2021-03-28,10,False,
1515915625529528152,Lost,email_discount,2021-03-16,10,False,
1515915625529534516,Lost,push_cashback,2021-03-10,5,False,
1515915625529536965,Lost,control,2021-03-20,0,False,
1515915625529537454,Lost,control,2021-03-15,0,False,
1515915625529538498,Lost,email_discount,2021-03-04,10,False,
1515915625529539705,Lost,control,2021-03-26,0,False,
1515915625529540479,Can't Lose Them,push_cashback,2021-03-15,5,False,
1515915625529541448,Lost,control,2021-03-04,0,False,
1515915625529543739,Lost,email_discount,2021-03-30,10,False,
1515915625529548292,Lost,email_discount,2021-03-11,10,False,
1515915625529551570,Lost,push_cashback,2021-03-06,5,False,
1515915625529553347,Lost,push_cashback,2021-03-04,5,False,
1515915625529554561,Lost,control,2021-03-09,0,False,
1515915625529555942,Lost,control,2021-03-09,0,False,
1515915625529558402,Lost,email_discount,2021-03-03,10,False,
1515915625529561943,Lost,push_cashback,2021-03-23,5,False,
1515915625529563809,Can't Lose Them,push_cashback,2021-03-28,5,False,
1515915625529564858,Can't Lose Them,push_cashback,2021-03-05,5,False,
1515915625529567943,Lost,control,2021-03-15,0,False,
1515915625529568205,Lost,push_cashback,2021-03-28,5,False,
1515915625529569041,Lost,email_discount,2021-03-09,10,False,
1515915625529577929,Lost,email_discount,2021-03-02,10,True,217.05508700660152
1515915625529578115,Lost,control,2021-03-03,0,False,
1515915625529583754,Lost,control,2021-03-26,0,False,
1515915625529584345,Lost,push_cashback,2021-03-21,5,True,188.2458222803469
1515915625529589895,Lost,control,2021-03-12,0,False,
1515915625529591378,Lost,email_discount,2021-03-16,10,False,
1515915625529593341,Lost,push_cashback,2021-03-05,5,True,165.01888139156338
1515915625529593467,Lost,email_discount,2021-03-10,10,False,
1515915625529595633,Lost,push_cashback,2021-03-28,5,False,
1515915625529603816,Lost,control,2021-03-15,0,False,
1515915625529605266,Lost,push_cashback,2021-03-14,5,False,
1515915625529607828,Lost,push_cashback,2021-03-14,5,False,
1515915625529608943,Lost,email_discount,2021-03-23,10,False,
1515915625529610172,Lost,email_discount,2021-03-13,10,False,
1515915625529613014,Lost,push_cashback,2021-03-16,5,False,
1515915625529613861,Lost,control,2021-03-30,0,False,
1515915625529614546,Lost,control,2021-03-08,0,False,
1515915625529616245,Lost,email_discount,2021-03-08,10,False,
1515915625529630439,Lost,control,2021-03-30,0,False,
1515915625529630916,Lost,email_discount,2021-03-17,10,False,
1515915625529630952,Lost,control,2021-03-30,0,False,
1515915625529637144,Lost,push_cashback,2021-03-17,5,False,
1515915625529638924,Lost,email_discount,2021-03-03,10,False,
1515915625529640606,Lost,email_discount,2021-03-01,10,False,
1515915625529643743,Lost,push_cashback,2021-03-17,5,True,157.41025984183756
1515915625529653610,Lost,email_discount,2021-03-26,10,False,
1515915625529656231,Lost,control,2021-03-24,0,False,
1515915625529658002,Lost,control,2021-03-16,0,False,
1515915625529658325,Lost,email_discount,2021-03-17,10,True,148.63542595134314
1515915625529659332,Lost,control,2021-03-25,0,False,
1515915625529665008,Lost,email_discount,2021-03-02,10,False,
1515915625529670504,Lost,push_cashback,2021-03-25,5,False,
1515915625529672535,Lost,email_discount,2021-03-14,10,False,
1515915625529676926,Lost,push_cashback,2021-03-07,5,True,184.2140464849781
1515915625529684528,Lost,control,2021-03-25,0,False,
1515915625529684867,Lost,push_cashback,2021-03-19,5,False,
1515915625529686185,Lost,control,2021-03-01,0,False,
1515915625529690741,Lost,email_discount,2021-03-17,10,False,
1515915625529691781,Lost,control,2021-03-27,0,False,
1515915625529691960,Lost,email_discount,2021-03-10,10,False,
1515915625529704488,Lost,email_discount,2021-03-06,10,True,155.2788716018767
1515915625529705216,Lost,push_cashback,2021-03-07,5,False,
1515915625529708945,Lost,push_cashback,2021-03-25,5,False,
1515915625529720966,Lost,push_cashback,2021-03-06,5,False,
1515915625529727713,Lost,push_cashback,2021-03-05,5,False,
1515915625529728066,Lost,control,2021-03-30,0,False,
1515915625529734691,Lost,control,2021-03-02,0,False,
1515915625529735469,Lost,control,2021-03-18,0,False,
1515915625529745855,Lost,email_discount,2021-03-24,10,False,
1515915625529749920,Lost,control,2021-03-17,0,False,
1515915625529766265,Lost,control,2021-03-24,0,False,
1515915625529766557,Lost,control,2021-03-27,0,False,
1515915625529778241,Lost,push_cashback,2021-03-26,5,False,
1515915625529792290,Lost,control,2021-03-27,0,False,
1515915625529799988,Lost,email_discount,2021-03-23,10,False,
1515915625529800078,Lost,push_cashback,2021-03-07,5,False,
1515915625529802917,Lost,email_discount,2021-03-21,10,True,195.70463465898416
1515915625529811419,Lost,control,2021-03-19,0,False,
1515915625529811972,Lost,push_cashback,2021-03-07,5,False,
1515915625529814691,Lost,email_discount,2021-03-23,10,False,
1515915625529818323,Lost,control,2021-03-07,0,False,
1515915625529826063,Lost,email_discount,2021-03-16,10,False,
1515915625529829869,Lost,email_discount,2021-03-12,10,False,
1515915625529830352,Lost,email_discount,2021-03-15,10,False,
1515915625529830735,Lost,control,2021-03-15,0,False,
1515915625529832563,Lost,control,2021-03-11,0,False,
1515915625529834197,Lost,email_discount,2021-03-02,10,False,
1515915625529838424,Lost,push_cashback,2021-03-03,5,False,
1515915625529839265,Lost,push_cashback,2021-03-19,5,False,
1515915625529842775,Lost,control,2021-03-20,0,False,
1515915625529843189,Can't Lose Them,control,2021-03-28,0,False,
1515915625529847776,Lost,control,2021-03-25,0,False,
1515915625529852041,Lost,control,2021-03-26,0,False,
1515915625529856608,Lost,control,2021-03-15,0,False,
1515915625529865511,Lost,push_cashback,2021-03-16,5,False,
1515915625529866520,Lost,control,2021-03-01,0,False,
1515915625529867380,Lost,email_discount,2021-03-15,10,False,
1515915625529869807,Lost,email_discount,2021-03-12,10,False,
1515915625529873534,Lost,push_cashback,2021-03-07,5,False,
1515915625529876835,Lost,email_discount,2021-03-07,10,True,180.44019397318593
1515915625529877437,Lost,push_cashback,2021-03-11,5,False,
1515915625529879406,Lost,push_cashback,2021-03-20,5,False,
1515915625529880051,Can't Lose Them,email_discount,2021-03-29,10,False,
1515915625529886963,Lost,control,2021-03-11,0,False,
1515915625529887342,Lost,email_discount,2021-03-17,10,False,
1515915625529889293,Lost,email_discount,2021-03-03,10,True,124.96276599128485
1515915625529889373,Lost,push_cashback,2021-03-16,5,False,
1515915625529890558,Lost,email_discount,2021-03-05,10,False,
1515915625529892098,Lost,push_cashback,2021-03-28,5,False,
1515915625529898825,Lost,control,2021-03-02,0,False,
1515915625529901373,Lost,control,2021-03-23,0,False,
1515915625529901532,Lost,control,2021-03-30,0,False,
1515915625529903256,Can't Lose Them,email_discount,2021-03-26,10,True,142.9952668757153
1515915625529903663,Lost,push_cashback,2021-03-26,5,False,
1515915625529907375,Lost,control,2021-03-07,0,False,
1515915625529910328,Can't Lose Them,push_cashback,2021-03-28,5,False,
1515915625529924251,Lost,push_cashback,2021-03-10,5,False,
1515915625529929634,Lost,control,2021-03-05,0,False,
1515915625529930982,Lost,control,2021-03-15,0,False,
1515915625529932227,Lost,push_cashback,2021-03-12,5,False,
1515915625529933900,Lost,control,2021-03-10,0,False,
1515915625529936330,Lost,push_cashback,2021-03-22,5,False,
1515915625529940777,Lost,push_cashback,2021-03-17,5,False,
1515915625529943288,Lost,control,2021-03-20,0,False,
1515915625529943332,Lost,email_discount,2021-03-20,10,False,
1515915625529946384,Lost,control,2021-03-11,0,False,
1515915625529951765,Lost,email_discount,2021-03-08,10,False,
1515915625529952455,Lost,push_cashback,2021-03-15,5,False,
1515915625529953899,Lost,push_cashback,2021-03-02,5,False,
1515915625529954528,Lost,email_discount,2021-03-17,10,False,
1515915625529957878,Lost,push_cashback,2021-03-23,5,False,
1515915625529958186,Lost,email_discount,2021-03-06,10,False,
1515915625529960178,Lost,email_discount,2021-03-21,10,False,
1515915625529960978,Lost,push_cashback,2021-03-28,5,False,
1515915625529963462,Lost,email_discount,2021-03-13,10,False,
1515915625529965641,Lost,control,2021-03-29,0,False,
1515915625529965855,Lost,control,2021-03-29,0,False,
1515915625529966669,Lost,push_cashback,2021-03-08,5,False,
1515915625529967045,Lost,push_cashback,2021-03-11,5,False,
1515915625529970237,Lost,email_discount,2021-03-15,10,False,
1515915625529972118,Lost,email_discount,2021-03-13,10,False,
1515915625529972699,Lost,email_discount,2021-03-18,10,False,
1515915625529976925,Lost,email_discount,2021-03-18,10,False,
1515915625529978656,Lost,control,2021-03-25,0,False,
1515915625529980506,Lost,control,2021-03-17,0,False,
1515915625529983550,Lost,push_cashback,2021-03-22,5,False,
1515915625529988453,Lost,email_discount,2021-03-13,10,False,
1515915625529990917,Can't Lose Them,email_discount,2021-03-29,10,False,
1515915625529997386,Lost,push_cashback,2021-03-03,5,False,
1515915625530002767,Lost,email_discount,2021-03-29,10,False,
1515915625530003145,Lost,email_discount,2021-03-21,10,False,
1515915625530005060,Lost,email_discount,2021-03-24,10,False,
1515915625530009362,Lost,email_discount,2021-03-07,10,False,
1515915625530011567,Lost,email_discount,2021-03-29,10,False,
1515915625530014466,Lost,push_cashback,2021-03-12,5,False,
1515915625530018072,Lost,email_discount,2021-03-04,10,False,
1515915625530021363,Lost,push_cashback,2021-03-24,5,False,
1515915625530023928,Lost,email_discount,2021-03-27,10,False,
1515915625530024291,At Risk,control,2021-03-27,0,False,
1515915625530027227,Lost,control,2021-03-26,0,False,
1515915625530030619,Lost,control,2021-03-11,0,False,
1515915625530040719,Lost,control,2021-03-14,0,False,
1515915625530041916,Lost,push_cashback,2021-03-18,5,False,
1515915625530042547,Lost,push_cashback,2021-03-07,5,False,
1515915625530047641,Lost,email_discount,2021-03-05,10,False,
1515915625530049271,Lost,control,2021-03-16,0,False,
1515915625530052006,Lost,push_cashback,2021-03-11,5,False,
1515915625530054294,Lost,email_discount,2021-03-22,10,False,
1515915625530057490,Lost,email_discount,2021-03-03,10,False,
1515915625530057934,Lost,push_cashback,2021-03-16,5,False,
1515915625530057940,Lost,control,2021-03-11,0,False,
1515915625530062421,Lost,email_discount,2021-03-10,10,False,
1515915625530067901,Lost,control,2021-03-23,0,False,
1515915625530068448,Lost,control,2021-03-23,0,False,
1515915625530069402,Lost,control,2021-03-02,0,False,
1515915625530070341,Lost,email_discount,2021-03-16,10,True,203.21491359980902
1515915625530073953,Lost,control,2021-03-17,0,False,
1515915625530075188,Lost,email_discount,2021-03-10,10,False,
1515915625530077924,Lost,control,2021-03-18,0,False,
1515915625530079763,Lost,email_discount,2021-03-12,10,False,
1515915625530090820,Lost,control,2021-03-08,0,True,152.97863921328485
1515915625530093101,Lost,push_cashback,2021-03-27,5,True,142.66319326049867
1515915625530094292,Lost,control,2021-03-26,0,False,
1515915625530094644,Lost,control,2021-03-03,0,False,
1515915625530101724,Lost,email_discount,2021-03-27,10,False,
1515915625530104830,Lost,email_discount,2021-03-20,10,False,
1515915625530109061,Can't Lose Them,control,2021-03-24,0,False,
1515915625530110581,Lost,push_cashback,2021-03-03,5,True,134.4421039102259
1515915625530117159,Lost,push_cashback,2021-03-06,5,False,
1515915625530119586,Lost,email_discount,2021-03-02,10,False,
1515915625530119735,Lost,push_cashback,2021-03-03,5,True,135.79953908542055
1515915625530119754,Lost,control,2021-03-17,0,False,
1515915625530121074,Lost,email_discount,2021-03-09,10,False,
1515915625530135045,Can't Lose Them,control,2021-03-04,0,False,
1515915625530135058,Lost,email_discount,2021-03-22,10,False,
1515915625530135452,Lost,email_discount,2021-03-23,10,True,258.91999330353565
1515915625530136801,At Risk,email_discount,2021-03-02,10,False,
1515915625530137422,Can't Lose Them,email_discount,2021-03-24,10,False,
1515915625530159480,Lost,push_cashback,2021-03-28,5,False,
1515915625530164007,Lost,control,2021-03-09,0,True,127.9625562458061
1515915625530164257,Lost,control,2021-03-14,0,False,
1515915625530166293,Lost,control,2021-03-26,0,False,
1515915625530167614,Lost,email_discount,2021-03-11,10,False,
1515915625530168033,Lost,push_cashback,2021-03-02,5,True,223.91612982660712
1515915625530170958,Lost,control,2021-03-21,0,False,
1515915625530176254,Lost,push_cashback,2021-03-02,5,False,
1515915625530181447,Lost,email_discount,2021-03-27,10,False,
1515915625530187104,Lost,control,2021-03-05,0,False,
1515915625530195570,Lost,push_cashback,2021-03-07,5,False,
1515915625530195665,Lost,email_discount,2021-03-22,10,False,
1515915625530204184,Lost,push_cashback,2021-03-04,5,False,
1515915625530207204,Lost,control,2021-03-14,0,False,
1515915625530212591,Lost,control,2021-03-02,0,False,
1515915625530215979,Lost,email_discount,2021-03-23,10,True,170.11709506407746
1515915625530217685,Lost,email_discount,2021-03-12,10,False,
1515915625530219002,Lost,email_discount,2021-03-10,10,False,
1515915625530220451,Lost,push_cashback,2021-03-25,5,False,
1515915625530220545,Lost,push_cashback,2021-03-01,5,False,
1515915625530225804,Lost,push_cashback,2021-03-19,5,False,
1515915625530226059,Lost,email_discount,2021-03-23,10,False,
1515915625530226363,Lost,control,2021-03-16,0,False,
1515915625530227641,Can't Lose Them,control,2021-03-15,0,False,
1515915625530227912,Lost,push_cashback,2021-03-14,5,True,138.84982029688496
1515915625530230031,At Risk,push_cashback,2021-03-09,5,False,
1515915625530241303,Lost,control,2021-03-29,0,False,
1515915625530242471,Lost,control,2021-03-21,0,False,
1515915625530244020,Lost,push_cashback,2021-03-23,5,False,
1515915625530248713,Lost,push_cashback,2021-03-15,5,False,
1515915625530260220,Lost,control,2021-03-26,0,False,
1515915625530261739,Lost,email_discount,2021-03-07,10,False,
1515915625530268388,Lost,push_cashback,2021-03-04,5,False,
1515915625530272817,Lost,control,2021-03-21,0,False,
1515915625530274828,Lost,control,2021-03-18,0,False,
1515915625530281961,Lost,control,2021-03-08,0,False,
1515915625530283294,At Risk,control,2021-03-12,0,False,
1515915625530283934,Lost,email_discount,2021-03-15,10,False,
1515915625530284980,Lost,control,2021-03-15,0,False,
1515915625530285599,Lost,push_cashback,2021-03-17,5,False,
1515915625530287798,Can't Lose Them,email_discount,2021-03-02,10,False,
1515915625530289554,Lost,control,2021-03-12,0,False,
1515915625530290676,Lost,email_discount,2021-03-03,10,False,
1515915625530294206,Lost,push_cashback,2021-03-07,5,False,
1515915625530297741,Lost,control,2021-03-06,0,False,
1515915625530302043,Lost,push_cashback,2021-03-14,5,False,
1515915625530303328,Lost,control,2021-03-23,0,True,191.12058968091333
1515915625530303635,Lost,control,2021-03-27,0,False,
1515915625530303839,Lost,control,2021-03-05,0,False,
1515915625530304953,Lost,control,2021-03-30,0,False,
1515915625530309045,Lost,control,2021-03-04,0,False,
1515915625530312867,Lost,email_discount,2021-03-15,10,False,
1515915625530313357,Lost,control,2021-03-07,0,False,
1515915625530314941,Can't Lose Them,control,2021-03-03,0,False,
1515915625530315776,Lost,email_discount,2021-03-13,10,False,
1515915625530315902,Lost,email_discount,2021-03-10,10,False,
1515915625530316187,Lost,email_discount,2021-03-23,10,False,
1515915625530316655,Lost,email_discount,2021-03-02,10,False,
1515915625530319277,Lost,email_discount,2021-03-12,10,False,
1515915625530321452,Lost,email_discount,2021-03-28,10,False,
1515915625530321511,Lost,control,2021-03-24,0,False,
1515915625530321898,Lost,control,2021-03-28,0,False,
1515915625530323411,Lost,push_cashback,2021-03-22,5,False,
1515915625530323763,Lost,control,2021-03-12,0,False,
1515915625530329243,Lost,control,2021-03-19,0,False,
1515915625530335458,Lost,email_discount,2021-03-19,10,False,
1515915625530338453,Can't Lose Them,email_discount,2021-03-21,10,False,
1515915625530344371,Lost,control,2021-03-03,0,False,
1515915625530352681,Lost,push_cashback,2021-03-06,5,False,
1515915625530356704,Lost,email_discount,2021-03-02,10,True,187.38683529217013
1515915625530358861,Lost,control,2021-03-24,0,False,
1515915625530359644,Lost,control,2021-03-13,0,False,
1515915625530361374,Lost,push_cashback,2021-03-27,5,False,
1515915625530371604,Lost,push_cashback,2021-03-28,5,False,
1515915625530372036,Lost,email_discount,2021-03-27,10,False,
1515915625530374240,Lost,push_cashback,2021-03-09,5,True,157.10000196525343
1515915625530378908,Lost,control,2021-03-13,0,False,
1515915625530379019,Lost,control,2021-03-23,0,False,
1515915625530391009,Lost,push_cashback,2021-03-14,5,False,
1515915625530395288,Lost,push_cashback,2021-03-19,5,False,
1515915625530399122,Lost,push_cashback,2021-03-11,5,False,
1515915625530400058,Lost,push_cashback,2021-03-14,5,False,
1515915625530400083,Can't Lose Them,email_discount,2021-03-16,10,False,
1515915625530400284,Lost,push_cashback,2021-03-10,5,False,
1515915625530401225,Lost,email_discount,2021-03-20,10,False,
1515915625530405762,Lost,control,2021-03-16,0,False,
1515915625530408974,Lost,push_cashback,2021-03-28,5,False,
1515915625530412518,Lost,email_discount,2021-03-26,10,False,
1515915625530418744,Lost,push_cashback,2021-03-02,5,True,173.79534521973883
1515915625530421705,Lost,control,2021-03-25,0,False,
1515915625530425143,Lost,control,2021-03-16,0,False,
1515915625530428763,Lost,control,2021-03-14,0,False,
1515915625530429782,Lost,push_cashback,2021-03-21,5,False,
1515915625530433182,Lost,push_cashback,2021-03-28,5,True,166.48792787745072
1515915625530434513,Lost,email_discount,2021-03-18,10,False,
1515915625530434761,Lost,control,2021-03-26,0,False,
1515915625530436585,Lost,push_cashback,2021-03-06,5,False,
1515915625530442231,Lost,control,2021-03-07,0,False,
1515915625530443490,Lost,control,2021-03-13,0,False,
1515915625530451309,Lost,email_discount,2021-03-02,10,False,
1515915625530466728,Lost,email_discount,2021-03-15,10,False,
1515915625530466835,Can't Lose Them,email_discount,2021-03-17,10,False,
1515915625530468654,Lost,email_discount,2021-03-13,10,False,
1515915625530471170,Lost,control,2021-03-07,0,False,
1515915625530473711,Lost,email_discount,2021-03-01,10,False,
1515915625530478447,At Risk,email_discount,2021-03-03,10,False,
1515915625530478692,Lost,email_discount,2021-03-20,10,False,
1515915625530480301,Lost,email_discount,2021-03-18,10,False,
1515915625530481280,Lost,control,2021-03-07,0,False,
1515915625530484444,Lost,email_discount,2021-03-21,10,True,175.29810118970718
1515915625530485560,Lost,control,2021-03-17,0,False,
1515915625530491062,Lost,push_cashback,2021-03-28,5,False,
1515915625530497599,Lost,control,2021-03-12,0,False,
1515915625530501908,Can't Lose Them,control,2021-03-16,0,False,
1515915625530506332,Lost,email_discount,2021-03-24,10,False,
1515915625530514048,Lost,push_cashback,2021-03-10,5,False,
1515915625530514067,Lost,push_cashback,2021-03-23,5,False,
1515915625530519264,Lost,push_cashback,2021-03-16,5,False,
1515915625530521931,Lost,push_cashback,2021-03-20,5,False,
1515915625530534149,Can't Lose Them,control,2021-03-18,0,False,
1515915625530536466,Lost,push_cashback,2021-03-15,5,False,
1515915625530541327,Lost,control,2021-03-23,0,False,
1515915625530543819,Lost,control,2021-03-11,0,False,
1515915625530549435,Lost,control,2021-03-18,0,False,
1515915625530561433,Lost,push_cashback,2021-03-06,5,False,
1515915625530563431,Lost,email_discount,2021-03-01,10,True,227.1053470662833
1515915625530573074,Lost,email_discount,2021-03-30,10,False,
1515915625530576214,Lost,push_cashback,2021-03-23,5,False,
1515915625530580933,Lost,email_discount,2021-03-07,10,False,
1515915625530581820,Can't Lose Them,email_discount,2021-03-12,10,False,
1515915625530582113,Lost,control,2021-03-20,0,False,
1515915625530582247,Lost,control,2021-03-04,0,False,
1515915625530586178,Lost,push_cashback,2021-03-10,5,False,
1515915625530592163,Lost,push_cashback,2021-03-21,5,False,
1515915625530597179,Lost,email_discount,2021-03-02,10,False,
1515915625530598856,Lost,control,2021-03-09,0,False,
1515915625530599265,Lost,push_cashback,2021-03-10,5,False,
1515915625530607129,Lost,push_cashback,2021-03-20,5,False,
1515915625530607482,Lost,push_cashback,2021-03-11,5,False,
1515915625530608018,Lost,push_cashback,2021-03-25,5,False,
1515915625530612432,Lost,push_cashback,2021-03-14,5,False,
1515915625530618307,Lost,push_cashback,2021-03-03,5,False,
1515915625530622514,Lost,email_discount,2021-03-25,10,False,
1515915625530627048,Can't Lose Them,control,2021-03-01,0,False,
1515915625530630989,Lost,control,2021-03-07,0,False,
1515915625530631249,Lost,push_cashback,2021-03-04,5,False,
1515915625530637877,Lost,control,2021-03-07,0,False,
1515915625530639975,Lost,control,2021-03-16,0,False,
1515915625530644565,Lost,control,2021-03-30,0,False,
1515915625530646928,Lost,push_cashback,2021-03-10,5,False,
1515915625530647539,Lost,push_cashback,2021-03-15,5,False,
1515915625530649178,Can't Lose Them,control,2021-03-16,0,False,
1515915625530650342,Can't Lose Them,control,2021-03-06,0,False,
1515915625530650586,Lost,push_cashback,2021-03-04,5,False,
1515915625530657120,Lost,email_discount,2021-03-04,10,True,119.88604780199779
1515915625530657128,Lost,control,2021-03-24,0,False,
1515915625530658228,Lost,email_discount,2021-03-23,10,False,
1515915625530661510,Lost,control,2021-03-04,0,False,
1515915625530662855,Lost,email_discount,2021-03-27,10,False,
1515915625530664260,Lost,email_discount,2021-03-22,10,False,
1515915625530664642,Lost,email_discount,2021-03-22,10,True,143.8400829576014
1515915625530668485,Lost,push_cashback,2021-03-17,5,False,
1515915625530669418,Lost,email_discount,2021-03-13,10,False,
1515915625530670821,Lost,email_discount,2021-03-02,10,False,
1515915625530671070,Lost,email_discount,2021-03-20,10,True,149.5303174714138
1515915625530675864,Lost,control,2021-03-06,0,False,
1515915625530678688,Can't Lose Them,email_discount,2021-03-22,10,False,
1515915625530681947,Lost,control,2021-03-01,0,False,
1515915625530684203,Lost,email_discount,2021-03-08,10,False,
1515915625530689022,Lost,email_discount,2021-03-18,10,False,
1515915625530691800,At Risk,push_cashback,2021-03-29,5,False,
1515915625530691827,Lost,control,2021-03-21,0,False,
1515915625530693425,Lost,email_discount,2021-03-04,10,False,
1515915625530693735,Lost,control,2021-03-05,0,False,
1515915625530694036,Can't Lose Them,control,2021-03-05,0,False,
1515915625530696720,At Risk,push_cashback,2021-03-15,5,False,
1515915625530698473,Lost,push_cashback,2021-03-10,5,False,
1515915625530703517,Lost,push_cashback,2021-03-08,5,False,
1515915625530704531,Lost,push_cashback,2021-03-26,5,False,
1515915625530705631,Lost,push_cashback,2021-03-07,5,False,
1515915625530706058,Lost,push_cashback,2021-03-12,5,False,
1515915625530706598,Lost,push_cashback,2021-03-30,5,False,
1515915625530706712,Lost,push_cashback,2021-03-25,5,True,122.68253351964364
1515915625530714700,Lost,email_discount,2021-03-28,10,False,
1515915625530715320,Lost,control,2021-03-11,0,False,
1515915625530716700,Lost,push_cashback,2021-03-13,5,False,
1515915625530721195,Lost,push_cashback,2021-03-15,5,False,
1515915625530724198,Lost,control,2021-03-17,0,False,
1515915625530725209,Lost,email_discount,2021-03-22,10,False,
1515915625530725481,Lost,control,2021-03-22,0,False,
1515915625530725518,Lost,control,2021-03-18,0,True,178.60891759196107
1515915625530725570,Lost,push_cashback,2021-03-27,5,False,
1515915625530728535,Lost,control,2021-03-08,0,False,
1515915625530728578,Lost,control,2021-03-06,0,False,
1515915625530729466,Lost,push_cashback,2021-03-11,5,False,
1515915625530733664,Lost,push_cashback,2021-03-29,5,False,
1515915625530735203,Lost,push_cashback,2021-03-26,5,False,
1515915625530742250,Lost,push_cashback,2021-03-09,5,False,
1515915625530744739,Lost,control,2021-03-26,0,False,
1515915625530747649,Lost,control,2021-03-05,0,False,
1515915625530748138,Lost,email_discount,2021-03-07,10,False,
1515915625530749601,At Risk,email_discount,2021-03-22,10,False,
1515915625530754168,Lost,control,2021-03-27,0,False,
1515915625530757171,Lost,email_discount,2021-03-15,10,False,
1515915625530757789,Lost,control,2021-03-21,0,False,
1515915625530764815,Lost,email_discount,2021-03-22,10,True,207.74388015835214
1515915625530766955,Lost,push_cashback,2021-03-04,5,True,86.49878021916314
1515915625530767686,Lost,email_discount,2021-03-19,10,False,
1515915625530768299,Lost,push_cashback,2021-03-13,5,False,
1515915625530769695,Lost,push_cashback,2021-03-01,5,True,146.03787707856776
1515915625530769841,Lost,push_cashback,2021-03-01,5,False,
1515915625530772964,Lost,push_cashback,2021-03-22,5,False,
1515915625530773598,Lost,email_discount,2021-03-14,10,False,
1515915625530776863,Lost,control,2021-03-09,0,False,
1515915625530780618,Lost,push_cashback,2021-03-24,5,False,
1515915625530783273,Lost,email_discount,2021-03-12,10,False,
1515915625530793892,Lost,push_cashback,2021-03-18,5,False,
1515915625530794224,Lost,email_discount,2021-03-09,10,False,
1515915625530799405,Can't Lose Them,email_discount,2021-03-08,10,False,
1515915625530803233,Lost,email_discount,2021-03-30,10,False,
1515915625530806791,Lost,control,2021-03-14,0,False,
1515915625530822588,Lost,email_discount,2021-03-28,10,False,
1515915625530824487,Can't Lose Them,email_discount,2021-03-09,10,False,
1515915625530828323,Lost,control,2021-03-20,0,False,
1515915625530832177,Lost,control,2021-03-25,0,False,
1515915625530836738,Lost,email_discount,2021-03-02,10,True,170.52513887528977
1515915625530838202,Lost,control,2021-03-29,0,False,
1515915625530840759,Lost,push_cashback,2021-03-01,5,False,
1515915625530841947,Lost,push_cashback,2021-03-13,5,False,
1515915625530848590,Lost,control,2021-03-25,0,False,
1515915625530853536,Lost,control,2021-03-10,0,False,
1515915625530854173,Lost,email_discount,2021-03-08,10,False,
1515915625530857148,Lost,control,2021-03-07,0,False,
1515915625530859522,Lost,email_discount,2021-03-30,10,False,
1515915625530860415,Lost,push_cashback,2021-03-29,5,False,
1515915625530862178,Lost,control,2021-03-24,0,False,
1515915625530867624,Lost,email_discount,2021-03-12,10,False,
1515915625530874328,Can't Lose Them,email_discount,2021-03-17,10,False,
1515915625530878063,Lost,push_cashback,2021-03-30,5,False,
1515915625530884191,Lost,control,2021-03-25,0,False,
1515915625530885383,Lost,push_cashback,2021-03-12,5,False,
1515915625530889362,Lost,email_discount,2021-03-16,10,False,
1515915625530889375,Lost,email_discount,2021-03-10,10,False,
1515915625530896231,Lost,control,2021-03-27,0,False,
1515915625530900152,Lost,email_discount,2021-03-25,10,False,
1515915625530901141,Lost,control,2021-03-12,0,False,
1515915625530905249,Lost,push_cashback,2021-03-11,5,False,
1515915625530911091,Lost,control,2021-03-25,0,False,
1515915625530911823,Lost,control,2021-03-29,0,True,162.99404984138792
1515915625530913543,Lost,email_discount,2021-03-14,10,False,
1515915625530937775,Lost,email_discount,2021-03-22,10,True,127.17104135600633
1515915625530941523,Lost,control,2021-03-20,0,False,
1515915625530945098,Lost,email_discount,2021-03-13,10,False,
1515915625530958759,Lost,email_discount,2021-03-02,10,False,
1515915625530964860,Lost,email_discount,2021-03-27,10,False,
1515915625530968361,Can't Lose Them,control,2021-03-20,0,False,
1515915625530970131,Lost,email_discount,2021-03-07,10,False,
1515915625530975360,Lost,control,2021-03-01,0,False,
1515915625530978855,Lost,email_discount,2021-03-30,10,False,
1515915625530982363,Lost,push_cashback,2021-03-25,5,False,
1515915625530985035,Lost,email_discount,2021-03-03,10,False,
1515915625530987574,Lost,email_discount,2021-03-29,10,False,
1515915625530987914,Lost,control,2021-03-29,0,False,
1515915625530988119,Lost,control,2021-03-20,0,False,
1515915625530988990,Lost,email_discount,2021-03-12,10,False,
1515915625530990538,Lost,push_cashback,2021-03-05,5,False,
1515915625530995356,Lost,email_discount,2021-03-12,10,False,
1515915625530996394,Lost,email_discount,2021-03-29,10,False,
1515915625530998225,Lost,push_cashback,2021-03-03,5,False,
1515915625531001006,Lost,control,2021-03-20,0,False,
1515915625531002035,Lost,email_discount,2021-03-05,10,False,
1515915625531003671,Lost,control,2021-03-28,0,True,161.84052334123956
1515915625531004943,Lost,control,2021-03-01,0,False,
1515915625531005001,Lost,push_cashback,2021-03-16,5,False,
1515915625531005078,Lost,push_cashback,2021-03-30,5,False,
1515915625531005524,Lost,control,2021-03-09,0,False,
1515915625531006693,At Risk,email_discount,2021-03-10,10,False,
1515915625531011584,Lost,control,2021-03-29,0,False,
1515915625531016669,Lost,email_discount,2021-03-10,10,False,
1515915625531018040,Lost,email_discount,2021-03-13,10,False,
1515915625531027191,Lost,push_cashback,2021-03-16,5,False,
1515915625531034082,Lost,email_discount,2021-03-30,10,False,
1515915625531035844,Lost,email_discount,2021-03-20,10,False,
1515915625531035888,Lost,control,2021-03-29,0,False,
1515915625531036834,Lost,push_cashback,2021-03-25,5,False,
1515915625531039327,Lost,email_discount,2021-03-04,10,False,
1515915625531040538,Can't Lose Them,email_discount,2021-03-14,10,False,
1515915625531051199,Lost,push_cashback,2021-03-17,5,False,
1515915625531051787,Lost,control,2021-03-28,0,False,
1515915625531054003,Lost,push_cashback,2021-03-05,5,True,128.5550843251958
1515915625531058345,Lost,push_cashback,2021-03-13,5,True,151.6249157319472
1515915625531065980,Lost,email_discount,2021-03-25,10,False,
1515915625531069665,Lost,email_discount,2021-03-03,10,False,
1515915625531069781,Lost,control,2021-03-05,0,False,
1515915625531071049,Lost,email_discount,2021-03-16,10,False,
1515915625531071313,At Risk,email_discount,2021-03-19,10,False,
1515915625531074125,Lost,push_cashback,2021-03-28,5,True,96.21489925337858
1515915625531082490,Lost,email_discount,2021-03-19,10,False,
1515915625531087725,Lost,control,2021-03-17,0,False,
1515915625531088457,Lost,push_cashback,2021-03-18,5,False,
1515915625531088934,Lost,control,2021-03-18,0,False,
1515915625531090967,Lost,push_cashback,2021-03-25,5,True,151.89762306524082
1515915625531094611,Lost,email_discount,2021-03-23,10,False,
1515915625531098038,Lost,push_cashback,2021-03-08,5,False,
1515915625531100390,Lost,push_cashback,2021-03-18,5,False,
1515915625531106287,Lost,email_discount,2021-03-09,10,False,
1515915625531108218,Lost,email_discount,2021-03-29,10,False,
1515915625531110827,Lost,control,2021-03-19,0,False,
1515915625531118421,Lost,control,2021-03-10,0,False,
1515915625531128009,Lost,email_discount,2021-03-29,10,False,
1515915625531128391,Lost,email_discount,2021-03-02,10,False,
1515915625531129347,Lost,email_discount,2021-03-28,10,False,
1515915625531130989,Lost,push_cashback,2021-03-17,5,False,
1515915625531131492,At Risk,push_cashback,2021-03-25,5,False,
1515915625531132213,Lost,push_cashback,2021-03-24,5,False,
1515915625531132939,Lost,email_discount,2021-03-13,10,False,
1515915625531138670,Lost,control,2021-03-28,0,False,
1515915625531138832,Lost,email_discount,2021-03-11,10,False,
1515915625531140863,Lost,push_cashback,2021-03-16,5,False,
1515915625531141716,Lost,push_cashback,2021-03-20,5,False,
1515915625531142992,Lost,email_discount,2021-03-07,10,False,
1515915625531146221,Lost,email_discount,2021-03-28,10,False,
1515915625531149280,Lost,push_cashback,2021-03-30,5,True,136.23865616150027
1515915625531155588,Lost,push_cashback,2021-03-03,5,False,
1515915625531165354,Lost,push_cashback,2021-03-16,5,False,
1515915625531174504,Lost,email_discount,2021-03-19,10,False,
1515915625531176504,Lost,push_cashback,2021-03-20,5,False,
1515915625531176607,Lost,push_cashback,2021-03-16,5,False,
1515915625531177462,Lost,control,2021-03-02,0,False,
1515915625531179831,Lost,email_discount,2021-03-14,10,False,
1515915625531180761,Lost,control,2021-03-26,0,False,
1515915625531183190,Lost,control,2021-03-20,0,False,
1515915625531187144,Lost,push_cashback,2021-03-10,5,False,
1515915625531196792,Lost,email_discount,2021-03-19,10,False,
1515915625531198560,Lost,push_cashback,2021-03-24,5,True,154.50075809012446
1515915625531201499,Lost,email_discount,2021-03-11,10,False,
1515915625531203769,Lost,control,2021-03-18,0,False,
1515915625531204657,Lost,email_discount,2021-03-11,10,True,198.53567196415133
1515915625531207268,Lost,push_cashback,2021-03-09,5,False,
1515915625531207957,Lost,push_cashback,2021-03-19,5,False,
1515915625531213675,Lost,push_cashback,2021-03-20,5,True,163.21059758339118
1515915625531215141,Lost,email_discount,2021-03-29,10,False,
1515915625531221778,Lost,control,2021-03-10,0,False,
1515915625531226667,Lost,control,2021-03-30,0,False,
1515915625531228636,Lost,email_discount,2021-03-26,10,False,
1515915625531235063,Lost,push_cashback,2021-03-03,5,False,
1515915625531238042,Can't Lose Them,control,2021-03-03,0,False,
1515915625531238570,Lost,push_cashback,2021-03-24,5,False,
1515915625531239425,Lost,email_discount,2021-03-08,10,True,220.70278407990008
1515915625531243027,Lost,push_cashback,2021-03-29,5,False,
1515915625531244870,Lost,control,2021-03-29,0,False,
1515915625531249451,Lost,control,2021-03-06,0,False,
1515915625531254682,Lost,push_cashback,2021-03-20,5,False,
1515915625531257869,Lost,email_discount,2021-03-01,10,False,
1515915625531257895,Lost,push_cashback,2021-03-20,5,False,
1515915625531257922,Lost,email_discount,2021-03-24,10,True,168.7655114061646
1515915625531259218,Lost,push_cashback,2021-03-06,5,False,
1515915625531263160,Lost,control,2021-03-02,0,True,200.9931623503339
1515915625531264654,Can't Lose Them,email_discount,2021-03-19,10,False,
1515915625531265417,Lost,email_discount,2021-03-28,10,False,
1515915625531266487,Lost,email_discount,2021-03-07,10,True,235.62441978710737
1515915625531267071,Lost,control,2021-03-11,0,False,
1515915625531269660,Can't Lose Them,push_cashback,2021-03-11,5,False,
1515915625531272459,Lost,control,2021-03-04,0,False,
1515915625531274744,Lost,email_discount,2021-03-20,10,False,
1515915625531276646,Lost,push_cashback,2021-03-16,5,False,
1515915625531278062,Lost,control,2021-03-05,0,False,
1515915625531280108,Lost,email_discount,2021-03-24,10,False,
1515915625531281365,Lost,email_discount,2021-03-30,10,False,
1515915625531283375,Lost,control,2021-03-30,0,False,
1515915625531285669,Can't Lose Them,control,2021-03-07,0,False,
1515915625531287806,Lost,control,2021-03-25,0,False,
1515915625531291596,Lost,email_discount,2021-03-16,10,False,
1515915625531294590,Lost,control,2021-03-15,0,False,
1515915625531303178,Can't Lose Them,email_discount,2021-03-05,10,False,
1515915625531305147,Lost,control,2021-03-01,0,False,
1515915625531315820,Lost,email_discount,2021-03-20,10,False,
1515915625531317525,Lost,email_discount,2021-03-22,10,False,
1515915625531318337,Lost,push_cashback,2021-03-22,5,False,
1515915625531320178,Lost,control,2021-03-09,0,False,
1515915625531332975,Lost,control,2021-03-26,0,False,
1515915625531337052,Lost,email_discount,2021-03-29,10,True,197.31918674587791
1515915625531337976,At Risk,email_discount,2021-03-21,10,True,184.06409762605048
1515915625531339818,Lost,email_discount,2021-03-05,10,True,203.64629378804548
1515915625531340896,Lost,push_cashback,2021-03-22,5,False,
1515915625531342651,Lost,push_cashback,2021-03-27,5,False,
1515915625531347583,Lost,email_discount,2021-03-06,10,False,
1515915625531353203,Lost,control,2021-03-03,0,False,
1515915625531353794,Lost,control,2021-03-06,0,False,
1515915625531355495,Lost,push_cashback,2021-03-08,5,False,
1515915625531356291,Lost,push_cashback,2021-03-28,5,False,
1515915625531357780,Lost,email_discount,2021-03-06,10,False,
1515915625531367959,Lost,control,2021-03-16,0,False,
1515915625531368217,Lost,email_discount,2021-03-28,10,True,198.90876278545056
1515915625531372651,Lost,push_cashback,2021-03-16,5,False,
1515915625531372779,Lost,control,2021-03-27,0,False,
1515915625531382320,Lost,control,2021-03-21,0,False,
1515915625531382529,Can't Lose Them,push_cashback,2021-03-03,5,False,
1515915625531387120,Lost,email_discount,2021-03-17,10,False,
1515915625531390233,Lost,email_discount,2021-03-21,10,False,
1515915625531395952,Lost,control,2021-03-06,0,False,
1515915625531396194,Lost,push_cashback,2021-03-30,5,False,
1515915625531398187,Lost,control,2021-03-06,0,False,
1515915625531398309,Can't Lose Them,push_cashback,2021-03-30,5,False,
1515915625531402059,Lost,email_discount,2021-03-22,10,False,
1515915625531404401,Lost,push_cashback,2021-03-19,5,False,
1515915625531408156,At Risk,email_discount,2021-03-20,10,False,
1515915625531410549,Lost,push_cashback,2021-03-15,5,False,
1515915625531416750,At Risk,control,2021-03-19,0,False,
1515915625531417139,Lost,email_discount,2021-03-02,10,False,
1515915625531420811,At Risk,control,2021-03-08,0,True,217.05220633991684
1515915625531426466,Lost,control,2021-03-07,0,False,
1515915625531429107,Lost,email_discount,2021-03-27,10,True,220.72097567794395
1515915625531429349,Lost,email_discount,2021-03-08,10,True,221.2622244691148
1515915625531435599,Lost,control,2021-03-13,0,False,
1515915625531435907,Lost,control,2021-03-22,0,False,
1515915625531435917,Lost,control,2021-03-27,0,False,
1515915625531438979,Lost,control,2021-03-15,0,False,
1515915625531443207,Lost,email_discount,2021-03-12,10,False,
1515915625531446355,Lost,email_discount,2021-03-15,10,False,
1515915625531447064,Lost,control,2021-03-14,0,False,
1515915625531452445,Lost,push_cashback,2021-03-07,5,False,
1515915625531453146,Lost,push_cashback,2021-03-17,5,False,
1515915625531459889,Lost,email_discount,2021-03-26,10,True,186.98116809028144
1515915625531462429,Lost,control,2021-03-05,0,False,
1515915625531464325,Lost,control,2021-03-20,0,False,
1515915625531465429,Lost,email_discount,2021-03-10,10,False,
1515915625531465615,Lost,push_cashback,2021-03-19,5,False,
1515915625531465818,Lost,push_cashback,2021-03-18,5,False,
1515915625531468853,Lost,push_cashback,2021-03-30,5,False,
1515915625531469891,Can't Lose Them,email_discount,2021-03-30,10,False,
1515915625531472335,Lost,push_cashback,2021-03-25,5,True,178.64906530769937
1515915625531473245,Lost,email_discount,2021-03-24,10,False,
1515915625531476659,Lost,email_discount,2021-03-10,10,False,
1515915625531477358,Lost,control,2021-03-02,0,False,
1515915625531477915,Lost,push_cashback,2021-03-06,5,False,
1515915625531478584,Lost,email_discount,2021-03-03,10,False,
1515915625531480352,Lost,push_cashback,2021-03-19,5,False,
1515915625531481428,Lost,push_cashback,2021-03-05,5,True,177.9010505302387
1515915625531483203,Lost,control,2021-03-07,0,False,
1515915625531488525,Lost,push_cashback,2021-03-07,5,False,
1515915625531492301,Lost,control,2021-03-27,0,False,
1515915625531493087,Lost,email_discount,2021-03-10,10,True,130.6679269051533
1515915625531497027,Lost,push_cashback,2021-03-01,5,False,
1515915625531499379,Lost,email_discount,2021-03-11,10,False,
1515915625531503340,Lost,push_cashback,2021-03-23,5,False,
1515915625531507655,Lost,email_discount,2021-03-07,10,False,
1515915625531508998,Lost,push_cashback,2021-03-06,5,True,207.7566407370125
1515915625531512241,Lost,push_cashback,2021-03-06,5,False,
1515915625531516468,Lost,push_cashback,2021-03-13,5,True,98.22837880222126
1515915625531522062,At Risk,push_cashback,2021-03-16,5,False,
1515915625531523172,Lost,push_cashback,2021-03-13,5,False,
1515915625531524700,Lost,push_cashback,2021-03-02,5,False,
1515915625531527345,Lost,push_cashback,2021-03-19,5,False,
1515915625531528332,Lost,push_cashback,2021-03-19,5,False,
1515915625531533871,Lost,push_cashback,2021-03-29,5,False,
1515915625531534150,Lost,email_discount,2021-03-19,10,False,
1515915625531534277,Lost,control,2021-03-18,0,False,
1515915625531536018,Lost,push_cashback,2021-03-25,5,False,
1515915625531540447,Lost,control,2021-03-06,0,False,
1515915625531543890,Lost,push_cashback,2021-03-02,5,False,
1515915625531545144,Lost,push_cashback,2021-03-19,5,False,
1515915625531545699,Can't Lose Them,email_discount,2021-03-26,10,False,
1515915625531547319,Lost,email_discount,2021-03-06,10,False,
1515915625531561274,Lost,control,2021-03-20,0,False,
1515915625531568591,Lost,email_discount,2021-03-23,10,False,
1515915625531568759,Lost,email_discount,2021-03-22,10,False,
1515915625531573547,Lost,control,2021-03-15,0,False,
1515915625531576542,Lost,email_discount,2021-03-06,10,False,
1515915625531577454,Lost,push_cashback,2021-03-28,5,False,
1515915625531577538,Lost,control,2021-03-03,0,False,
1515915625531579473,Lost,control,2021-03-11,0,False,
1515915625531581190,Can't Lose Them,push_cashback,2021-03-08,5,False,
1515915625531582047,Lost,email_discount,2021-03-25,10,True,217.0483995932167
1515915625531587556,Lost,control,2021-03-22,0,False,
1515915625531588222,Lost,control,2021-03-18,0,False,
1515915625531594944,Lost,push_cashback,2021-03-17,5,True,175.67984387430832
1515915625531595351,Lost,push_cashback,2021-03-19,5,False,
1515915625531598728,Lost,email_discount,2021-03-19,10,False,
1515915625531600474,Lost,control,2021-03-24,0,False,
1515915625531600727,Lost,email_discount,2021-03-21,10,False,
1515915625531603001,Lost,email_discount,2021-03-17,10,False,
1515915625531604323,Lost,push_cashback,2021-03-27,5,False,
1515915625531614105,Lost,control,2021-03-04,0,False,
1515915625531621668,Lost,control,2021-03-07,0,False,
1515915625531623414,Lost,control,2021-03-05,0,False,
1515915625531624890,Lost,push_cashback,2021-03-26,5,False,
1515915625531627703,Lost,push_cashback,2021-03-29,5,True,153.62847088923178
1515915625531628376,Lost,push_cashback,2021-03-16,5,False,
1515915625531628416,Lost,push_cashback,2021-03-06,5,False,
1515915625531636489,Lost,push_cashback,2021-03-14,5,False,
1515915625531641377,Lost,control,2021-03-26,0,True,191.42998667070256
1515915625531645494,Lost,email_discount,2021-03-20,10,False,
1515915625531646509,Lost,control,2021-03-02,0,False,
1515915625531651268,Lost,email_discount,2021-03-25,10,False,
1515915625531651744,Lost,push_cashback,2021-03-18,5,False,
1515915625531652821,Lost,email_discount,2021-03-18,10,False,
1515915625531657149,Lost,control,2021-03-13,0,False,
1515915625531658295,Lost,control,2021-03-28,0,False,
1515915625531659637,Lost,email_discount,2021-03-18,10,False,
1515915625531660760,Lost,push_cashback,2021-03-17,5,False,
1515915625531661522,Lost,push_cashback,2021-03-13,5,False,
1515915625531672823,Lost,control,2021-03-28,0,False,
1515915625531673533,Lost,email_discount,2021-03-12,10,False,
1515915625531674172,Lost,push_cashback,2021-03-03,5,False,
1515915625531677188,Can't Lose Them,push_cashback,2021-03-22,5,False,
1515915625531678737,Lost,control,2021-03-07,0,False,
1515915625531683972,Lost,push_cashback,2021-03-01,5,False,
1515915625531684927,Lost,email_discount,2021-03-30,10,False,
1515915625531686851,Lost,control,2021-03-05,0,False,
1515915625531691701,Lost,control,2021-03-21,0,False,
1515915625531692154,Lost,email_discount,2021-03-01,10,False,
1515915625531697927,Lost,control,2021-03-04,0,False,
1515915625531700059,Lost,push_cashback,2021-03-26,5,False,
1515915625531703410,Lost,push_cashback,2021-03-01,5,False,
1515915625531707299,Lost,email_discount,2021-03-13,10,True,203.83561968032518
1515915625531710707,Lost,push_cashback,2021-03-14,5,True,112.68800372987695
1515915625531721231,Lost,email_discount,2021-03-15,10,False,
1515915625531725002,Lost,email_discount,2021-03-17,10,False,
1515915625531732001,Lost,push_cashback,2021-03-12,5,False,
1515915625531733517,Lost,email_discount,2021-03-07,10,False,
1515915625531739959,Lost,push_cashback,2021-03-23,5,False,
1515915625531742710,Lost,control,2021-03-19,0,False,
1515915625531742993,Lost,control,2021-03-23,0,False,
1515915625531752701,Lost,email_discount,2021-03-03,10,False,
1515915625531769095,Lost,push_cashback,2021-03-18,5,False,
1515915625531770707,Lost,push_cashback,2021-03-26,5,False,
1515915625531779796,Lost,control,2021-03-04,0,False,
1515915625531779958,Lost,control,2021-03-30,0,False,
1515915625531781998,Lost,push_cashback,2021-03-26,5,False,
1515915625531787306,Can't Lose Them,email_discount,2021-03-03,10,False,
1515915625531789442,Lost,control,2021-03-12,0,False,
1515915625531790066,Lost,email_discount,2021-03-23,10,False,
1515915625531790196,Lost,email_discount,2021-03-28,10,False,
1515915625531791065,Lost,control,2021-03-12,0,False,
1515915625531792121,Lost,email_discount,2021-03-17,10,False,
1515915625531795556,Lost,email_discount,2021-03-06,10,False,
1515915625531797504,Can't Lose Them,push_cashback,2021-03-15,5,False,
1515915625531799548,Lost,email_discount,2021-03-30,10,False,
1515915625531802838,Lost,push_cashback,2021-03-02,5,False,
1515915625531806365,Lost,control,2021-03-08,0,False,
1515915625531806425,Lost,control,2021-03-14,0,False,
1515915625531807129,Lost,push_cashback,2021-03-05,5,False,
1515915625531807804,Lost,control,2021-03-03,0,False,
1515915625531808164,Lost,email_discount,2021-03-10,10,False,
1515915625531809636,Lost,email_discount,2021-03-07,10,False,
1515915625531810063,Lost,email_discount,2021-03-30,10,False,
1515915625531814704,Lost,control,2021-03-11,0,True,234.47730384742326
1515915625531817400,Lost,email_discount,2021-03-15,10,False,
1515915625531820926,Lost,control,2021-03-02,0,False,
1515915625531821996,Can't Lose Them,email_discount,2021-03-05,10,True,188.246212423325
1515915625531822127,Lost,push_cashback,2021-03-11,5,True,257.5892921816368
1515915625531822280,Lost,control,2021-03-08,0,False,
1515915625531827271,Lost,control,2021-03-13,0,False,
1515915625531828736,Lost,email_discount,2021-03-11,10,False,
1515915625531828993,Lost,control,2021-03-17,0,False,
1515915625531829105,Lost,control,2021-03-15,0,False,
1515915625531829357,Lost,push_cashback,2021-03-01,5,False,
1515915625531832142,Lost,push_cashback,2021-03-19,5,True,196.59084114546826
1515915625531836044,Lost,email_discount,2021-03-16,10,False,
1515915625531839320,Lost,push_cashback,2021-03-19,5,False,
1515915625531852708,Lost,email_discount,2021-03-13,10,True,187.22288061119227
1515915625531853853,Lost,email_discount,2021-03-23,10,False,
1515915625531854185,Lost,email_discount,2021-03-22,10,False,
1515915625531856167,Lost,control,2021-03-23,0,False,
1515915625531858190,Can't Lose Them,push_cashback,2021-03-04,5,False,
1515915625531862631,Lost,email_discount,2021-03-11,10,False,
1515915625531869277,Lost,push_cashback,2021-03-18,5,False,
1515915625531870159,Lost,email_discount,2021-03-18,10,False,
1515915625531878125,Lost,push_cashback,2021-03-10,5,False,
1515915625531879970,Lost,push_cashback,2021-03-17,5,False,
1515915625531882233,Lost,email_discount,2021-03-30,10,True,153.9482321303322
1515915625531893495,Can't Lose Them,control,2021-03-13,0,False,
1515915625531896894,Lost,push_cashback,2021-03-30,5,False,
1515915625531898940,Lost,control,2021-03-25,0,False,
1515915625531900311,Can't Lose Them,control,2021-03-14,0,False,
1515915625531902815,Lost,email_discount,2021-03-30,10,False,
1515915625531902851,Lost,email_discount,2021-03-07,10,False,
1515915625531905329,Lost,email_discount,2021-03-10,10,False,
1515915625531906060,Lost,push_cashback,2021-03-03,5,False,
1515915625531907685,Lost,email_discount,2021-03-02,10,False,
1515915625531909309,Lost,email_discount,2021-03-30,10,False,
1515915625531914541,Lost,push_cashback,2021-03-19,5,False,
1515915625531915985,Lost,push_cashback,2021-03-07,5,False,
1515915625531916891,Can't Lose Them,email_discount,2021-03-05,10,False,
1515915625531920733,Lost,email_discount,2021-03-28,10,False,
1515915625531924904,Lost,email_discount,2021-03-03,10,False,
1515915625531925817,Lost,email_discount,2021-03-25,10,False,
1515915625531926227,Lost,control,2021-03-02,0,False,
1515915625531927088,Lost,control,2021-03-23,0,False,
1515915625531930739,Lost,email_discount,2021-03-26,10,False,
1515915625531934896,Lost,control,2021-03-22,0,False,
1515915625531937185,Lost,push_cashback,2021-03-06,5,False,
1515915625531938568,Lost,control,2021-03-14,0,False,
1515915625531940441,Lost,control,2021-03-07,0,False,
1515915625531941133,Lost,email_discount,2021-03-22,10,False,
1515915625531941827,Lost,control,2021-03-02,0,False,
1515915625531945984,Lost,control,2021-03-11,0,False,
1515915625531948019,Lost,control,2021-03-21,0,False,
1515915625531953304,Lost,control,2021-03-03,0,True,170.3447394379054
1515915625531964756,Lost,push_cashback,2021-03-09,5,False,
1515915625531970939,Lost,email_discount,2021-03-08,10,False,
1515915625531971419,Lost,email_discount,2021-03-26,10,True,191.74238278621993
1515915625531972219,Lost,push_cashback,2021-03-11,5,False,
1515915625531974169,Lost,control,2021-03-18,0,False,
1515915625531975200,Lost,push_cashback,2021-03-01,5,False,
1515915625531975724,Lost,control,2021-03-15,0,False,
1515915625531977468,Lost,push_cashback,2021-03-04,5,False,
1515915625531977998,Lost,email_discount,2021-03-04,10,False,
1515915625531979043,Lost,email_discount,2021-03-28,10,False,
1515915625531980846,Lost,email_discount,2021-03-10,10,False,
1515915625531981113,Lost,control,2021-03-11,0,False,
1515915625531989986,Lost,control,2021-03-18,0,False,
1515915625531990224,Can't Lose Them,push_cashback,2021-03-23,5,False,
1515915625531990919,Lost,push_cashback,2021-03-29,5,False,
1515915625531997198,Lost,email_discount,2021-03-15,10,False,
1515915625532000531,Lost,control,2021-03-03,0,False,
1515915625532002239,Lost,push_cashback,2021-03-07,5,False,
1515915625532004657,Lost,control,2021-03-07,0,False,
1515915625532006464,Lost,control,2021-03-17,0,False,
1515915625532014195,Lost,email_discount,2021-03-22,10,True,250.94435694474743
1515915625532015143,Can't Lose Them,email_discount,2021-03-20,10,False,
1515915625532015597,Lost,control,2021-03-27,0,False,
1515915625532020686,At Risk,control,2021-03-24,0,False,
1515915625532021713,Lost,control,2021-03-16,0,False,
1515915625532026064,Lost,control,2021-03-16,0,False,
1515915625532030659,Lost,email_discount,2021-03-08,10,False,
1515915625532034232,Lost,push_cashback,2021-03-03,5,False,
1515915625532041614,Lost,email_discount,2021-03-20,10,False,
1515915625532046268,Lost,push_cashback,2021-03-15,5,False,
1515915625532049828,Lost,control,2021-03-01,0,False,
1515915625532052010,Lost,push_cashback,2021-03-10,5,False,
1515915625532065009,Lost,email_discount,2021-03-02,10,False,
1515915625532075496,Lost,email_discount,2021-03-07,10,False,
1515915625532077180,Lost,control,2021-03-14,0,False,
1515915625532085906,Lost,email_discount,2021-03-16,10,False,
1515915625532087318,Lost,control,2021-03-27,0,False,
1515915625532098883,Lost,email_discount,2021-03-28,10,False,
1515915625532109995,Lost,email_discount,2021-03-15,10,False,
1515915625532111016,Lost,control,2021-03-07,0,False,
1515915625532112294,Lost,push_cashback,2021-03-13,5,False,
1515915625532116892,Lost,email_discount,2021-03-25,10,False,
1515915625532119098,Lost,push_cashback,2021-03-10,5,False,
1515915625532120679,Lost,email_discount,2021-03-09,10,False,
1515915625532127944,Lost,email_discount,2021-03-09,10,True,240.1996925439738
1515915625532129435,Lost,email_discount,2021-03-06,10,True,205.3169817113726
1515915625532132006,Lost,email_discount,2021-03-24,10,False,
1515915625532132856,Lost,push_cashback,2021-03-25,5,False,
1515915625532134714,Lost,push_cashback,2021-03-12,5,False,
1515915625532136020,Lost,email_discount,2021-03-30,10,False,
1515915625532139354,Lost,email_discount,2021-03-23,10,False,
1515915625532140756,Lost,push_cashback,2021-03-20,5,False,
1515915625532141947,Lost,control,2021-03-30,0,False,
1515915625532142870,Lost,control,2021-03-20,0,False,
1515915625532143491,Lost,push_cashback,2021-03-22,5,True,235.76764676946655
1515915625532145508,Lost,email_discount,2021-03-14,10,False,
1515915625532145897,Lost,email_discount,2021-03-27,10,False,
1515915625532147010,Lost,control,2021-03-20,0,False,
1515915625532152840,Lost,control,2021-03-27,0,False,
1515915625532153127,Lost,push_cashback,2021-03-07,5,False,
1515915625532163015,Lost,control,2021-03-08,0,False,
1515915625532164637,Lost,push_cashback,2021-03-08,5,False,
1515915625532168832,Lost,control,2021-03-30,0,False,
1515915625532175674,Lost,control,2021-03-08,0,False,
1515915625532177344,Lost,control,2021-03-02,0,False,
1515915625532180790,Lost,email_discount,2021-03-14,10,False,
1515915625532184618,Lost,email_discount,2021-03-10,10,True,94.27184916797516
1515915625532186874,Lost,email_discount,2021-03-18,10,False,
1515915625532193007,Lost,control,2021-03-18,0,False,
1515915625532194323,Lost,push_cashback,2021-03-18,5,False,
1515915625532197442,Lost,push_cashback,2021-03-16,5,False,
1515915625532197461,Lost,push_cashback,2021-03-20,5,False,
1515915625532198398,Lost,push_cashback,2021-03-05,5,False,
1515915625532198648,Lost,email_discount,2021-03-20,10,False,
1515915625532199186,Lost,email_discount,2021-03-05,10,False,
1515915625532199190,Lost,control,2021-03-20,0,True,194.43707023418892
1515915625532210641,Lost,control,2021-03-23,0,False,
1515915625532217335,Lost,push_cashback,2021-03-10,5,False,
1515915625532219399,At Risk,email_discount,2021-03-17,10,False,
1515915625532221094,Lost,push_cashback,2021-03-30,5,False,
1515915625532221566,Lost,control,2021-03-13,0,False,
1515915625532225381,Lost,control,2021-03-17,0,False,
1515915625532227250,Lost,push_cashback,2021-03-18,5,False,
1515915625532236655,Lost,control,2021-03-13,0,False,
1515915625532239057,Can't Lose Them,push_cashback,2021-03-17,5,False,
1515915625532239879,Lost,email_discount,2021-03-28,10,True,241.50433633341956
1515915625532240888,Lost,push_cashback,2021-03-15,5,True,186.89751085662203
1515915625532242393,Lost,email_discount,2021-03-26,10,False,
1515915625532248916,Lost,email_discount,2021-03-12,10,False,
1515915625532257586,Lost,control,2021-03-28,0,False,
1515915625532262298,Lost,control,2021-03-10,0,False,
1515915625532264305,Can't Lose Them,control,2021-03-13,0,False,
1515915625532266069,Lost,push_cashback,2021-03-30,5,False,
1515915625532266123,Lost,push_cashback,2021-03-11,5,False,
1515915625532268408,Can't Lose Them,control,2021-03-03,0,False,
1515915625532282974,At Risk,push_cashback,2021-03-22,5,False,
1515915625532283625,Can't Lose Them,control,2021-03-10,0,False,
1515915625532285463,Lost,push_cashback,2021-03-11,5,False,
1515915625532292322,Lost,email_discount,2021-03-06,10,False,
1515915625532294427,Lost,email_discount,2021-03-01,10,False,
1515915625532295777,Lost,control,2021-03-06,0,False,
1515915625532297636,Lost,push_cashback,2021-03-05,5,True,111.68768084706005
1515915625532298840,Lost,push_cashback,2021-03-07,5,False,
1515915625532300068,Lost,email_discount,2021-03-22,10,False,
1515915625532303130,Lost,email_discount,2021-03-12,10,False,
1515915625532308217,Lost,control,2021-03-12,0,False,
1515915625532308993,Lost,email_discount,2021-03-07,10,False,
1515915625532310577,Lost,control,2021-03-02,0,False,
1515915625532311320,Can't Lose Them,email_discount,2021-03-28,10,False,
1515915625532315373,Lost,email_discount,2021-03-01,10,True,247.52494100830074
1515915625532316240,Lost,push_cashback,2021-03-30,5,True,195.45394253493737
1515915625532327739,Can't Lose Them,email_discount,2021-03-23,10,False,
1515915625532327917,Lost,email_discount,2021-03-25,10,True,200.4355382096057
1515915625532329254,Lost,control,2021-03-18,0,False,
1515915625532333464,Lost,email_discount,2021-03-12,10,False,
1515915625532336141,Lost,control,2021-03-07,0,False,
1515915625532338910,Lost,email_discount,2021-03-19,10,False,
1515915625532339841,Lost,email_discount,2021-03-22,10,True,188.97610960202326
1515915625532342858,Lost,control,2021-03-03,0,False,
1515915625532344153,Can't Lose Them,push_cashback,2021-03-29,5,True,244.74808272595018
1515915625532352979,Lost,control,2021-03-10,0,False,
1515915625532354773,Lost,control,2021-03-29,0,False,
1515915625532354799,Lost,control,2021-03-27,0,False,
1515915625532355559,Lost,push_cashback,2021-03-27,5,False,
1515915625532357344,Lost,email_discount,2021-03-11,10,False,
1515915625532357790,Lost,control,2021-03-05,0,False,
1515915625532361083,Lost,control,2021-03-02,0,False,
1515915625532361488,Lost,push_cashback,2021-03-08,5,False,
1515915625532363808,Lost,control,2021-03-14,0,True,193.66973683678398
1515915625532365172,Lost,email_discount,2021-03-08,10,False,
1515915625532366067,Lost,push_cashback,2021-03-23,5,False,
1515915625532368267,Lost,email_discount,2021-03-06,10,False,
1515915625532369532,Lost,email_discount,2021-03-01,10,False,
1515915625532373046,Lost,push_cashback,2021-03-24,5,False,
1515915625532373229,Lost,control,2021-03-01,0,False,
1515915625532376600,Lost,email_discount,2021-03-08,10,True,174.11361535682764
1515915625532379158,Lost,email_discount,2021-03-11,10,False,
1515915625532384046,Lost,email_discount,2021-03-18,10,False,
1515915625532384126,Lost,email_discount,2021-03-24,10,False,
1515915625532384781,Lost,push_cashback,2021-03-10,5,False,
1515915625532385720,Lost,push_cashback,2021-03-12,5,False,
1515915625532388474,Lost,email_discount,2021-03-20,10,True,148.4879674596998
1515915625532389962,Lost,control,2021-03-23,0,False,
1515915625532396536,Lost,email_discount,2021-03-16,10,True,219.08881126438766
1515915625532398003,Lost,control,2021-03-05,0,False,
1515915625532402535,Lost,email_discount,2021-03-16,10,True,229.38050278740207
1515915625532416174,Lost,control,2021-03-24,0,False,
1515915625532418249,Lost,email_discount,2021-03-12,10,False,
1515915625532419774,Lost,control,2021-03-06,0,False,
1515915625532426718,Lost,email_discount,2021-03-30,10,False,
1515915625532427017,Lost,email_discount,2021-03-05,10,False,
1515915625532427026,Lost,control,2021-03-01,0,False,
1515915625532437170,Can't Lose Them,push_cashback,2021-03-19,5,True,167.2606221793476
1515915625532443557,Lost,control,2021-03-10,0,False,
1515915625532445161,Lost,push_cashback,2021-03-25,5,False,
1515915625532447866,Lost,email_discount,2021-03-14,10,False,
1515915625532448324,Lost,control,2021-03-25,0,False,
1515915625532458208,Lost,control,2021-03-21,0,False,
1515915625532460161,Lost,control,2021-03-03,0,False,
1515915625532466257,Lost,push_cashback,2021-03-06,5,False,
1515915625532485790,Lost,push_cashback,2021-03-05,5,False,
1515915625532493168,Lost,email_discount,2021-03-17,10,False,
1515915625532494555,Lost,push_cashback,2021-03-18,5,False,
1515915625532495860,Lost,push_cashback,2021-03-12,5,False,
1515915625532498558,Lost,email_discount,2021-03-05,10,True,159.89996840692655
1515915625532505829,Lost,control,2021-03-30,0,False,
1515915625532517970,Lost,control,2021-03-09,0,False,
1515915625532518355,Lost,email_discount,2021-03-12,10,False,
1515915625532519404,Lost,control,2021-03-20,0,False,
1515915625532522919,Lost,push_cashback,2021-03-09,5,False,
1515915625532523492,Lost,email_discount,2021-03-03,10,False,
1515915625532529187,Lost,email_discount,2021-03-01,10,False,
1515915625532530043,Lost,email_discount,2021-03-22,10,False,
1515915625532531698,Lost,control,2021-03-15,0,False,
1515915625532534852,Lost,email_discount,2021-03-10,10,False,
1515915625532535096,Lost,email_discount,2021-03-14,10,False,
1515915625532536527,Lost,email_discount,2021-03-07,10,False,
1515915625532540952,Lost,control,2021-03-04,0,False,
1515915625532541036,Can't Lose Them,push_cashback,2021-03-26,5,False,
1515915625532543532,Lost,email_discount,2021-03-05,10,True,244.85254691954225
1515915625532549994,Lost,push_cashback,2021-03-20,5,True,129.5033832921267
1515915625532550291,Lost,control,2021-03-16,0,False,
1515915625532550929,Lost,control,2021-03-03,0,False,
1515915625532553111,Lost,control,2021-03-17,0,False,
1515915625532556701,Lost,control,2021-03-13,0,False,
1515915625532557183,Lost,push_cashback,2021-03-06,5,False,
1515915625532560577,Lost,email_discount,2021-03-26,10,False,
1515915625532565333,Lost,control,2021-03-05,0,False,
1515915625532569336,At Risk,control,2021-03-16,0,False,
1515915625532571986,Lost,push_cashback,2021-03-11,5,False,
1515915625532574585,Lost,push_cashback,2021-03-17,5,False,
1515915625532575222,Lost,control,2021-03-05,0,False,
1515915625532575273,Can't Lose Them,email_discount,2021-03-06,10,False,
1515915625532579324,Lost,email_discount,2021-03-10,10,False,
1515915625532582529,Lost,control,2021-03-21,0,False,
1515915625532584766,Lost,push_cashback,2021-03-01,5,False,
1515915625532585532,Lost,control,2021-03-30,0,False,
1515915625532587649,Can't Lose Them,control,2021-03-21,0,False,
1515915625532587923,Lost,push_cashback,2021-03-10,5,True,243.7778152532792
1515915625532588304,Lost,control,2021-03-17,0,False,
1515915625532602573,Lost,control,2021-03-27,0,False,
1515915625532603952,Lost,control,2021-03-03,0,False,
1515915625532606277,Lost,push_cashback,2021-03-28,5,False,
1515915625532609304,Lost,email_discount,2021-03-29,10,False,
1515915625532610617,Lost,email_discount,2021-03-02,10,True,151.9459781743386
1515915625532610817,Lost,push_cashback,2021-03-29,5,False,
1515915625532615740,Lost,email_discount,2021-03-17,10,False,
1515915625532620213,Lost,control,2021-03-04,0,False,
1515915625532623075,Lost,email_discount,2021-03-02,10,False,
1515915625532624048,Lost,control,2021-03-05,0,False,
1515915625532626975,Lost,email_discount,2021-03-10,10,False,
1515915625532627414,Lost,push_cashback,2021-03-01,5,False,
1515915625532629204,At Risk,email_discount,2021-03-28,10,True,127.47658937680995
1515915625532629594,Lost,email_discount,2021-03-26,10,False,
1515915625532630662,Lost,email_discount,2021-03-01,10,False,
1515915625532632095,Lost,push_cashback,2021-03-27,5,False,
1515915625532635191,Lost,email_discount,2021-03-26,10,True,133.23349861864853
1515915625532640351,Lost,push_cashback,2021-03-04,5,False,
1515915625532642147,Lost,control,2021-03-07,0,False,
1515915625532646163,Lost,email_discount,2021-03-14,10,False,
1515915625532650496,Lost,push_cashback,2021-03-14,5,False,
1515915625532651728,Lost,push_cashback,2021-03-18,5,False,
1515915625532654879,Lost,email_discount,2021-03-02,10,False,
1515915625532660264,Can't Lose Them,control,2021-03-01,0,False,
1515915625532663133,Lost,push_cashback,2021-03-21,5,False,
1515915625532665867,Lost,email_discount,2021-03-22,10,True,135.06256272680446
1515915625532668571,Lost,control,2021-03-16,0,True,165.0629636304524
1515915625532673490,Lost,push_cashback,2021-03-29,5,False,
1515915625532674607,Lost,push_cashback,2021-03-22,5,True,146.27309937596627
1515915625532683209,Lost,control,2021-03-18,0,False,
1515915625532686920,Lost,control,2021-03-16,0,False,
1515915625532687551,Lost,email_discount,2021-03-28,10,True,231.1087921173822
1515915625532696903,Can't Lose Them,email_discount,2021-03-28,10,False,
1515915625532699608,Lost,push_cashback,2021-03-23,5,True,200.28299261157923
1515915625532699853,Lost,control,2021-03-22,0,False,
1515915625532700690,Lost,control,2021-03-24,0,False,
1515915625532705818,At Risk,control,2021-03-06,0,False,
1515915625532709423,At Risk,push_cashback,2021-03-25,5,False,
1515915625532710623,Lost,control,2021-03-10,0,False,
1515915625532710866,Lost,control,2021-03-02,0,False,
1515915625532712388,Lost,push_cashback,2021-03-07,5,True,156.0595576393724
1515915625532713767,Lost,email_discount,2021-03-21,10,False,
1515915625532715912,Lost,email_discount,2021-03-17,10,False,
1515915625532719624,Lost,push_cashback,2021-03-03,5,False,
1515915625532720665,Lost,control,2021-03-20,0,False,
1515915625532727657,Lost,push_cashback,2021-03-12,5,False,
1515915625532737428,Lost,email_discount,2021-03-02,10,False,
1515915625532739318,Lost,email_discount,2021-03-07,10,False,
1515915625532740939,Lost,push_cashback,2021-03-17,5,False,
1515915625532741658,Lost,push_cashback,2021-03-19,5,True,289.13537623059483
1515915625532741858,Lost,email_discount,2021-03-12,10,False,
1515915625532741943,Lost,push_cashback,2021-03-09,5,False,
1515915625532744861,Can't Lose Them,email_discount,2021-03-27,10,False,
1515915625532748256,Lost,push_cashback,2021-03-14,5,False,
1515915625532757018,Can't Lose Them,push_cashback,2021-03-02,5,False,
1515915625532764760,Lost,push_cashback,2021-03-21,5,False,
1515915625532767502,Lost,email_discount,2021-03-04,10,False,
1515915625532777414,Lost,push_cashback,2021-03-28,5,True,155.52955732860028
1515915625532777769,Lost,email_discount,2021-03-19,10,False,
1515915625532782237,Lost,email_discount,2021-03-21,10,False,
1515915625532790521,Lost,push_cashback,2021-03-16,5,False,
1515915625532828178,Lost,push_cashback,2021-03-22,5,False,
1515915625532828655,Can't Lose Them,email_discount,2021-03-17,10,False,
1515915625532835114,Lost,email_discount,2021-03-02,10,False,
1515915625532838978,Lost,control,2021-03-17,0,False,
1515915625532864773,Lost,email_discount,2021-03-19,10,False,
1515915625532876196,Lost,control,2021-03-08,0,False,
1515915625532890211,Lost,control,2021-03-24,0,False,
1515915625532895143,Lost,control,2021-03-20,0,False,
1515915625532920354,Lost,push_cashback,2021-03-06,5,False,
1515915625532926782,Lost,push_cashback,2021-03-12,5,False,
1515915625532927627,Lost,email_discount,2021-03-25,10,True,180.34176402217108
1515915625532939477,Lost,control,2021-03-30,0,False,
1515915625532947060,Lost,push_cashback,2021-03-23,5,False,
1515915625532955816,Lost,push_cashback,2021-03-18,5,False,
1515915625532974480,Lost,push_cashback,2021-03-27,5,False,
1515915625532974746,Lost,push_cashback,2021-03-02,5,False,
1515915625532984190,Lost,push_cashback,2021-03-19,5,False,
1515915625532984514,Lost,control,2021-03-24,0,False,
1515915625532993619,At Risk,control,2021-03-10,0,False,
1515915625532998157,Lost,control,2021-03-25,0,False,
1515915625532999615,Lost,control,2021-03-29,0,False,
1515915625533002437,Lost,email_discount,2021-03-30,10,False,
1515915625533004674,Lost,control,2021-03-03,0,False,
1515915625533013090,Lost,push_cashback,2021-03-25,5,False,
1515915625533013809,Lost,control,2021-03-28,0,False,
1515915625533016850,Lost,email_discount,2021-03-12,10,False,
1515915625533021663,Lost,push_cashback,2021-03-26,5,False,
1515915625533021679,Lost,control,2021-03-16,0,False,
1515915625533032123,Lost,control,2021-03-12,0,False,
1515915625533032207,Lost,control,2021-03-08,0,False,
1515915625533040665,Lost,push_cashback,2021-03-05,5,False,
1515915625533044326,Lost,push_cashback,2021-03-11,5,False,
1515915625533045938,Lost,email_discount,2021-03-10,10,False,
1515915625533046597,Lost,push_cashback,2021-03-03,5,True,113.9032820747046
1515915625533057655,Lost,push_cashback,2021-03-27,5,False,
1515915625533057819,Lost,control,2021-03-23,0,False,
1515915625533067580,Lost,push_cashback,2021-03-09,5,False,
1515915625533076058,Lost,control,2021-03-12,0,False,
1515915625533078411,Lost,control,2021-03-06,0,False,
1515915625533080956,Lost,push_cashback,2021-03-19,5,False,
1515915625533091900,Lost,email_discount,2021-03-16,10,True,181.37568539187632
1515915625533096281,Lost,email_discount,2021-03-21,10,False,
1515915625533097735,Lost,push_cashback,2021-03-23,5,False,
1515915625533102447,Lost,email_discount,2021-03-24,10,False,
1515915625533106149,Lost,control,2021-03-29,0,False,
1515915625533106342,Lost,control,2021-03-14,0,False,
1515915625533128206,Lost,push_cashback,2021-03-28,5,False,
1515915625533129533,Lost,email_discount,2021-03-04,10,False,
1515915625533135514,Lost,email_discount,2021-03-18,10,True,198.3830311125995
1515915625533136772,Lost,control,2021-03-10,0,False,
1515915625533145747,Lost,push_cashback,2021-03-18,5,False,
1515915625533146301,Lost,email_discount,2021-03-12,10,False,
1515915625533151327,Lost,push_cashback,2021-03-19,5,False,
1515915625533155531,Can't Lose Them,email_discount,2021-03-08,10,False,
1515915625533157693,Lost,control,2021-03-01,0,False,
1515915625533164232,Lost,control,2021-03-14,0,False,
1515915625533175156,Lost,push_cashback,2021-03-23,5,False,
1515915625533175637,Lost,control,2021-03-06,0,False,
1515915625533181232,Lost,email_discount,2021-03-14,10,True,131.7100597747785
1515915625533197250,Lost,control,2021-03-02,0,False,
1515915625533198359,At Risk,push_cashback,2021-03-09,5,True,145.0523430076122
1515915625533199330,Lost,push_cashback,2021-03-29,5,False,
1515915625533202774,Lost,push_cashback,2021-03-12,5,False,
1515915625533205831,Lost,email_discount,2021-03-05,10,True,199.71548284890258
1515915625533208797,Can't Lose Them,email_discount,2021-03-02,10,True,161.38240344046534
1515915625533211504,Lost,email_discount,2021-03-19,10,True,151.96283724330746
1515915625533218136,Lost,email_discount,2021-03-07,10,False,
1515915625533220042,Lost,email_discount,2021-03-07,10,True,220.19598563917742
1515915625533221730,Lost,control,2021-03-10,0,False,
1515915625533224237,Lost,email_discount,2021-03-17,10,True,127.30487849901212
1515915625533230231,Lost,email_discount,2021-03-26,10,False,
1515915625533231805,Lost,control,2021-03-14,0,False,
1515915625533242423,Lost,email_discount,2021-03-27,10,False,
1515915625533245805,Lost,push_cashback,2021-03-11,5,True,121.48310485625375
1515915625533251561,Lost,email_discount,2021-03-28,10,False,
1515915625533252148,Lost,email_discount,2021-03-20,10,False,
1515915625533259006,Lost,push_cashback,2021-03-06,5,False,
1515915625533262957,Lost,push_cashback,2021-03-08,5,False,
1515915625533268984,Lost,push_cashback,2021-03-19,5,False,
1515915625533270719,Lost,push_cashback,2021-03-30,5,False,
1515915625533271113,Lost,email_discount,2021-03-19,10,False,
1515915625533287974,Lost,push_cashback,2021-03-24,5,False,
1515915625533291619,Lost,push_cashback,2021-03-24,5,False,
1515915625533293568,Lost,control,2021-03-24,0,True,182.44993230453974
1515915625533294254,Lost,push_cashback,2021-03-17,5,True,198.84637050961135
1515915625533294681,Lost,push_cashback,2021-03-24,5,True,177.2209586490648
1515915625533299330,Lost,control,2021-03-24,0,False,
1515915625533301998,Lost,control,2021-03-18,0,False,
1515915625533306471,Lost,email_discount,2021-03-12,10,False,
1515915625533310962,Lost,control,2021-03-09,0,True,165.59673527503915
1515915625533313909,Lost,email_discount,2021-03-23,10,False,
1515915625533314326,Lost,control,2021-03-24,0,False,
1515915625533319075,Lost,control,2021-03-16,0,False,
1515915625533324281,Lost,email_discount,2021-03-18,10,False,
1515915625533325928,At Risk,control,2021-03-16,0,False,
1515915625533328441,Lost,email_discount,2021-03-16,10,False,
1515915625533329384,Lost,control,2021-03-04,0,False,
1515915625533335454,Can't Lose Them,push_cashback,2021-03-23,5,False,
1515915625533336721,Lost,control,2021-03-22,0,False,
1515915625533337383,Can't Lose Them,email_discount,2021-03-07,10,False,
1515915625533337459,Can't Lose Them,control,2021-03-01,0,False,
1515915625533338955,Lost,email_discount,2021-03-24,10,False,
1515915625533339261,Can't Lose Them,email_discount,2021-03-29,10,True,171.25751213581583
1515915625533339635,Can't Lose Them,push_cashback,2021-03-23,5,False,
1515915625533345520,Lost,push_cashback,2021-03-29,5,False,
1515915625533345635,Lost,email_discount,2021-03-20,10,False,
1515915625533353755,Lost,control,2021-03-01,0,False,
1515915625533355660,Lost,email_discount,2021-03-08,10,False,
1515915625533358213,Lost,email_discount,2021-03-26,10,False,
1515915625533358333,Lost,control,2021-03-23,0,False,
1515915625533361712,Lost,control,2021-03-08,0,False,
1515915625533364189,Lost,control,2021-03-10,0,False,
1515915625533368707,Lost,control,2021-03-01,0,False,
1515915625533371256,Lost,email_discount,2021-03-21,10,False,
1515915625533372557,Lost,email_discount,2021-03-25,10,True,230.46988472719414
1515915625533374369,Lost,push_cashback,2021-03-21,5,False,
1515915625533377324,Lost,email_discount,2021-03-29,10,False,
1515915625533385039,Lost,control,2021-03-14,0,False,
1515915625533385201,Can't Lose Them,push_cashback,2021-03-14,5,False,
1515915625533386648,Lost,control,2021-03-10,0,False,
1515915625533388154,Lost,email_discount,2021-03-28,10,True,223.65506448368072
1515915625533388796,Lost,push_cashback,2021-03-19,5,False,
1515915625533389628,Lost,control,2021-03-25,0,False,
1515915625533389675,Lost,push_cashback,2021-03-29,5,False,
1515915625533392001,Lost,push_cashback,2021-03-16,5,True,166.9939700737162
1515915625533401499,Lost,email_discount,2021-03-09,10,False,
1515915625533402612,Can't Lose Them,control,2021-03-20,0,False,
1515915625533403778,Lost,push_cashback,2021-03-16,5,False,
1515915625533404372,Lost,push_cashback,2021-03-20,5,False,
1515915625533404987,Can't Lose Them,control,2021-03-27,0,False,
1515915625533417658,Lost,push_cashback,2021-03-08,5,False,
1515915625533437323,Lost,push_cashback,2021-03-07,5,False,
1515915625533443672,Lost,push_cashback,2021-03-11,5,False,
1515915625533444500,Lost,control,2021-03-21,0,False,
1515915625533445284,Lost,control,2021-03-06,0,False,
1515915625533450597,Lost,control,2021-03-15,0,False,
1515915625533451593,Lost,control,2021-03-19,0,False,
1515915625533452243,Lost,email_discount,2021-03-14,10,True,172.5071585388567
1515915625533458767,Lost,push_cashback,2021-03-15,5,False,
1515915625533459854,Lost,control,2021-03-06,0,False,
1515915625533459994,Lost,push_cashback,2021-03-29,5,False,
1515915625533463449,Lost,push_cashback,2021-03-24,5,True,166.41088770581214
1515915625533466257,Lost,email_discount,2021-03-10,10,False,
1515915625533469055,Lost,control,2021-03-14,0,False,
1515915625533470634,Lost,control,2021-03-16,0,False,
1515915625533471604,Lost,push_cashback,2021-03-13,5,False,
1515915625533473814,Lost,control,2021-03-11,0,False,
1515915625533474034,Lost,push_cashback,2021-03-25,5,False,
1515915625533477292,Lost,push_cashback,2021-03-03,5,False,
1515915625533477585,Lost,email_discount,2021-03-08,10,False,
1515915625533478974,Lost,email_discount,2021-03-28,10,True,152.27611481331164
1515915625533479116,Lost,email_discount,2021-03-03,10,False,
1515915625533480608,Lost,push_cashback,2021-03-02,5,False,
1515915625533484271,Lost,control,2021-03-21,0,False,
1515915625533484763,Lost,email_discount,2021-03-14,10,False,
1515915625533485800,Lost,control,2021-03-20,0,False,
1515915625533497245,Lost,email_discount,2021-03-29,10,True,178.2420956872295
1515915625533503355,Lost,email_discount,2021-03-21,10,True,162.97084976042456
1515915625533503762,Lost,push_cashback,2021-03-22,5,False,
1515915625533510668,Lost,email_discount,2021-03-15,10,False,
1515915625533513688,Lost,email_discount,2021-03-03,10,False,
1515915625533515131,Lost,push_cashback,2021-03-01,5,True,160.9662072648616
1515915625533519832,Lost,control,2021-03-15,0,False,
1515915625533520047,Lost,email_discount,2021-03-20,10,False,
1515915625533520331,Lost,push_cashback,2021-03-22,5,False,
1515915625533531114,Lost,email_discount,2021-03-02,10,False,
1515915625533531866,Lost,push_cashback,2021-03-18,5,False,
1515915625533537874,Lost,control,2021-03-01,0,False,
1515915625533556245,Lost,control,2021-03-09,0,False,
1515915625533582872,Lost,push_cashback,2021-03-03,5,False,
1515915625533583045,Lost,push_cashback,2021-03-02,5,False,
1515915625533583923,Lost,push_cashback,2021-03-04,5,False,
1515915625533584154,Lost,control,2021-03-16,0,False,
1515915625533584561,Lost,email_discount,2021-03-22,10,True,164.58420786525943
1515915625533589575,Lost,control,2021-03-01,0,False,
1515915625533590093,Lost,push_cashback,2021-03-09,5,False,
1515915625533590757,Lost,push_cashback,2021-03-25,5,False,
1515915625533590838,Lost,control,2021-03-08,0,False,
1515915625533591024,Lost,push_cashback,2021-03-06,5,False,
1515915625533592718,Can't Lose Them,control,2021-03-20,0,False,
1515915625533593140,Lost,push_cashback,2021-03-18,5,False,
1515915625533595599,Can't Lose Them,email_discount,2021-03-16,10,False,
1515915625533596889,Lost,email_discount,2021-03-08,10,False,
1515915625533606060,Lost,push_cashback,2021-03-23,5,False,
1515915625533634201,Lost,control,2021-03-28,0,False,
1515915625533670973,Lost,email_discount,2021-03-30,10,False,
1515915625533675640,Lost,control,2021-03-04,0,False,
1515915625533705423,Lost,push_cashback,2021-03-03,5,False,
1515915625533719385,Lost,control,2021-03-15,0,False,
1515915625533720801,Lost,email_discount,2021-03-06,10,False,
1515915625533723842,Lost,control,2021-03-01,0,False,
1515915625533725527,Lost,control,2021-03-18,0,False,
1515915625533725961,Lost,push_cashback,2021-03-23,5,False,
1515915625533726137,Lost,push_cashback,2021-03-11,5,False,
1515915625533727460,Lost,push_cashback,2021-03-03,5,False,
1515915625533728740,Lost,email_discount,2021-03-30,10,True,208.57783432720998
1515915625533729024,Lost,email_discount,2021-03-13,10,False,
1515915625533731442,Lost,push_cashback,2021-03-17,5,False,
1515915625533737377,Lost,push_cashback,2021-03-18,5,True,197.73621599397742
1515915625533737955,Lost,email_discount,2021-03-26,10,False,
1515915625533738085,Lost,email_discount,2021-03-26,10,False,
1515915625533738694,Lost,email_discount,2021-03-14,10,True,167.91278809033903
1515915625533749370,Can't Lose Them,email_discount,2021-03-25,10,False,
1515915625533750876,Lost,push_cashback,2021-03-07,5,False,
1515915625533766314,Lost,email_discount,2021-03-07,10,True,148.4654149009971
1515915625533768090,Lost,push_cashback,2021-03-14,5,False,
1515915625533773359,Lost,control,2021-03-26,0,False,
1515915625533774439,At Risk,control,2021-03-24,0,False,
1515915625533774974,Lost,email_discount,2021-03-15,10,True,217.02297803828776
1515915625533783256,Lost,control,2021-03-12,0,False,
1515915625533783606,Lost,control,2021-03-12,0,False,
1515915625533784969,Lost,control,2021-03-08,0,False,
1515915625533785439,Lost,email_discount,2021-03-16,10,False,
1515915625533802187,Lost,email_discount,2021-03-09,10,False,
1515915625533805098,Lost,control,2021-03-02,0,False,
1515915625533808445,Lost,push_cashback,2021-03-14,5,False,
1515915625533810651,Lost,control,2021-03-24,0,False,
1515915625533815723,Lost,email_discount,2021-03-24,10,False,
1515915625533817210,Lost,email_discount,2021-03-29,10,False,
1515915625533819063,Lost,email_discount,2021-03-16,10,False,
1515915625533819803,Lost,control,2021-03-05,0,False,
1515915625533823030,Lost,push_cashback,2021-03-05,5,False,
1515915625533824436,Lost,email_discount,2021-03-20,10,True,193.31414657547987
1515915625533827090,Lost,email_discount,2021-03-30,10,False,
1515915625533831107,Lost,control,2021-03-21,0,False,
1515915625533832322,Lost,push_cashback,2021-03-18,5,False,
1515915625533834624,Lost,control,2021-03-18,0,False,
1515915625533835419,Lost,email_discount,2021-03-05,10,False,
1515915625533836237,Lost,push_cashback,2021-03-11,5,False,
1515915625533836608,Lost,push_cashback,2021-03-13,5,False,
1515915625533839119,Lost,email_discount,2021-03-03,10,False,
1515915625533841496,Lost,push_cashback,2021-03-17,5,False,
1515915625533843332,Lost,push_cashback,2021-03-25,5,False,
1515915625533843365,Lost,control,2021-03-18,0,False,
1515915625533845015,Lost,email_discount,2021-03-14,10,True,168.496876466734
1515915625533845025,Can't Lose Them,email_discount,2021-03-12,10,False,
1515915625533849834,Lost,email_discount,2021-03-14,10,True,246.8998361013443
1515915625533852939,Can't Lose Them,email_discount,2021-03-26,10,False,
1515915625533856670,Lost,email_discount,2021-03-18,10,True,159.5734582790078
1515915625533860053,Lost,push_cashback,2021-03-30,5,False,
1515915625533862503,Lost,control,2021-03-20,0,True,91.2966747414326
1515915625533867529,Lost,email_discount,2021-03-02,10,False,
1515915625533872629,Lost,control,2021-03-07,0,False,
1515915625533873694,Lost,control,2021-03-15,0,False,
1515915625533875458,Lost,push_cashback,2021-03-28,5,False,
1515915625533883190,Can't Lose Them,email_discount,2021-03-10,10,False,
1515915625533883757,Lost,push_cashback,2021-03-15,5,False,
1515915625533886161,Lost,email_discount,2021-03-17,10,True,153.1418283215601
1515915625533888584,Lost,push_cashback,2021-03-11,5,False,
1515915625533891416,Can't Lose Them,control,2021-03-02,0,False,
1515915625533892904,Lost,email_discount,2021-03-27,10,False,
1515915625533895702,Lost,control,2021-03-21,0,False,
1515915625533896361,Lost,control,2021-03-18,0,False,
1515915625533904623,Lost,push_cashback,2021-03-25,5,False,
1515915625533909931,Lost,email_discount,2021-03-04,10,False,
1515915625533913211,Lost,control,2021-03-09,0,False,
1515915625533919180,Lost,push_cashback,2021-03-27,5,False,
1515915625533922399,Lost,email_discount,2021-03-28,10,False,
1515915625533924416,Lost,email_discount,2021-03-17,10,False,
1515915625533927067,Lost,control,2021-03-17,0,False,
1515915625533929236,Lost,email_discount,2021-03-17,10,False,
1515915625533933338,Lost,control,2021-03-30,0,False,
1515915625533935310,Lost,email_discount,2021-03-16,10,True,257.8270314601091
1515915625533967133,Can't Lose Them,push_cashback,2021-03-20,5,False,
1515915625533967644,Lost,control,2021-03-25,0,False,
1515915625533969730,Lost,control,2021-03-08,0,False,
1515915625533974053,Lost,email_discount,2021-03-23,10,False,
1515915625533974285,Lost,email_discount,2021-03-15,10,False,
1515915625533975031,Lost,control,2021-03-01,0,False,
1515915625533975978,Lost,email_discount,2021-03-19,10,False,
1515915625533978887,Lost,push_cashback,2021-03-25,5,False,
1515915625533981657,Lost,email_discount,2021-03-15,10,False,
1515915625533983575,Lost,push_cashback,2021-03-09,5,True,152.2918507573277
1515915625533986507,Lost,push_cashback,2021-03-05,5,False,
1515915625533991848,Lost,push_cashback,2021-03-16,5,False,
1515915625533992130,Lost,push_cashback,2021-03-28,5,False,
1515915625533996759,Lost,push_cashback,2021-03-13,5,False,
1515915625534000100,Can't Lose Them,email_discount,2021-03-16,10,False,
1515915625534001289,Lost,push_cashback,2021-03-22,5,False,
1515915625534001652,Lost,email_discount,2021-03-11,10,False,
1515915625534010319,Lost,push_cashback,2021-03-13,5,False,
1515915625534010592,Lost,control,2021-03-06,0,False,
1515915625534014621,Lost,push_cashback,2021-03-26,5,False,
1515915625534018315,Lost,control,2021-03-20,0,False,
1515915625534020302,Lost,push_cashback,2021-03-17,5,False,
1515915625534022194,Lost,push_cashback,2021-03-05,5,False,
1515915625534024853,Lost,push_cashback,2021-03-29,5,False,
1515915625534027906,Lost,control,2021-03-17,0,False,
1515915625534032517,Lost,control,2021-03-01,0,False,
1515915625534033116,Can't Lose Them,push_cashback,2021-03-27,5,False,
1515915625534034890,Lost,email_discount,2021-03-05,10,False,
1515915625534043554,Lost,push_cashback,2021-03-05,5,False,
1515915625534045777,Lost,control,2021-03-07,0,False,
1515915625534050179,Lost,push_cashback,2021-03-16,5,False,
1515915625534051749,Lost,control,2021-03-18,0,False,
1515915625534055477,Lost,control,2021-03-06,0,False,
1515915625534057405,Lost,control,2021-03-02,0,False,
1515915625534058599,At Risk,push_cashback,2021-03-13,5,False,
1515915625534059124,Lost,control,2021-03-10,0,False,
1515915625534061714,Lost,control,2021-03-21,0,False,
1515915625534063665,At Risk,push_cashback,2021-03-20,5,False,
1515915625534067485,Lost,control,2021-03-11,0,False,
1515915625534078648,Lost,push_cashback,2021-03-26,5,False,
1515915625534084353,Lost,control,2021-03-21,0,False,
1515915625534086791,Lost,email_discount,2021-03-02,10,True,161.80523188538191
1515915625534108282,Lost,email_discount,2021-03-08,10,False,
1515915625534115311,Lost,control,2021-03-24,0,False,
1515915625534115703,Lost,email_discount,2021-03-22,10,True,186.19714045641035
1515915625534118115,Lost,push_cashback,2021-03-19,5,False,
1515915625534121843,Lost,email_discount,2021-03-20,10,False,
1515915625534122298,Lost,control,2021-03-17,0,False,
1515915625534124380,Lost,control,2021-03-16,0,False,
1515915625534127265,Lost,push_cashback,2021-03-25,5,False,
1515915625534129125,Lost,control,2021-03-10,0,True,217.46464969150188
1515915625534131457,Lost,push_cashback,2021-03-05,5,False,
1515915625534138210,Lost,email_discount,2021-03-14,10,False,
1515915625534138343,Lost,email_discount,2021-03-24,10,False,
1515915625534143343,Can't Lose Them,push_cashback,2021-03-19,5,False,
1515915625534145198,Lost,push_cashback,2021-03-04,5,False,
1515915625534146309,Lost,control,2021-03-20,0,False,
1515915625534150285,Lost,email_discount,2021-03-16,10,False,
1515915625534151558,Lost,push_cashback,2021-03-24,5,False,
1515915625534152098,Lost,email_discount,2021-03-15,10,False,
1515915625534152247,Lost,push_cashback,2021-03-28,5,False,
1515915625534153782,Lost,email_discount,2021-03-09,10,False,
1515915625534154622,Lost,control,2021-03-03,0,False,
1515915625534156949,Lost,email_discount,2021-03-23,10,False,
1515915625534157625,Lost,email_discount,2021-03-09,10,False,
1515915625534158178,Can't Lose Them,email_discount,2021-03-18,10,False,
1515915625534165247,Lost,email_discount,2021-03-04,10,False,
1515915625534168706,Can't Lose Them,email_discount,2021-03-19,10,False,
1515915625534171402,Lost,control,2021-03-24,0,False,
1515915625534172462,Lost,push_cashback,2021-03-04,5,False,
1515915625534173220,Lost,email_discount,2021-03-09,10,False,
1515915625534173962,Lost,control,2021-03-01,0,False,
1515915625534183243,Lost,email_discount,2021-03-01,10,True,181.26950041772787
1515915625534184616,Lost,email_discount,2021-03-20,10,False,
1515915625534184643,Lost,push_cashback,2021-03-19,5,False,
1515915625534185786,Lost,email_discount,2021-03-03,10,False,
1515915625534187468,Can't Lose Them,control,2021-03-10,0,False,
1515915625534188632,Lost,control,2021-03-12,0,False,
1515915625534188995,Can't Lose Them,push_cashback,2021-03-18,5,False,
1515915625534190073,Lost,email_discount,2021-03-14,10,False,
1515915625534197164,Lost,control,2021-03-10,0,False,
1515915625534199788,Lost,email_discount,2021-03-10,10,False,
1515915625534201096,Lost,email_discount,2021-03-18,10,False,
1515915625534203158,Lost,email_discount,2021-03-24,10,False,
1515915625534203223,Lost,push_cashback,2021-03-01,5,False,
1515915625534203355,Lost,email_discount,2021-03-30,10,False,
1515915625534204522,Lost,control,2021-03-15,0,False,
1515915625534205653,Lost,email_discount,2021-03-08,10,False,
1515915625534206950,Lost,control,2021-03-26,0,False,
1515915625534213072,Lost,email_discount,2021-03-03,10,False,
1515915625534214756,Lost,control,2021-03-18,0,False,
1515915625534215905,Lost,control,2021-03-09,0,False,
1515915625534219090,Lost,email_discount,2021-03-16,10,False,
1515915625534221252,Lost,email_discount,2021-03-21,10,False,
1515915625534223104,Lost,control,2021-03-15,0,False,
1515915625534223394,Lost,push_cashback,2021-03-30,5,False,
1515915625534226525,Lost,email_discount,2021-03-05,10,False,
1515915625534236468,Lost,push_cashback,2021-03-13,5,False,
1515915625534236735,Lost,email_discount,2021-03-22,10,False,
1515915625534245821,Lost,email_discount,2021-03-20,10,False,
1515915625534246787,Lost,email_discount,2021-03-07,10,False,
1515915625534247052,Lost,email_discount,2021-03-16,10,False,
1515915625534248525,Lost,push_cashback,2021-03-07,5,False,
1515915625534252809,Lost,email_discount,2021-03-27,10,True,211.61064118588882
1515915625534253849,Lost,control,2021-03-25,0,False,
1515915625534257142,Lost,control,2021-03-22,0,False,
1515915625534257389,Lost,push_cashback,2021-03-16,5,False,
1515915625534257553,Lost,email_discount,2021-03-13,10,False,
1515915625534259022,Lost,control,2021-03-17,0,False,
1515915625534267755,Lost,push_cashback,2021-03-09,5,False,
1515915625534272529,Lost,email_discount,2021-03-12,10,False,
1515915625534274130,Lost,control,2021-03-13,0,False,
1515915625534280496,Lost,control,2021-03-26,0,False,
1515915625534287746,Can't Lose Them,push_cashback,2021-03-09,5,False,
1515915625534288430,Lost,email_discount,2021-03-05,10,True,176.48301960784363
1515915625534289251,Lost,email_discount,2021-03-07,10,False,
1515915625534289336,Lost,control,2021-03-01,0,False,
1515915625534290363,Lost,control,2021-03-04,0,False,
1515915625534294262,Lost,control,2021-03-28,0,False,
1515915625534295249,Lost,email_discount,2021-03-26,10,False,
1515915625534297924,Lost,push_cashback,2021-03-04,5,False,
1515915625534299060,Lost,push_cashback,2021-03-16,5,False,
1515915625534300264,Lost,email_discount,2021-03-05,10,False,
1515915625534300592,Lost,push_cashback,2021-03-22,5,False,
1515915625534304645,Lost,control,2021-03-04,0,False,
1515915625534306133,Lost,push_cashback,2021-03-06,5,False,
1515915625534311466,Lost,push_cashback,2021-03-26,5,False,
1515915625534318792,Can't Lose Them,push_cashback,2021-03-23,5,False,
1515915625534324969,Lost,control,2021-03-03,0,False,
1515915625534331379,Lost,email_discount,2021-03-25,10,False,
1515915625534342295,Lost,control,2021-03-08,0,False,
1515915625534343887,At Risk,email_discount,2021-03-17,10,False,
1515915625534352006,Lost,email_discount,2021-03-29,10,False,
1515915625534354319,Lost,email_discount,2021-03-18,10,False,
1515915625534374756,Lost,push_cashback,2021-03-18,5,False,
1515915625534378004,Lost,push_cashback,2021-03-26,5,False,
1515915625534389289,Lost,email_discount,2021-03-25,10,False,
1515915625534392404,Lost,email_discount,2021-03-12,10,False,
1515915625534397905,Lost,push_cashback,2021-03-25,5,False,
1515915625534402070,Lost,control,2021-03-25,0,False,
1515915625534407998,Lost,email_discount,2021-03-01,10,False,
1515915625534416143,Can't Lose Them,control,2021-03-23,0,False,
1515915625534424629,Lost,push_cashback,2021-03-12,5,False,
1515915625534425252,Lost,email_discount,2021-03-11,10,False,
1515915625534427972,Lost,control,2021-03-13,0,True,200.16686918814736
1515915625534428705,Lost,control,2021-03-03,0,False,
1515915625534436786,Lost,control,2021-03-27,0,False,
1515915625534443190,Lost,push_cashback,2021-03-25,5,False,
1515915625534450352,Lost,push_cashback,2021-03-08,5,False,
1515915625534452228,Lost,control,2021-03-03,0,False,
1515915625534456818,Lost,control,2021-03-17,0,False,
1515915625534461911,Lost,push_cashback,2021-03-25,5,False,
1515915625534462700,Lost,control,2021-03-13,0,False,
1515915625534465597,Lost,control,2021-03-10,0,False,
1515915625534466607,Lost,push_cashback,2021-03-17,5,False,
1515915625534492749,Lost,control,2021-03-03,0,False,
1515915625534495736,Lost,control,2021-03-13,0,False,
1515915625534514763,Lost,control,2021-03-22,0,False,
1515915625534515711,Lost,push_cashback,2021-03-06,5,False,
1515915625534522194,Lost,control,2021-03-14,0,False,
1515915625534523012,Lost,push_cashback,2021-03-27,5,False,
1515915625534525828,Can't Lose Them,push_cashback,2021-03-10,5,False,
1515915625534525911,Lost,email_discount,2021-03-20,10,False,
1515915625534532966,Lost,email_discount,2021-03-16,10,True,193.11182572556802
1515915625534533262,Lost,control,2021-03-18,0,False,
1515915625534539560,Lost,push_cashback,2021-03-13,5,False,
1515915625534545154,Lost,email_discount,2021-03-10,10,False,
1515915625534548605,Lost,control,2021-03-06,0,False,
1515915625534555304,Lost,email_discount,2021-03-10,10,False,
1515915625534560787,Lost,email_discount,2021-03-05,10,False,
1515915625534571724,Lost,push_cashback,2021-03-29,5,True,149.08032900443112
1515915625534572892,At Risk,push_cashback,2021-03-06,5,False,
1515915625534579608,Lost,email_discount,2021-03-07,10,True,196.61413894706013
1515915625534583088,Lost,email_discount,2021-03-11,10,False,
1515915625534585132,Lost,push_cashback,2021-03-16,5,False,
1515915625534585741,Lost,control,2021-03-25,0,False,
1515915625534593015,Lost,push_cashback,2021-03-12,5,False,
1515915625534599507,Lost,email_discount,2021-03-12,10,True,160.58705415283697
1515915625534608606,At Risk,control,2021-03-30,0,False,
1515915625534608869,Lost,email_discount,2021-03-23,10,True,122.98152416751024
1515915625534610827,Lost,control,2021-03-20,0,False,
1515915625534613338,Lost,email_discount,2021-03-26,10,True,184.10504927665374
1515915625534614002,Lost,control,2021-03-05,0,False,
1515915625534622180,Lost,control,2021-03-16,0,False,
1515915625534627558,Lost,email_discount,2021-03-29,10,False,
1515915625534628434,Lost,control,2021-03-06,0,True,120.84627696862633
1515915625534630724,Lost,push_cashback,2021-03-29,5,True,188.89718142115552
1515915625534643908,Lost,email_discount,2021-03-09,10,True,183.31291527238312
1515915625534645254,Lost,push_cashback,2021-03-05,5,False,
1515915625534645785,Lost,email_discount,2021-03-21,10,False,
1515915625534646426,Lost,control,2021-03-23,0,False,
1515915625534647670,Lost,control,2021-03-16,0,False,
1515915625534648667,Can't Lose Them,control,2021-03-18,0,False,
1515915625534650223,Lost,email_discount,2021-03-19,10,False,
1515915625534656343,Lost,push_cashback,2021-03-12,5,False,
1515915625534656432,Lost,push_cashback,2021-03-02,5,False,
1515915625534663755,Lost,email_discount,2021-03-26,10,True,249.0481376790725
1515915625534670072,Lost,email_discount,2021-03-10,10,False,
1515915625534672863,Lost,push_cashback,2021-03-12,5,False,
1515915625534686582,Lost,push_cashback,2021-03-14,5,False,
1515915625534688640,Lost,push_cashback,2021-03-18,5,False,
1515915625534689624,Lost,push_cashback,2021-03-19,5,False,
1515915625534691848,Lost,email_discount,2021-03-06,10,False,
1515915625534692175,Lost,email_discount,2021-03-05,10,False,
1515915625534701197,Lost,control,2021-03-27,0,False,
1515915625534701724,Can't Lose Them,push_cashback,2021-03-16,5,False,
1515915625534703058,Lost,control,2021-03-14,0,False,
1515915625534716988,Lost,email_discount,2021-03-13,10,False,
1515915625534723877,Lost,email_discount,2021-03-21,10,False,
1515915625534725309,Lost,control,2021-03-02,0,False,
1515915625534730688,Lost,push_cashback,2021-03-02,5,False,
1515915625534735220,Lost,push_cashback,2021-03-12,5,False,
1515915625534736129,Lost,push_cashback,2021-03-01,5,False,
1515915625534738655,Lost,push_cashback,2021-03-19,5,True,151.79051555903013
1515915625534748472,Lost,control,2021-03-28,0,False,
1515915625534748928,Lost,control,2021-03-28,0,True,174.158857732572
1515915625534751723,Lost,email_discount,2021-03-27,10,False,
1515915625534756584,Lost,push_cashback,2021-03-16,5,False,
1515915625534756661,Lost,push_cashback,2021-03-30,5,False,
1515915625534761903,Lost,push_cashback,2021-03-07,5,True,106.21495795413946
1515915625534763083,Lost,control,2021-03-27,0,False,
1515915625534763630,Lost,push_cashback,2021-03-21,5,False,
1515915625534766458,Lost,control,2021-03-07,0,False,
1515915625534770272,Lost,push_cashback,2021-03-16,5,True,120.83626755317817
1515915625534771549,Lost,push_cashback,2021-03-25,5,False,
1515915625534776626,Lost,email_discount,2021-03-06,10,False,
1515915625534776957,Lost,push_cashback,2021-03-18,5,True,97.85108950605894
1515915625534777090,Lost,push_cashback,2021-03-01,5,False,
1515915625534780106,Lost,email_discount,2021-03-01,10,False,
1515915625534781652,Lost,control,2021-03-26,0,False,
1515915625534790129,Can't Lose Them,control,2021-03-25,0,False,
1515915625534791058,Lost,push_cashback,2021-03-14,5,False,
1515915625534794372,Lost,control,2021-03-06,0,False,
1515915625534794900,Lost,push_cashback,2021-03-06,5,False,
1515915625534799301,Lost,email_discount,2021-03-04,10,False,
1515915625534806691,Lost,email_discount,2021-03-12,10,True,233.48722150157738
1515915625534808445,Lost,push_cashback,2021-03-30,5,False,
1515915625534810494,Lost,email_discount,2021-03-18,10,False,
1515915625534811772,Lost,email_discount,2021-03-10,10,False,
1515915625534814154,Lost,push_cashback,2021-03-03,5,False,
1515915625534814366,Lost,push_cashback,2021-03-03,5,False,
1515915625534817648,Lost,email_discount,2021-03-08,10,False,
1515915625534825699,Lost,control,2021-03-22,0,False,
1515915625534825805,Lost,control,2021-03-23,0,False,
1515915625534840728,Lost,push_cashback,2021-03-25,5,False,
1515915625534850099,Lost,push_cashback,2021-03-01,5,False,
1515915625534855852,Can't Lose Them,control,2021-03-18,0,False,
1515915625534856197,At Risk,email_discount,2021-03-15,10,False,
1515915625534864038,Lost,control,2021-03-25,0,False,
1515915625534868143,Lost,control,2021-03-21,0,False,
1515915625534869046,Lost,control,2021-03-20,0,False,
1515915625534870698,Lost,control,2021-03-17,0,False,
1515915625534871173,Lost,push_cashback,2021-03-25,5,False,
1515915625534876463,Lost,push_cashback,2021-03-11,5,False,
1515915625534877704,Lost,email_discount,2021-03-13,10,False,
1515915625534880102,Can't Lose Them,email_discount,2021-03-25,10,False,
1515915625534880324,Lost,email_discount,2021-03-20,10,False,
1515915625534880661,At Risk,email_discount,2021-03-25,10,False,
1515915625534880879,Lost,control,2021-03-10,0,False,
1515915625534881895,Lost,push_cashback,2021-03-13,5,False,
1515915625534886044,Lost,push_cashback,2021-03-17,5,False,
1515915625534886056,Lost,email_discount,2021-03-21,10,False,
1515915625534889264,Lost,email_discount,2021-03-01,10,False,
1515915625534890108,Lost,control,2021-03-20,0,False,
1515915625534893939,Can't Lose Them,control,2021-03-16,0,False,
1515915625534894810,Lost,email_discount,2021-03-16,10,False,
1515915625534900729,Lost,push_cashback,2021-03-28,5,False,
1515915625534910409,Lost,push_cashback,2021-03-21,5,False,
1515915625534915960,Lost,push_cashback,2021-03-30,5,False,
1515915625534920953,Lost,email_discount,2021-03-27,10,False,
1515915625534921966,Lost,push_cashback,2021-03-03,5,False,
1515915625534922605,Lost,control,2021-03-02,0,False,
1515915625534925319,Lost,control,2021-03-06,0,False,
1515915625534942772,Lost,email_discount,2021-03-11,10,False,
1515915625534991572,Lost,control,2021-03-29,0,False,
1515915625535006233,Lost,email_discount,2021-03-03,10,True,164.32005582526463
1515915625535021898,Lost,push_cashback,2021-03-26,5,False,
1515915625535057677,Lost,push_cashback,2021-03-01,5,False,
1515915625535103973,Lost,push_cashback,2021-03-11,5,False,
1515915625535139247,Lost,control,2021-03-13,0,False,
1515915625535178217,Lost,email_discount,2021-03-05,10,False,
1515915625535187995,Lost,push_cashback,2021-03-18,5,False,
1515915625535210557,Lost,email_discount,2021-03-15,10,False,
1515915625535227096,Lost,push_cashback,2021-03-18,5,False,
1515915625535230170,Lost,control,2021-03-15,0,False,
1515915625535248359,Lost,control,2021-03-20,0,False,
1515915625535251291,Lost,email_discount,2021-03-20,10,False,
1515915625535361524,Lost,control,2021-03-20,0,False,
1515915625535382348,Lost,control,2021-03-07,0,False,
1515915625535428924,Lost,email_discount,2021-03-17,10,False,
1515915625535435335,Can't Lose Them,push_cashback,2021-03-29,5,False,
1515915625535467749,Lost,control,2021-03-08,0,False,
1515915625535473496,Lost,email_discount,2021-03-28,10,False,
1515915625535478178,Lost,control,2021-03-13,0,False,
1515915625535486742,Lost,control,2021-03-26,0,False,
1515915625535489400,Lost,control,2021-03-16,0,False,
1515915625535490888,Lost,control,2021-03-25,0,False,
1515915625535495185,Lost,email_discount,2021-03-10,10,False,
1515915625535503986,Lost,email_discount,2021-03-29,10,True,244.71858881270322
1515915625535505317,Lost,email_discount,2021-03-14,10,False,
1515915625535511904,Lost,control,2021-03-06,0,False,
1515915625535562493,Lost,control,2021-03-20,0,False,
1515915625535564278,Lost,control,2021-03-22,0,False,
1515915625535566286,Lost,email_discount,2021-03-26,10,False,
1515915625535586638,Lost,control,2021-03-07,0,False,
1515915625535587316,Lost,push_cashback,2021-03-06,5,False,
1515915625535615058,Lost,control,2021-03-27,0,False,
1515915625535660608,Lost,push_cashback,2021-03-17,5,False,
1515915625535668877,Lost,control,2021-03-21,0,False,
1515915625535686680,Lost,email_discount,2021-03-24,10,False,
1515915625535689206,Lost,control,2021-03-08,0,False,
1515915625535746276,Lost,push_cashback,2021-03-12,5,False,
1515915625535753901,Lost,push_cashback,2021-03-26,5,False,
1515915625535761056,Lost,control,2021-03-25,0,False,
1515915625535765987,Lost,push_cashback,2021-03-04,5,False,
1515915625535794233,Lost,push_cashback,2021-03-10,5,False,
1515915625535794484,Lost,email_discount,2021-03-06,10,False,
1515915625535794814,Lost,control,2021-03-07,0,False,
1515915625535794820,Can't Lose Them,control,2021-03-21,0,False,
1515915625535798377,Lost,control,2021-03-27,0,False,
1515915625535803339,Can't Lose Them,push_cashback,2021-03-08,5,False,
1515915625535804330,Lost,control,2021-03-03,0,False,
1515915625535807352,Lost,control,2021-03-08,0,False,
1515915625535808010,Lost,email_discount,2021-03-15,10,False,
1515915625535809995,Lost,email_discount,2021-03-30,10,False,
1515915625535810825,Lost,email_discount,2021-03-21,10,False,
1515915625535814544,Lost,push_cashback,2021-03-01,5,False,
1515915625535815347,Lost,control,2021-03-13,0,False,
1515915625535821298,Lost,email_discount,2021-03-22,10,False,
1515915625535821425,Can't Lose Them,email_discount,2021-03-18,10,False,
1515915625535822661,Lost,email_discount,2021-03-15,10,False,
1515915625535830986,Lost,control,2021-03-07,0,False,
1515915625535918124,Lost,control,2021-03-15,0,False,
1515915625535932449,Can't Lose Them,control,2021-03-25,0,False,
1515915625535932688,Lost,push_cashback,2021-03-03,5,False,
1515915625535932699,Lost,push_cashback,2021-03-30,5,False,
1515915625535933677,Lost,email_discount,2021-03-26,10,False,
1515915625535933870,Lost,control,2021-03-14,0,False,
1515915625535934888,Lost,email_discount,2021-03-20,10,False,
1515915625535935952,Lost,control,2021-03-04,0,False,
1515915625535935993,Lost,control,2021-03-04,0,False,
1515915625535939606,Lost,control,2021-03-03,0,False,
1515915625535939623,Lost,push_cashback,2021-03-05,5,False,
1515915625535941344,Lost,push_cashback,2021-03-25,5,False,
1515915625535944578,Lost,control,2021-03-11,0,False,
1515915625535948896,Lost,email_discount,2021-03-08,10,False,
1515915625535952427,Lost,control,2021-03-26,0,False,
1515915625535955310,Lost,control,2021-03-02,0,False,
1515915625535959009,Lost,email_discount,2021-03-28,10,False,
1515915625535962099,Lost,control,2021-03-16,0,False,
1515915625535982227,Lost,email_discount,2021-03-25,10,False,
1515915625535993243,Lost,push_cashback,2021-03-28,5,False,
1515915625535997848,Lost,push_cashback,2021-03-10,5,True,57.775554637046596
1515915625536001145,Lost,email_discount,2021-03-18,10,False,
1515915625536004806,Lost,push_cashback,2021-03-07,5,False,
1515915625536006050,Lost,push_cashback,2021-03-05,5,True,226.92297594176432
1515915625536006804,Lost,email_discount,2021-03-29,10,False,
1515915625536007007,Lost,push_cashback,2021-03-07,5,False,
1515915625536009287,Lost,control,2021-03-21,0,False,
1515915625536012570,Lost,control,2021-03-28,0,False,
1515915625536016991,Lost,email_discount,2021-03-06,10,True,181.93896991828046
1515915625536017936,Lost,push_cashback,2021-03-24,5,False,
1515915625536019999,Lost,control,2021-03-01,0,False,
1515915625536021138,Lost,control,2021-03-29,0,False,
1515915625536029348,Lost,push_cashback,2021-03-11,5,False,
1515915625536047299,Lost,push_cashback,2021-03-13,5,False,
1515915625536049028,Lost,control,2021-03-12,0,False,
1515915625536070099,Lost,control,2021-03-01,0,False,
1515915625536080512,Lost,email_discount,2021-03-21,10,False,
1515915625536081687,Lost,email_discount,2021-03-15,10,False,
1515915625536082503,Lost,control,2021-03-01,0,False,
1515915625536084190,Lost,email_discount,2021-03-03,10,False,
1515915625536087188,At Risk,control,2021-03-26,0,False,
1515915625536089194,Lost,control,2021-03-15,0,False,
1515915625536089956,Lost,email_discount,2021-03-09,10,False,
1515915625536098891,Lost,email_discount,2021-03-14,10,False,
1515915625536099437,Lost,push_cashback,2021-03-29,5,False,
1515915625536103569,Lost,push_cashback,2021-03-23,5,True,178.59389555861324
1515915625536105473,Lost,push_cashback,2021-03-28,5,False,
1515915625536105727,Lost,control,2021-03-22,0,False,
1515915625536107413,Lost,email_discount,2021-03-24,10,False,
1515915625536107674,Lost,control,2021-03-08,0,False,
1515915625536112100,Lost,email_discount,2021-03-22,10,False,
1515915625536114552,Lost,control,2021-03-04,0,False,
1515915625536114871,Lost,push_cashback,2021-03-20,5,False,
1515915625536116124,Lost,push_cashback,2021-03-20,5,False,
1515915625536130515,Lost,push_cashback,2021-03-06,5,False,
1515915625536146111,Lost,control,2021-03-01,0,False,
1515915625536150239,Lost,email_discount,2021-03-28,10,True,137.1675771417574
1515915625536168584,Lost,email_discount,2021-03-18,10,False,
1515915625536169528,Can't Lose Them,push_cashback,2021-03-06,5,True,186.0915967534931
1515915625536169555,Lost,push_cashback,2021-03-30,5,False,
1515915625536174453,Lost,push_cashback,2021-03-14,5,False,
1515915625536175473,Lost,push_cashback,2021-03-11,5,False,
1515915625536179497,Lost,email_discount,2021-03-17,10,False,
1515915625536183471,Lost,control,2021-03-09,0,False,
1515915625536186970,Lost,control,2021-03-28,0,False,
1515915625536187799,Lost,control,2021-03-22,0,False,
1515915625536188220,Lost,control,2021-03-07,0,False,
1515915625536190276,Lost,push_cashback,2021-03-14,5,False,
1515915625536192452,Lost,push_cashback,2021-03-28,5,False,
1515915625536193456,Lost,push_cashback,2021-03-17,5,True,150.04343415779158
1515915625536194692,Lost,control,2021-03-08,0,False,
1515915625536195124,Lost,push_cashback,2021-03-28,5,False,
1515915625536195451,Lost,push_cashback,2021-03-16,5,True,117.24183111819067
1515915625536196554,Lost,email_discount,2021-03-12,10,False,
1515915625536203378,Lost,email_discount,2021-03-12,10,False,
1515915625536203541,Lost,push_cashback,2021-03-28,5,False,
1515915625536205031,Lost,email_discount,2021-03-28,10,False,
1515915625536207517,Lost,email_discount,2021-03-05,10,False,
1515915625536209139,Lost,push_cashback,2021-03-05,5,False,
1515915625536210207,Lost,push_cashback,2021-03-14,5,False,
1515915625536210560,Lost,push_cashback,2021-03-06,5,False,
1515915625536212916,Lost,push_cashback,2021-03-07,5,False,
1515915625536216713,Lost,control,2021-03-23,0,False,
1515915625536222903,Lost,control,2021-03-21,0,False,
1515915625536224064,Lost,push_cashback,2021-03-17,5,False,
1515915625536227219,Lost,email_discount,2021-03-27,10,False,
1515915625536227933,Lost,push_cashback,2021-03-09,5,False,
1515915625536230520,Lost,push_cashback,2021-03-22,5,False,
1515915625536232458,Lost,email_discount,2021-03-13,10,False,
1515915625536233954,At Risk,control,2021-03-09,0,False,
1515915625536235295,Lost,push_cashback,2021-03-27,5,False,
1515915625536239718,Lost,push_cashback,2021-03-16,5,False,
1515915625536252795,Lost,control,2021-03-04,0,False,
1515915625536254635,Lost,control,2021-03-02,0,False,
1515915625536255336,Lost,email_discount,2021-03-13,10,True,130.65501411941295
1515915625536255785,Lost,control,2021-03-13,0,False,
1515915625536259235,At Risk,control,2021-03-19,0,False,
1515915625536262766,Lost,control,2021-03-12,0,False,
1515915625536265701,Lost,email_discount,2021-03-04,10,False,
1515915625536267664,Lost,control,2021-03-10,0,False,
1515915625536269074,Lost,control,2021-03-16,0,False,
1515915625536269590,Lost,email_discount,2021-03-28,10,False,
1515915625536270946,Lost,control,2021-03-24,0,False,
1515915625536271384,Can't Lose Them,control,2021-03-19,0,True,123.5352816635434
1515915625536273316,Lost,email_discount,2021-03-08,10,False,
1515915625536274022,Lost,push_cashback,2021-03-06,5,False,
1515915625536274067,Lost,email_discount,2021-03-04,10,False,
1515915625536274134,Lost,control,2021-03-30,0,False,
1515915625536278657,Lost,control,2021-03-07,0,False,
1515915625536281476,Lost,control,2021-03-14,0,False,
1515915625536282326,Lost,email_discount,2021-03-27,10,False,
1515915625536285203,Lost,control,2021-03-13,0,False,
1515915625536285851,Lost,control,2021-03-21,0,False,
1515915625536286143,Lost,email_discount,2021-03-05,10,False,
1515915625536293050,Lost,push_cashback,2021-03-09,5,True,180.20958383187318
1515915625536295204,Lost,push_cashback,2021-03-29,5,False,
1515915625536299777,Lost,control,2021-03-03,0,False,
1515915625536300074,Lost,email_discount,2021-03-10,10,False,
1515915625536301015,Lost,control,2021-03-15,0,False,
1515915625536303147,Lost,email_discount,2021-03-20,10,False,
1515915625536314808,Lost,email_discount,2021-03-21,10,False,
1515915625536316744,Lost,push_cashback,2021-03-17,5,False,
1515915625536317988,Lost,push_cashback,2021-03-23,5,False,
1515915625536320292,Lost,email_discount,2021-03-24,10,False,
1515915625536326544,Lost,control,2021-03-06,0,False,
1515915625536328244,Can't Lose Them,push_cashback,2021-03-25,5,False,
1515915625536329346,Lost,control,2021-03-03,0,False,
1515915625536333922,Lost,push_cashback,2021-03-18,5,False,
1515915625536339626,Lost,push_cashback,2021-03-05,5,False,
1515915625536339738,Lost,control,2021-03-13,0,True,148.30347213381287
1515915625536339996,Lost,push_cashback,2021-03-25,5,False,
1515915625536341938,Lost,push_cashback,2021-03-27,5,False,
1515915625536349916,Lost,control,2021-03-01,0,False,
1515915625536352455,Lost,push_cashback,2021-03-17,5,False,
1515915625536357678,Lost,push_cashback,2021-03-26,5,False,
1515915625536358377,Lost,push_cashback,2021-03-03,5,False,
1515915625536362118,Lost,control,2021-03-26,0,False,
1515915625536363481,Lost,email_discount,2021-03-19,10,False,
1515915625536369952,Can't Lose Them,control,2021-03-21,0,False,
1515915625536370147,Lost,email_discount,2021-03-20,10,True,111.19578099305734
1515915625536377801,Can't Lose Them,push_cashback,2021-03-22,5,False,
1515915625536378601,Lost,email_discount,2021-03-12,10,True,201.61847813169686
1515915625536378925,Lost,control,2021-03-08,0,False,
1515915625536380715,Lost,control,2021-03-08,0,False,
1515915625536381408,Lost,push_cashback,2021-03-15,5,False,
1515915625536382663,Lost,email_discount,2021-03-11,10,False,
1515915625536394101,Lost,push_cashback,2021-03-20,5,False,
1515915625536398857,Lost,push_cashback,2021-03-01,5,False,
1515915625536400672,Lost,control,2021-03-29,0,False,
1515915625536402298,Can't Lose Them,email_discount,2021-03-16,10,False,
1515915625536403061,Lost,email_discount,2021-03-30,10,False,
1515915625536411306,Lost,email_discount,2021-03-14,10,False,
1515915625536414775,Lost,email_discount,2021-03-07,10,False,
1515915625536421025,Lost,push_cashback,2021-03-06,5,True,78.09081907189343
1515915625536423428,Lost,push_cashback,2021-03-21,5,False,
1515915625536424351,Lost,control,2021-03-04,0,False,
1515915625536432321,Lost,push_cashback,2021-03-22,5,True,218.16288387976383
1515915625536432344,At Risk,push_cashback,2021-03-08,5,False,
1515915625536434201,Lost,control,2021-03-22,0,False,
1515915625536435293,Lost,control,2021-03-19,0,False,
1515915625536436094,Lost,control,2021-03-25,0,False,
1515915625536436700,Lost,push_cashback,2021-03-03,5,False,
1515915625536437586,Lost,push_cashback,2021-03-04,5,False,
1515915625536438609,Can't Lose Them,control,2021-03-13,0,False,
1515915625536440039,Can't Lose Them,control,2021-03-21,0,False,
1515915625536440423,Lost,control,2021-03-27,0,False,
1515915625536440640,Lost,push_cashback,2021-03-02,5,True,244.45642305093008
1515915625536441447,Lost,push_cashback,2021-03-11,5,False,
1515915625536442165,Lost,email_discount,2021-03-16,10,False,
1515915625536443712,Lost,push_cashback,2021-03-10,5,False,
1515915625536447710,Can't Lose Them,push_cashback,2021-03-15,5,False,
1515915625536449287,Can't Lose Them,push_cashback,2021-03-27,5,False,
1515915625536450574,Lost,control,2021-03-10,0,False,
1515915625536452972,Lost,push_cashback,2021-03-02,5,False,
1515915625536453422,Can't Lose Them,control,2021-03-06,0,False,
1515915625536453546,Lost,email_discount,2021-03-14,10,True,125.94093460129676
1515915625536461052,Lost,email_discount,2021-03-02,10,False,
1515915625536461316,Lost,control,2021-03-10,0,False,
1515915625536461589,Lost,control,2021-03-17,0,False,
1515915625536461950,Lost,control,2021-03-08,0,False,
1515915625536462822,Lost,push_cashback,2021-03-26,5,True,207.09802526456173
1515915625536463364,Lost,email_discount,2021-03-16,10,False,
1515915625536464335,Lost,control,2021-03-14,0,False,
1515915625536464577,Lost,push_cashback,2021-03-10,5,False,
1515915625536468527,Lost,email_discount,2021-03-13,10,False,
1515915625536470380,Can't Lose Them,push_cashback,2021-03-01,5,False,
1515915625536472856,Lost,email_discount,2021-03-10,10,False,
1515915625536472924,Lost,push_cashback,2021-03-30,5,False,
1515915625536474665,Lost,email_discount,2021-03-22,10,False,
1515915625536477472,Lost,email_discount,2021-03-12,10,False,
1515915625536480811,Lost,push_cashback,2021-03-30,5,False,
1515915625536482355,Lost,control,2021-03-17,0,False,
1515915625536484287,Lost,email_discount,2021-03-24,10,False,
1515915625536486571,Lost,control,2021-03-14,0,False,
1515915625536489254,Can't Lose Them,push_cashback,2021-03-05,5,False,
1515915625536491021,Lost,control,2021-03-19,0,False,
1515915625536509513,Lost,control,2021-03-05,0,False,
1515915625536513517,Can't Lose Them,control,2021-03-15,0,False,
1515915625536533633,Lost,control,2021-03-13,0,False,
1515915625536538858,Lost,control,2021-03-17,0,False,
1515915625536541876,Lost,email_discount,2021-03-01,10,False,
1515915625536543771,Lost,email_discount,2021-03-28,10,False,
1515915625536546246,Lost,email_discount,2021-03-14,10,False,
1515915625536551612,Lost,push_cashback,2021-03-04,5,True,178.96392009622016
1515915625536553062,At Risk,control,2021-03-25,0,False,
1515915625536555259,Lost,email_discount,2021-03-30,10,False,
1515915625536559735,Lost,push_cashback,2021-03-09,5,False,
1515915625536560184,Lost,email_discount,2021-03-17,10,False,
1515915625536566126,Can't Lose Them,email_discount,2021-03-03,10,False,
1515915625536570320,Lost,control,2021-03-13,0,False,
1515915625536570694,Lost,push_cashback,2021-03-12,5,False,
1515915625536574395,Lost,control,2021-03-16,0,False,
1515915625536580011,Lost,control,2021-03-04,0,False,
1515915625536588444,Lost,email_discount,2021-03-18,10,False,
1515915625536593478,Lost,control,2021-03-23,0,False,
1515915625536596573,Lost,push_cashback,2021-03-03,5,False,
1515915625536597915,Lost,control,2021-03-17,0,False,
1515915625536598539,Lost,control,2021-03-01,0,False,
1515915625536598854,Lost,control,2021-03-19,0,False,
1515915625536599026,Lost,email_discount,2021-03-22,10,False,
1515915625536602577,Lost,push_cashback,2021-03-04,5,True,144.9984529380288
1515915625536609877,Lost,email_discount,2021-03-17,10,False,
1515915625536610024,Lost,email_discount,2021-03-07,10,False,
1515915625536612391,Lost,email_discount,2021-03-02,10,False,
1515915625536619433,Lost,email_discount,2021-03-12,10,True,164.5982410716573
1515915625536621266,Lost,email_discount,2021-03-05,10,False,
1515915625536621758,At Risk,push_cashback,2021-03-16,5,False,
1515915625536622038,At Risk,control,2021-03-08,0,False,
1515915625536626301,Lost,email_discount,2021-03-23,10,False,
1515915625536635161,Lost,email_discount,2021-03-27,10,False,
1515915625536636860,Lost,push_cashback,2021-03-28,5,False,
1515915625536638434,Lost,push_cashback,2021-03-08,5,False,
1515915625536646497,Lost,control,2021-03-13,0,False,
1515915625536647842,Lost,push_cashback,2021-03-26,5,False,
1515915625536649145,At Risk,control,2021-03-14,0,False,
1515915625536650367,Lost,email_discount,2021-03-11,10,True,214.45152408095484
1515915625536653320,Lost,email_discount,2021-03-06,10,False,
1515915625536654580,Lost,control,2021-03-16,0,False,
1515915625536655088,Lost,push_cashback,2021-03-23,5,False,
1515915625536656564,Lost,control,2021-03-25,0,False,
1515915625536659936,Lost,push_cashback,2021-03-22,5,True,163.40196809586166
1515915625536660149,Lost,email_discount,2021-03-25,10,False,
1515915625536661972,Lost,push_cashback,2021-03-15,5,False,
1515915625536665868,Lost,control,2021-03-16,0,False,
1515915625536666396,Lost,control,2021-03-13,0,False,
1515915625536671265,Lost,email_discount,2021-03-12,10,True,68.26058792119196
1515915625536672596,Lost,push_cashback,2021-03-18,5,False,
1515915625536676050,Lost,push_cashback,2021-03-29,5,False,
1515915625536680191,Lost,push_cashback,2021-03-18,5,False,
1515915625536680384,At Risk,email_discount,2021-03-14,10,True,278.28564813515857
1515915625536681182,Lost,push_cashback,2021-03-02,5,True,182.32696743939218
1515915625536682496,Lost,control,2021-03-22,0,False,
1515915625536684624,At Risk,push_cashback,2021-03-02,5,False,
1515915625536687862,Lost,email_discount,2021-03-03,10,False,
1515915625536691371,Lost,push_cashback,2021-03-29,5,False,
1515915625536694342,Lost,push_cashback,2021-03-24,5,False,
1515915625536696658,Lost,control,2021-03-08,0,False,
1515915625536697789,Lost,push_cashback,2021-03-11,5,False,
1515915625536698758,Lost,control,2021-03-12,0,False,
1515915625536698810,Lost,control,2021-03-04,0,False,
1515915625536699212,Lost,email_discount,2021-03-09,10,False,
1515915625536699635,Lost,control,2021-03-24,0,False,
1515915625536701160,Lost,control,2021-03-17,0,False,
1515915625536705457,Lost,email_discount,2021-03-24,10,False,
1515915625536712849,Lost,control,2021-03-16,0,True,172.8155472056841
1515915625536714343,Lost,email_discount,2021-03-17,10,False,
1515915625536718037,Lost,push_cashback,2021-03-15,5,False,
1515915625536718955,Lost,email_discount,2021-03-20,10,False,
1515915625536722860,Lost,control,2021-03-26,0,False,
1515915625536730409,Lost,email_discount,2021-03-22,10,True,152.67095421418202
1515915625536730625,Lost,control,2021-03-07,0,False,
1515915625536734264,Lost,push_cashback,2021-03-10,5,False,
1515915625536735025,At Risk,email_discount,2021-03-29,10,False,
1515915625536737208,Lost,push_cashback,2021-03-04,5,False,
1515915625536740912,Can't Lose Them,control,2021-03-24,0,False,
1515915625536742963,Lost,control,2021-03-24,0,False,
1515915625536743541,Lost,push_cashback,2021-03-14,5,False,
1515915625536745687,Lost,email_discount,2021-03-14,10,True,176.4967773350106
1515915625536746417,Lost,email_discount,2021-03-14,10,False,
1515915625536750499,Lost,control,2021-03-25,0,False,
1515915625536751753,At Risk,push_cashback,2021-03-14,5,False,
1515915625536755896,Lost,push_cashback,2021-03-22,5,False,
1515915625536758873,Lost,email_discount,2021-03-20,10,False,
1515915625536759840,Lost,email_discount,2021-03-18,10,False,
1515915625536762609,Lost,email_discount,2021-03-15,10,False,
1515915625536763748,Lost,push_cashback,2021-03-23,5,False,
1515915625536766735,Lost,email_discount,2021-03-26,10,False,
1515915625536767573,Lost,email_discount,2021-03-19,10,False,
1515915625536769539,Can't Lose Them,control,2021-03-27,0,False,
1515915625536772008,At Risk,email_discount,2021-03-13,10,False,
1515915625536772723,Lost,email_discount,2021-03-12,10,False,
1515915625536772853,Lost,push_cashback,2021-03-19,5,False,
1515915625536773547,Lost,push_cashback,2021-03-19,5,True,215.76749035404765
1515915625536777177,At Risk,control,2021-03-20,0,True,185.98797425094045
1515915625536777378,Lost,email_discount,2021-03-02,10,False,
1515915625536777731,Lost,control,2021-03-29,0,False,
1515915625536778213,Lost,push_cashback,2021-03-29,5,False,
1515915625536779780,Lost,control,2021-03-21,0,False,
1515915625536784280,Lost,push_cashback,2021-03-03,5,False,
1515915625536786225,Lost,control,2021-03-10,0,False,
1515915625536787030,Lost,control,2021-03-05,0,False,
1515915625536787309,Can't Lose Them,email_discount,2021-03-12,10,False,
1515915625536790114,Lost,control,2021-03-29,0,False,
1515915625536790634,Lost,email_discount,2021-03-07,10,False,
1515915625536794526,Lost,email_discount,2021-03-09,10,True,201.89185810016022
1515915625536795573,Lost,email_discount,2021-03-02,10,False,
1515915625536797844,Can't Lose Them,email_discount,2021-03-25,10,False,
1515915625536797969,Lost,control,2021-03-10,0,False,
1515915625536798719,Lost,push_cashback,2021-03-06,5,False,
1515915625536799334,Lost,push_cashback,2021-03-12,5,False,
1515915625536802052,Lost,push_cashback,2021-03-06,5,False,
1515915625536807023,Lost,control,2021-03-27,0,False,
1515915625536808347,Lost,email_discount,2021-03-03,10,False,
1515915625536811149,Lost,push_cashback,2021-03-30,5,False,
1515915625536817969,Lost,control,2021-03-10,0,False,
1515915625536823526,Lost,email_discount,2021-03-29,10,False,
1515915625536823619,Lost,push_cashback,2021-03-09,5,False,
1515915625536824238,Lost,email_discount,2021-03-20,10,False,
1515915625536825622,Lost,push_cashback,2021-03-05,5,False,
1515915625536826589,Lost,push_cashback,2021-03-03,5,False,
1515915625536831464,Lost,push_cashback,2021-03-05,5,False,
1515915625536838384,Can't Lose Them,email_discount,2021-03-08,10,False,
1515915625536839525,Lost,control,2021-03-08,0,False,
1515915625536840787,Lost,email_discount,2021-03-14,10,False,
1515915625536845241,Lost,push_cashback,2021-03-24,5,False,
1515915625536848125,Lost,email_discount,2021-03-22,10,False,
1515915625536856591,Lost,control,2021-03-17,0,False,
1515915625536867623,Lost,email_discount,2021-03-11,10,False,
1515915625536879832,Lost,control,2021-03-26,0,False,
1515915625536880330,Can't Lose Them,control,2021-03-16,0,False,
1515915625536891459,Lost,email_discount,2021-03-28,10,False,
1515915625536893213,Lost,push_cashback,2021-03-06,5,False,
1515915625536893675,Lost,control,2021-03-28,0,False,
1515915625536895927,Lost,email_discount,2021-03-11,10,False,
1515915625536896492,At Risk,control,2021-03-10,0,False,
1515915625536897477,Lost,push_cashback,2021-03-23,5,False,
1515915625536901352,Lost,email_discount,2021-03-30,10,False,
1515915625536903516,Can't Lose Them,email_discount,2021-03-09,10,False,
1515915625536904017,Lost,email_discount,2021-03-28,10,False,
1515915625536904312,Lost,push_cashback,2021-03-24,5,False,
1515915625536909325,Lost,control,2021-03-27,0,True,122.5348339748306
1515915625536910905,Lost,email_discount,2021-03-28,10,True,169.2666375697975
1515915625536912260,Lost,control,2021-03-24,0,False,
1515915625536918398,Lost,control,2021-03-15,0,False,
1515915625536920650,Lost,push_cashback,2021-03-07,5,False,
1515915625536925711,Lost,email_discount,2021-03-18,10,False,
1515915625536926760,Lost,control,2021-03-01,0,False,
1515915625536927955,Lost,email_discount,2021-03-15,10,False,
1515915625536929087,Lost,email_discount,2021-03-02,10,False,
1515915625536929406,Lost,push_cashback,2021-03-22,5,False,
1515915625536931323,Lost,email_discount,2021-03-29,10,False,
1515915625536933976,At Risk,email_discount,2021-03-02,10,False,
1515915625536934060,Lost,control,2021-03-10,0,False,
1515915625536935639,Lost,push_cashback,2021-03-20,5,False,
1515915625536941178,Lost,email_discount,2021-03-15,10,False,
1515915625536941639,Can't Lose Them,control,2021-03-10,0,False,
1515915625536945099,Lost,push_cashback,2021-03-19,5,False,
1515915625536945250,Lost,push_cashback,2021-03-22,5,False,
1515915625536948651,Lost,control,2021-03-28,0,False,
1515915625536959950,Lost,control,2021-03-28,0,False,
1515915625536964454,Lost,control,2021-03-13,0,False,
1515915625536966114,Lost,control,2021-03-30,0,False,
1515915625536970374,Lost,control,2021-03-24,0,False,
1515915625536970465,Lost,email_discount,2021-03-11,10,False,
1515915625536971565,Can't Lose Them,email_discount,2021-03-22,10,False,
1515915625536974120,Lost,push_cashback,2021-03-02,5,False,
1515915625536978670,Lost,email_discount,2021-03-21,10,False,
1515915625536979400,Lost,email_discount,2021-03-27,10,False,
1515915625536980514,Lost,email_discount,2021-03-13,10,False,
1515915625536982752,Lost,control,2021-03-22,0,False,
1515915625536984246,Lost,push_cashback,2021-03-25,5,False,
1515915625536988356,Lost,push_cashback,2021-03-22,5,False,
1515915625536990008,Lost,push_cashback,2021-03-26,5,False,
1515915625536991206,Lost,push_cashback,2021-03-21,5,False,
1515915625536991792,Lost,email_discount,2021-03-01,10,False,
1515915625536997996,Lost,email_discount,2021-03-26,10,True,187.29731780345065
1515915625537000638,Lost,control,2021-03-05,0,False,
1515915625537004281,Lost,push_cashback,2021-03-21,5,False,
1515915625537004815,Lost,email_discount,2021-03-22,10,False,
1515915625537010945,Lost,email_discount,2021-03-07,10,False,
1515915625537012565,Lost,control,2021-03-13,0,False,
1515915625537014986,Lost,control,2021-03-13,0,False,
1515915625537019896,Lost,control,2021-03-20,0,False,
1515915625537022626,Lost,email_discount,2021-03-23,10,True,216.34548545558937
1515915625537023286,Can't Lose Them,email_discount,2021-03-21,10,False,
1515915625537023676,Lost,control,2021-03-06,0,True,157.53571918509653
1515915625537027264,Lost,push_cashback,2021-03-20,5,False,
1515915625537032857,Lost,control,2021-03-12,0,False,
1515915625537033087,Lost,control,2021-03-08,0,False,
1515915625537033384,Lost,control,2021-03-09,0,False,
1515915625537034048,Lost,control,2021-03-18,0,False,
1515915625537037200,Lost,email_discount,2021-03-28,10,False,
1515915625537041176,Lost,push_cashback,2021-03-11,5,False,
1515915625537041394,Lost,control,2021-03-20,0,False,
1515915625537041961,Lost,push_cashback,2021-03-11,5,False,
1515915625537043460,Lost,push_cashback,2021-03-24,5,False,
1515915625537044817,Lost,push_cashback,2021-03-24,5,False,
1515915625537046320,Lost,control,2021-03-15,0,False,
1515915625537047055,Lost,email_discount,2021-03-09,10,False,
1515915625537049718,Lost,control,2021-03-03,0,False,
1515915625537050670,Lost,push_cashback,2021-03-17,5,True,202.11475061900853
1515915625537052226,Lost,push_cashback,2021-03-25,5,False,
1515915625537060590,Lost,email_discount,2021-03-17,10,False,
1515915625537063248,Lost,control,2021-03-03,0,False,
1515915625537063442,Lost,push_cashback,2021-03-19,5,True,119.22587166618231
1515915625537064656,Lost,email_discount,2021-03-09,10,True,188.1291345389133
1515915625537065829,Lost,push_cashback,2021-03-17,5,False,
1515915625537068659,Can't Lose Them,email_discount,2021-03-23,10,False,
1515915625537085327,Lost,email_discount,2021-03-18,10,False,
1515915625537086105,Lost,control,2021-03-23,0,False,
1515915625537086530,Lost,push_cashback,2021-03-15,5,False,
1515915625537092628,At Risk,control,2021-03-01,0,False,
1515915625537096918,Lost,push_cashback,2021-03-29,5,False,
1515915625537099704,Lost,control,2021-03-26,0,False,
1515915625537103850,Lost,push_cashback,2021-03-10,5,False,
1515915625537106724,Lost,control,2021-03-08,0,False,
1515915625537114740,Lost,email_discount,2021-03-10,10,False,
1515915625537115215,Can't Lose Them,push_cashback,2021-03-29,5,False,
1515915625537119361,Lost,push_cashback,2021-03-26,5,True,161.09540484406185
1515915625537121413,Lost,email_discount,2021-03-02,10,True,116.80130923764848
1515915625537121708,Lost,control,2021-03-19,0,False,
1515915625537122629,Lost,push_cashback,2021-03-14,5,False,
1515915625537123611,Lost,push_cashback,2021-03-08,5,False,
1515915625537124526,Lost,control,2021-03-19,0,False,
1515915625537124779,Lost,email_discount,2021-03-01,10,False,
1515915625537125919,Lost,control,2021-03-16,0,False,
1515915625537128486,Lost,control,2021-03-25,0,False,
1515915625537129799,Lost,control,2021-03-24,0,False,
1515915625537131080,Lost,push_cashback,2021-03-15,5,False,
1515915625537132357,Lost,email_discount,2021-03-20,10,False,
1515915625537135939,Lost,email_discount,2021-03-24,10,False,
1515915625537141393,Lost,control,2021-03-30,0,False,
1515915625537144111,Lost,push_cashback,2021-03-05,5,False,
1515915625537146351,Lost,control,2021-03-03,0,False,
1515915625537151850,Lost,push_cashback,2021-03-17,5,False,
1515915625537152497,Lost,push_cashback,2021-03-29,5,False,
1515915625537154426,Lost,push_cashback,2021-03-10,5,False,
1515915625537156208,Lost,push_cashback,2021-03-05,5,False,
1515915625537159665,Lost,email_discount,2021-03-11,10,False,
1515915625537161515,Can't Lose Them,push_cashback,2021-03-06,5,False,
1515915625537162089,Lost,push_cashback,2021-03-04,5,False,
1515915625537163186,Lost,control,2021-03-07,0,False,
1515915625537163414,Lost,control,2021-03-19,0,False,
1515915625537165090,Lost,email_discount,2021-03-07,10,False,
1515915625537165573,Lost,control,2021-03-14,0,False,
1515915625537172630,Lost,push_cashback,2021-03-17,5,False,
1515915625537172900,Lost,control,2021-03-23,0,False,
1515915625537173357,Lost,email_discount,2021-03-17,10,False,
1515915625537174290,Lost,control,2021-03-13,0,False,
1515915625537174518,Lost,control,2021-03-27,0,False,
1515915625537190381,Can't Lose Them,email_discount,2021-03-01,10,False,
1515915625537190733,Lost,email_discount,2021-03-02,10,False,
1515915625537192267,Lost,push_cashback,2021-03-18,5,False,
1515915625537195298,Can't Lose Them,control,2021-03-04,0,False,
1515915625537205456,Lost,push_cashback,2021-03-13,5,False,
1515915625537206919,Lost,control,2021-03-01,0,False,
1515915625537206922,Lost,control,2021-03-04,0,False,
1515915625537218712,Lost,push_cashback,2021-03-02,5,False,
1515915625537221039,Lost,control,2021-03-04,0,False,
1515915625537222460,Lost,control,2021-03-16,0,False,
1515915625537226183,Lost,control,2021-03-04,0,False,
1515915625537226873,Lost,email_discount,2021-03-25,10,False,
1515915625537239607,Lost,push_cashback,2021-03-09,5,False,
1515915625537255164,Lost,email_discount,2021-03-17,10,False,
1515915625537261125,Lost,push_cashback,2021-03-21,5,False,
1515915625537269194,Lost,push_cashback,2021-03-23,5,False,
1515915625537279957,Lost,control,2021-03-20,0,True,172.99625741961233
1515915625537281078,Lost,push_cashback,2021-03-28,5,False,
1515915625537281778,Lost,email_discount,2021-03-21,10,False,
1515915625537282357,Lost,email_discount,2021-03-02,10,False,
1515915625537288174,Lost,email_discount,2021-03-03,10,False,
1515915625537288836,Lost,push_cashback,2021-03-23,5,False,
1515915625537295581,Lost,email_discount,2021-03-26,10,False,
1515915625537295691,Can't Lose Them,push_cashback,2021-03-29,5,False,
1515915625537298577,Lost,email_discount,2021-03-15,10,False,
1515915625537300251,Lost,email_discount,2021-03-07,10,False,
1515915625537302050,Lost,push_cashback,2021-03-04,5,False,
1515915625537303134,Lost,email_discount,2021-03-12,10,False,
1515915625537304001,Lost,control,2021-03-01,0,True,150.5306101362222
1515915625537305605,Lost,push_cashback,2021-03-17,5,False,
1515915625537306014,Lost,push_cashback,2021-03-04,5,False,
1515915625537306521,Lost,push_cashback,2021-03-04,5,False,
1515915625537308562,Lost,control,2021-03-22,0,False,
1515915625537309115,At Risk,push_cashback,2021-03-23,5,False,
1515915625537311950,Lost,email_discount,2021-03-25,10,False,
1515915625537312623,Lost,email_discount,2021-03-09,10,False,
1515915625537316236,Lost,email_discount,2021-03-26,10,False,
1515915625537321979,Lost,push_cashback,2021-03-28,5,False,
1515915625537325008,Lost,email_discount,2021-03-28,10,False,
1515915625537326521,Lost,push_cashback,2021-03-21,5,False,
1515915625537326928,Lost,email_discount,2021-03-10,10,False,
1515915625537326935,Lost,control,2021-03-27,0,False,
1515915625537327867,Lost,control,2021-03-19,0,False,
1515915625537329081,Lost,control,2021-03-19,0,False,
1515915625537330472,Lost,control,2021-03-15,0,False,
1515915625537331695,Lost,push_cashback,2021-03-22,5,False,
1515915625537334638,Lost,email_discount,2021-03-17,10,False,
1515915625537334968,Lost,control,2021-03-07,0,False,
1515915625537338817,Lost,push_cashback,2021-03-03,5,True,221.55098909971707
1515915625537338823,Lost,control,2021-03-05,0,False,
1515915625537340426,Lost,control,2021-03-16,0,False,
1515915625537342956,Lost,push_cashback,2021-03-23,5,False,
1515915625537344585,Lost,push_cashback,2021-03-07,5,False,
1515915625537345072,Lost,email_discount,2021-03-16,10,False,
1515915625537345703,Lost,email_discount,2021-03-09,10,True,166.53847838355108
1515915625537346052,Lost,control,2021-03-01,0,False,
1515915625537346634,Lost,control,2021-03-03,0,False,
1515915625537349823,Lost,email_discount,2021-03-25,10,False,
1515915625537350083,Lost,email_discount,2021-03-08,10,False,
1515915625537350596,Lost,push_cashback,2021-03-18,5,False,
1515915625537350915,Lost,email_discount,2021-03-24,10,False,
1515915625537357214,Lost,email_discount,2021-03-24,10,True,200.78917405667215
1515915625537357492,Can't Lose Them,control,2021-03-18,0,False,
1515915625537361676,Lost,email_discount,2021-03-24,10,False,
1515915625537362526,Lost,control,2021-03-19,0,False,
1515915625537366003,Lost,email_discount,2021-03-07,10,False,
1515915625537366774,Can't Lose Them,push_cashback,2021-03-29,5,False,
1515915625537368353,Lost,email_discount,2021-03-25,10,False,
1515915625537368585,Lost,email_discount,2021-03-20,10,False,
1515915625537371487,Lost,email_discount,2021-03-27,10,False,
1515915625537372804,Lost,control,2021-03-06,0,False,
1515915625537373571,Lost,push_cashback,2021-03-25,5,False,
1515915625537375012,Lost,email_discount,2021-03-27,10,False,
1515915625537375465,Lost,control,2021-03-11,0,False,
1515915625537376271,Lost,push_cashback,2021-03-05,5,False,
1515915625537380868,Lost,control,2021-03-12,0,False,
1515915625537384574,Can't Lose Them,control,2021-03-01,0,False,
1515915625537387639,Lost,push_cashback,2021-03-19,5,False,
1515915625537388977,Lost,email_discount,2021-03-11,10,False,
1515915625537389005,Lost,control,2021-03-15,0,False,
1515915625537390285,Lost,control,2021-03-25,0,False,
1515915625537398354,Lost,email_discount,2021-03-16,10,False,
1515915625537402904,Lost,email_discount,2021-03-03,10,False,
1515915625537405531,Lost,push_cashback,2021-03-11,5,True,115.75832068738636
1515915625537406759,Lost,push_cashback,2021-03-11,5,False,
1515915625537408329,Lost,push_cashback,2021-03-10,5,False,
1515915625537408902,Lost,email_discount,2021-03-02,10,False,
1515915625537414795,Lost,control,2021-03-20,0,False,
1515915625537415259,Lost,control,2021-03-05,0,False,
1515915625537419224,Lost,push_cashback,2021-03-23,5,False,
1515915625537431383,Lost,email_discount,2021-03-23,10,True,195.64560020359508
1515915625537432719,Lost,control,2021-03-25,0,False,
1515915625537435795,Lost,push_cashback,2021-03-29,5,False,
1515915625537436687,Lost,control,2021-03-08,0,False,
1515915625537442837,Lost,control,2021-03-13,0,False,
1515915625537446643,Lost,email_discount,2021-03-15,10,True,166.32291611257028
1515915625537449497,Lost,email_discount,2021-03-02,10,False,
1515915625537452678,Lost,control,2021-03-12,0,False,
1515915625537456954,Can't Lose Them,push_cashback,2021-03-24,5,False,
1515915625537458645,Lost,email_discount,2021-03-08,10,False,
1515915625537458981,Lost,control,2021-03-21,0,False,
1515915625537459008,Lost,email_discount,2021-03-29,10,False,
1515915625537459204,Lost,email_discount,2021-03-19,10,False,
1515915625537461924,Lost,email_discount,2021-03-25,10,False,
1515915625537469282,Lost,control,2021-03-28,0,False,
1515915625537477401,Lost,push_cashback,2021-03-23,5,False,
1515915625537478071,Lost,push_cashback,2021-03-01,5,False,
1515915625537480514,Lost,push_cashback,2021-03-08,5,False,
1515915625537480624,Lost,email_discount,2021-03-10,10,False,
1515915625537486355,Lost,control,2021-03-13,0,False,
1515915625537486418,Lost,email_discount,2021-03-05,10,False,
1515915625537486425,Lost,push_cashback,2021-03-22,5,False,
1515915625537488388,Lost,push_cashback,2021-03-09,5,True,133.94894064128096
1515915625537489105,Lost,control,2021-03-10,0,False,
1515915625537489881,Lost,email_discount,2021-03-14,10,True,312.5251504371849
1515915625537492632,Lost,push_cashback,2021-03-24,5,False,
1515915625537494955,Lost,control,2021-03-30,0,False,
1515915625537497531,Lost,email_discount,2021-03-11,10,True,169.09479370625587
1515915625537501307,Lost,email_discount,2021-03-14,10,False,
1515915625537505290,Lost,push_cashback,2021-03-30,5,False,
1515915625537513806,Can't Lose Them,push_cashback,2021-03-03,5,False,
1515915625537514165,Lost,email_discount,2021-03-29,10,False,
1515915625537515919,Lost,email_discount,2021-03-21,10,False,
1515915625537521467,Lost,push_cashback,2021-03-16,5,False,
1515915625537527190,Lost,email_discount,2021-03-20,10,True,175.4622981804227
1515915625537528822,Lost,push_cashback,2021-03-30,5,False,
1515915625537535728,Lost,email_discount,2021-03-17,10,False,
1515915625537536139,Lost,push_cashback,2021-03-05,5,False,
1515915625537537089,Lost,control,2021-03-26,0,False,
1515915625537538230,Lost,push_cashback,2021-03-07,5,False,
1515915625537542680,Lost,push_cashback,2021-03-17,5,False,
1515915625537553104,Lost,control,2021-03-20,0,False,
1515915625537554692,Lost,email_discount,2021-03-22,10,False,
1515915625537555152,Can't Lose Them,control,2021-03-11,0,False,
1515915625537558438,Can't Lose Them,push_cashback,2021-03-12,5,False,
1515915625537561209,Lost,email_discount,2021-03-25,10,False,
1515915625537564354,Lost,control,2021-03-27,0,False,
1515915625537568374,Lost,email_discount,2021-03-24,10,False,
1515915625537569166,Lost,email_discount,2021-03-02,10,False,
1515915625537571432,Lost,control,2021-03-27,0,False,
1515915625537572048,Lost,email_discount,2021-03-19,10,False,
1515915625537578512,Lost,control,2021-03-26,0,False,
1515915625537581410,Lost,push_cashback,2021-03-29,5,False,
1515915625537585724,Lost,email_discount,2021-03-05,10,False,
1515915625537587241,Lost,push_cashback,2021-03-11,5,False,
1515915625537588868,Lost,push_cashback,2021-03-23,5,False,
1515915625537594311,Lost,email_discount,2021-03-19,10,True,225.5897053737562
1515915625537595448,Lost,control,2021-03-28,0,False,
1515915625537596929,Lost,email_discount,2021-03-07,10,False,
1515915625537599608,Lost,push_cashback,2021-03-21,5,False,
1515915625537601488,Lost,push_cashback,2021-03-26,5,False,
1515915625537603274,Lost,control,2021-03-22,0,False,
1515915625537603445,Lost,email_discount,2021-03-06,10,False,
1515915625537607079,Lost,push_cashback,2021-03-11,5,False,
1515915625537607468,Lost,push_cashback,2021-03-27,5,False,
1515915625537612559,Lost,push_cashback,2021-03-14,5,False,
1515915625537616158,Lost,control,2021-03-28,0,False,
1515915625537618280,Lost,push_cashback,2021-03-04,5,False,
1515915625537621084,At Risk,push_cashback,2021-03-28,5,False,
1515915625537626859,Lost,email_discount,2021-03-08,10,False,
1515915625537630874,Lost,email_discount,2021-03-09,10,True,150.42079933132976
1515915625537634592,Lost,push_cashback,2021-03-02,5,False,
1515915625537634766,Lost,push_cashback,2021-03-25,5,False,
1515915625537639637,Lost,email_discount,2021-03-11,10,False,
1515915625537640167,Lost,control,2021-03-28,0,False,
1515915625537640247,Lost,control,2021-03-20,0,False,
1515915625537640337,Lost,control,2021-03-22,0,False,
1515915625537641492,Lost,control,2021-03-30,0,False,
1515915625537643701,Lost,control,2021-03-07,0,False,
1515915625537644878,Lost,control,2021-03-04,0,False,
1515915625537646365,Lost,control,2021-03-24,0,False,
1515915625537646587,Lost,control,2021-03-29,0,False,
1515915625537646616,Lost,email_discount,2021-03-14,10,False,
1515915625537647921,Lost,control,2021-03-26,0,False,
1515915625537649052,Lost,control,2021-03-24,0,False,
1515915625537652112,Lost,control,2021-03-01,0,False,
1515915625537652315,Can't Lose Them,push_cashback,2021-03-24,5,False,
1515915625537655921,Lost,email_discount,2021-03-26,10,True,203.14725248348913
1515915625537657664,Lost,email_discount,2021-03-30,10,True,207.96441855998813
1515915625537658571,Lost,email_discount,2021-03-12,10,False,
1515915625537661479,Lost,control,2021-03-19,0,False,
1515915625537661977,Lost,control,2021-03-05,0,False,
1515915625537670620,Lost,push_cashback,2021-03-30,5,False,
1515915625537670948,Lost,email_discount,2021-03-26,10,False,
1515915625537674781,Lost,control,2021-03-08,0,False,
1515915625537675329,Lost,email_discount,2021-03-11,10,False,
1515915625537676082,Lost,push_cashback,2021-03-22,5,False,
1515915625537678004,Lost,push_cashback,2021-03-04,5,True,174.78801705846828
1515915625537681022,Lost,push_cashback,2021-03-15,5,False,
1515915625537682419,Lost,email_discount,2021-03-20,10,False,
1515915625537701799,Lost,control,2021-03-12,0,False,
1515915625537701984,Can't Lose Them,control,2021-03-20,0,False,
1515915625537703303,Lost,push_cashback,2021-03-22,5,False,
1515915625537703553,Lost,control,2021-03-23,0,False,
1515915625537711610,Lost,push_cashback,2021-03-29,5,False,
1515915625537712723,Lost,email_discount,2021-03-21,10,False,
1515915625537714760,Lost,push_cashback,2021-03-10,5,False,
1515915625537715514,Lost,email_discount,2021-03-30,10,False,
1515915625537716986,Lost,push_cashback,2021-03-24,5,True,256.85357263717435
1515915625537718592,Lost,control,2021-03-16,0,True,141.22069991979592
1515915625537719374,Lost,control,2021-03-23,0,False,
1515915625537721208,Lost,push_cashback,2021-03-08,5,False,
1515915625537721597,Lost,control,2021-03-20,0,False,
1515915625537721739,Lost,control,2021-03-08,0,False,
1515915625537723260,Lost,control,2021-03-29,0,False,
1515915625537724359,Lost,email_discount,2021-03-06,10,False,
1515915625537725830,Lost,control,2021-03-03,0,False,
1515915625537726280,Lost,email_discount,2021-03-29,10,True,254.19202707082903
1515915625537731937,Lost,push_cashback,2021-03-08,5,True,183.88561609702265
1515915625537732930,Can't Lose Them,control,2021-03-29,0,False,
1515915625537734723,Lost,control,2021-03-23,0,False,
1515915625537736295,Lost,control,2021-03-10,0,False,
1515915625537738840,Lost,push_cashback,2021-03-05,5,False,
1515915625537738865,Can't Lose Them,email_discount,2021-03-11,10,True,225.9252325935471
1515915625537739320,Lost,email_discount,2021-03-04,10,True,200.3555467257542
1515915625537739331,Lost,control,2021-03-17,0,False,
1515915625537740667,Lost,push_cashback,2021-03-26,5,False,
1515915625537743076,Lost,push_cashback,2021-03-03,5,False,
1515915625537745200,Lost,push_cashback,2021-03-18,5,False,
1515915625537745447,Lost,push_cashback,2021-03-08,5,False,
1515915625537745932,Lost,push_cashback,2021-03-30,5,False,
1515915625537748240,Lost,email_discount,2021-03-24,10,False,
1515915625537749528,Lost,email_discount,2021-03-12,10,False,
1515915625537750998,Lost,email_discount,2021-03-21,10,False,
1515915625537759885,Lost,control,2021-03-16,0,False,
1515915625537760838,Lost,push_cashback,2021-03-14,5,False,
1515915625537761755,Lost,control,2021-03-21,0,False,
1515915625537767121,Lost,push_cashback,2021-03-16,5,True,240.13109406976747
1515915625537767843,Lost,email_discount,2021-03-27,10,False,
1515915625537772075,Lost,control,2021-03-04,0,False,
1515915625537772734,Lost,email_discount,2021-03-01,10,False,
1515915625537777452,Lost,push_cashback,2021-03-01,5,True,152.19688306911485
1515915625537777867,Lost,push_cashback,2021-03-29,5,False,
1515915625537777922,Lost,push_cashback,2021-03-22,5,True,184.88880953773474
1515915625537783474,Lost,email_discount,2021-03-15,10,False,
1515915625537786952,Lost,push_cashback,2021-03-20,5,False,
1515915625537789508,Lost,email_discount,2021-03-20,10,False,
1515915625537789756,Lost,control,2021-03-03,0,False,
1515915625537792455,Lost,push_cashback,2021-03-14,5,False,
1515915625537795083,Lost,push_cashback,2021-03-09,5,False,
1515915625537796744,Lost,push_cashback,2021-03-19,5,False,
1515915625537799351,Lost,control,2021-03-08,0,False,
1515915625537799457,Lost,push_cashback,2021-03-02,5,False,
1515915625537800124,Lost,email_discount,2021-03-04,10,False,
1515915625537800388,Lost,email_discount,2021-03-01,10,False,
1515915625537800762,Lost,push_cashback,2021-03-11,5,False,
1515915625537801528,Lost,push_cashback,2021-03-05,5,False,
1515915625537804306,Lost,control,2021-03-02,0,False,
1515915625537804798,Lost,control,2021-03-27,0,False,
1515915625537810185,Lost,control,2021-03-13,0,False,
1515915625537820534,Lost,push_cashback,2021-03-17,5,False,
1515915625537823534,Lost,control,2021-03-17,0,False,
1515915625537825923,Lost,control,2021-03-18,0,False,
1515915625537831390,Lost,email_discount,2021-03-21,10,False,
1515915625537834432,Lost,control,2021-03-28,0,False,
1515915625537835787,Lost,email_discount,2021-03-09,10,True,243.74628232568045
1515915625537845244,Lost,email_discount,2021-03-06,10,False,
1515915625537849895,Can't Lose Them,control,2021-03-28,0,False,
1515915625537851755,Lost,email_discount,2021-03-20,10,False,
1515915625537852081,At Risk,push_cashback,2021-03-03,5,False,
1515915625537852572,Lost,push_cashback,2021-03-08,5,True,142.64629211714967
1515915625537852583,Lost,control,2021-03-03,0,False,
1515915625537855255,Lost,push_cashback,2021-03-01,5,False,
1515915625537860745,Can't Lose Them,email_discount,2021-03-20,10,False,
1515915625537862987,Lost,push_cashback,2021-03-27,5,False,
1515915625537864644,Lost,control,2021-03-13,0,False,
1515915625537867326,Can't Lose Them,control,2021-03-21,0,False,
1515915625537870088,Lost,email_discount,2021-03-05,10,False,
1515915625537871617,Lost,control,2021-03-16,0,False,
1515915625537872437,Lost,push_cashback,2021-03-21,5,False,
1515915625537873297,Lost,control,2021-03-24,0,False,
1515915625537878788,Lost,email_discount,2021-03-16,10,False,
1515915625537879008,Can't Lose Them,control,2021-03-24,0,False,
1515915625537883597,Lost,push_cashback,2021-03-12,5,False,
1515915625537887841,Lost,email_discount,2021-03-13,10,False,
1515915625537888623,Lost,push_cashback,2021-03-04,5,False,
1515915625537889161,Lost,email_discount,2021-03-09,10,False,
1515915625537889223,Lost,control,2021-03-16,0,False,
1515915625537891772,Lost,email_discount,2021-03-01,10,False,
1515915625537899024,Lost,email_discount,2021-03-05,10,False,
1515915625537900949,Lost,control,2021-03-21,0,False,
1515915625537903135,Lost,push_cashback,2021-03-05,5,False,
1515915625537908463,Lost,control,2021-03-24,0,False,
1515915625537910207,Lost,email_discount,2021-03-25,10,False,
1515915625537910945,Lost,control,2021-03-19,0,False,
1515915625537914830,Lost,email_discount,2021-03-09,10,False,
1515915625537917124,Lost,control,2021-03-29,0,False,
1515915625537917859,Lost,control,2021-03-27,0,False,
1515915625537918908,Lost,push_cashback,2021-03-08,5,False,
1515915625537934571,Lost,email_discount,2021-03-19,10,False,
1515915625537936516,Lost,push_cashback,2021-03-18,5,True,205.01746709186767
1515915625537945319,Lost,email_discount,2021-03-15,10,False,
1515915625537958116,Lost,control,2021-03-04,0,False,
1515915625537959833,Lost,email_discount,2021-03-15,10,False,
1515915625537963153,Lost,push_cashback,2021-03-13,5,True,164.25446977622644
1515915625537963542,Lost,push_cashback,2021-03-28,5,False,
1515915625537973304,Lost,push_cashback,2021-03-18,5,False,
1515915625537975367,Lost,email_discount,2021-03-20,10,False,
1515915625537982600,Can't Lose Them,push_cashback,2021-03-05,5,False,
1515915625537983941,Lost,push_cashback,2021-03-18,5,False,
1515915625537988430,Lost,push_cashback,2021-03-28,5,False,
1515915625537992443,Lost,control,2021-03-08,0,False,
1515915625537993075,Lost,control,2021-03-01,0,False,
1515915625537993503,At Risk,email_discount,2021-03-19,10,False,
1515915625537995974,Lost,email_discount,2021-03-23,10,True,129.430236769953
1515915625537997734,Lost,push_cashback,2021-03-26,5,False,
1515915625537999083,Lost,control,2021-03-17,0,False,
1515915625537999341,Can't Lose Them,push_cashback,2021-03-29,5,False,
1515915625538001358,Lost,push_cashback,2021-03-27,5,False,
1515915625538002320,Lost,control,2021-03-02,0,False,
1515915625538003190,Lost,control,2021-03-19,0,False,
1515915625538003418,Lost,control,2021-03-30,0,False,
1515915625538008339,Lost,email_discount,2021-03-16,10,False,
1515915625538009415,Lost,email_discount,2021-03-30,10,False,
1515915625538010756,Lost,push_cashback,2021-03-18,5,True,106.93641685800452
1515915625538013848,Lost,email_discount,2021-03-02,10,False,
1515915625538014356,Lost,control,2021-03-28,0,False,
1515915625538015443,Lost,control,2021-03-27,0,False,
1515915625538017489,Lost,email_discount,2021-03-06,10,False,
1515915625538019101,Lost,push_cashback,2021-03-07,5,False,
1515915625538019414,Lost,push_cashback,2021-03-06,5,False,
1515915625538021240,Lost,email_discount,2021-03-27,10,False,
1515915625538021607,Lost,push_cashback,2021-03-06,5,False,
1515915625538022029,Lost,push_cashback,2021-03-09,5,False,
1515915625538022997,Can't Lose Them,push_cashback,2021-03-08,5,False,
1515915625538026225,Lost,control,2021-03-30,0,False,
1515915625538029562,Lost,control,2021-03-24,0,False,
1515915625538033323,Lost,email_discount,2021-03-22,10,False,
1515915625538033378,Can't Lose Them,control,2021-03-21,0,False,
1515915625538033415,Lost,push_cashback,2021-03-09,5,False,
1515915625538033947,Lost,control,2021-03-12,0,False,
1515915625538037001,Lost,email_discount,2021-03-18,10,False,
1515915625538040987,Can't Lose Them,control,2021-03-23,0,True,171.1855669982338
1515915625538041207,Lost,push_cashback,2021-03-06,5,False,
1515915625538052037,Can't Lose Them,push_cashback,2021-03-23,5,False,
1515915625538052162,Lost,email_discount,2021-03-28,10,False,
1515915625538057370,Lost,control,2021-03-04,0,False,
1515915625538057564,Lost,control,2021-03-25,0,False,
1515915625538057851,Lost,control,2021-03-07,0,False,
1515915625538059750,Lost,push_cashback,2021-03-18,5,False,
1515915625538059996,Lost,email_discount,2021-03-29,10,False,
1515915625538062010,Lost,control,2021-03-20,0,False,
1515915625538065032,Lost,push_cashback,2021-03-05,5,False,
1515915625538068100,Lost,push_cashback,2021-03-18,5,False,
1515915625538068456,Lost,push_cashback,2021-03-10,5,False,
1515915625538068768,Lost,control,2021-03-08,0,False,
1515915625538072004,Lost,control,2021-03-01,0,False,
1515915625538075196,Lost,control,2021-03-15,0,False,
1515915625538080579,Lost,control,2021-03-03,0,False,
1515915625538083757,Lost,control,2021-03-15,0,False,
1515915625538084159,Lost,control,2021-03-14,0,False,
1515915625538085694,Lost,control,2021-03-01,0,False,
1515915625538092250,Lost,control,2021-03-21,0,True,216.6171751073826
1515915625538092757,Lost,control,2021-03-08,0,False,
1515915625538095889,Lost,push_cashback,2021-03-07,5,False,
1515915625538096079,Lost,control,2021-03-09,0,False,
1515915625538097105,Lost,email_discount,2021-03-18,10,True,91.44636957646173
1515915625538097765,Lost,push_cashback,2021-03-12,5,False,
1515915625538099245,Lost,control,2021-03-08,0,False,
1515915625538100033,Lost,email_discount,2021-03-08,10,True,194.0202517607981
1515915625538100040,Lost,control,2021-03-30,0,False,
1515915625538101220,Lost,email_discount,2021-03-06,10,False,
1515915625538102866,Lost,email_discount,2021-03-03,10,False,
1515915625538106898,Lost,email_discount,2021-03-02,10,False,
1515915625538106938,Lost,email_discount,2021-03-14,10,False,
1515915625538107947,Lost,push_cashback,2021-03-08,5,True,200.69508539539632
1515915625538109815,Lost,push_cashback,2021-03-06,5,False,
1515915625538113841,Lost,email_discount,2021-03-04,10,False,
1515915625538114466,Lost,control,2021-03-05,0,False,
1515915625538116983,Lost,email_discount,2021-03-21,10,True,127.4922551605461
1515915625538120730,Can't Lose Them,push_cashback,2021-03-13,5,False,
1515915625538120950,Lost,control,2021-03-09,0,False,
1515915625538124666,Lost,push_cashback,2021-03-13,5,False,
1515915625538124807,Lost,push_cashback,2021-03-29,5,False,
1515915625538128274,Lost,control,2021-03-09,0,False,
1515915625538135314,Lost,email_discount,2021-03-24,10,False,
1515915625538136050,Lost,email_discount,2021-03-24,10,False,
1515915625538137310,Lost,email_discount,2021-03-16,10,False,
1515915625538140723,Lost,email_discount,2021-03-12,10,False,
1515915625538141324,Lost,control,2021-03-02,0,False,
1515915625538144796,Lost,control,2021-03-30,0,False,
1515915625538148914,Lost,control,2021-03-19,0,False,
1515915625538148948,At Risk,push_cashback,2021-03-30,5,False,
1515915625538156344,Lost,control,2021-03-16,0,False,
1515915625538157897,Lost,email_discount,2021-03-24,10,False,
1515915625538165756,Lost,push_cashback,2021-03-13,5,False,
1515915625538173588,Lost,email_discount,2021-03-05,10,False,
1515915625538173789,Lost,email_discount,2021-03-23,10,False,
1515915625538177438,Can't Lose Them,control,2021-03-30,0,False,
1515915625538177440,Lost,control,2021-03-24,0,False,
1515915625538182733,Lost,email_discount,2021-03-06,10,False,
1515915625538183012,Lost,email_discount,2021-03-21,10,False,
1515915625538185093,Can't Lose Them,push_cashback,2021-03-24,5,False,
1515915625538185640,Lost,control,2021-03-17,0,False,
1515915625538188052,Lost,push_cashback,2021-03-17,5,False,
1515915625538189543,Can't Lose Them,push_cashback,2021-03-17,5,False,
1515915625538194218,Lost,push_cashback,2021-03-03,5,False,
1515915625538198487,Lost,email_discount,2021-03-26,10,False,
1515915625538198735,Lost,push_cashback,2021-03-13,5,False,
1515915625538199897,Lost,push_cashback,2021-03-12,5,False,
1515915625538205258,Lost,email_discount,2021-03-06,10,True,156.4715018466499
1515915625538209648,Lost,control,2021-03-22,0,False,
1515915625538212379,Lost,control,2021-03-21,0,False,
1515915625538215589,Lost,push_cashback,2021-03-29,5,False,
1515915625538215874,Lost,email_discount,2021-03-13,10,False,
1515915625538217380,Lost,control,2021-03-14,0,False,
1515915625538220955,Lost,push_cashback,2021-03-07,5,False,
1515915625538222740,Lost,push_cashback,2021-03-05,5,False,
1515915625538224116,Lost,email_discount,2021-03-14,10,False,
1515915625538225329,Lost,push_cashback,2021-03-18,5,False,
1515915625538229818,Lost,control,2021-03-04,0,False,
1515915625538230057,Lost,email_discount,2021-03-01,10,True,210.75651237099424
1515915625538237461,Lost,control,2021-03-07,0,False,
1515915625538237816,Lost,control,2021-03-20,0,False,
1515915625538242472,Lost,control,2021-03-13,0,False,
1515915625538248753,Lost,push_cashback,2021-03-04,5,False,
1515915625538251725,Lost,push_cashback,2021-03-13,5,False,
1515915625538252565,Lost,control,2021-03-04,0,False,
1515915625538252652,Lost,control,2021-03-03,0,False,
1515915625538254360,Can't Lose Them,email_discount,2021-03-08,10,False,
1515915625538262209,Lost,email_discount,2021-03-20,10,False,
1515915625538264908,Lost,push_cashback,2021-03-08,5,False,
1515915625538264966,Lost,push_cashback,2021-03-25,5,False,
1515915625538267636,Can't Lose Them,email_discount,2021-03-17,10,False,
1515915625538272316,Lost,control,2021-03-15,0,False,
1515915625538272639,Lost,push_cashback,2021-03-04,5,True,198.9415178936795
1515915625538273285,Lost,control,2021-03-06,0,False,
1515915625538274745,Lost,email_discount,2021-03-24,10,True,257.1844199989566
1515915625538276813,At Risk,push_cashback,2021-03-30,5,False,
1515915625538278324,Lost,push_cashback,2021-03-22,5,False,
1515915625538279430,Lost,email_discount,2021-03-28,10,True,158.6146639414973
1515915625538281967,Lost,push_cashback,2021-03-06,5,False,
1515915625538282568,Lost,email_discount,2021-03-10,10,False,
1515915625538282795,Lost,push_cashback,2021-03-04,5,False,
1515915625538283756,Lost,email_discount,2021-03-09,10,False,
1515915625538285617,Lost,push_cashback,2021-03-16,5,True,132.37692582247286
1515915625538287533,Can't Lose Them,control,2021-03-07,0,False,
1515915625538291482,Lost,control,2021-03-14,0,False,
1515915625538291959,Lost,control,2021-03-27,0,False,
1515915625538294342,Lost,push_cashback,2021-03-06,5,False,
1515915625538295614,Lost,push_cashback,2021-03-01,5,False,
1515915625538296255,Can't Lose Them,control,2021-03-18,0,False,
1515915625538297942,Lost,control,2021-03-12,0,False,
1515915625538300518,Lost,email_discount,2021-03-22,10,False,
1515915625538306801,Lost,email_discount,2021-03-27,10,False,
1515915625538307673,Lost,email_discount,2021-03-15,10,True,259.37084591068754
1515915625538311268,Lost,control,2021-03-01,0,False,
1515915625538312847,Lost,control,2021-03-15,0,False,
1515915625538314821,Lost,control,2021-03-15,0,False,
1515915625538321161,Lost,email_discount,2021-03-27,10,False,
1515915625538324371,Can't Lose Them,push_cashback,2021-03-16,5,False,
1515915625538325486,Lost,control,2021-03-21,0,False,
1515915625538326610,Lost,push_cashback,2021-03-01,5,False,
1515915625538331633,Lost,push_cashback,2021-03-29,5,False,
1515915625538333885,Lost,push_cashback,2021-03-03,5,False,
1515915625538336324,Lost,email_discount,2021-03-12,10,False,
1515915625538336661,Lost,push_cashback,2021-03-28,5,False,
1515915625538339130,Can't Lose Them,control,2021-03-28,0,False,
1515915625538339371,At Risk,email_discount,2021-03-07,10,False,
1515915625538342917,Lost,control,2021-03-05,0,False,
1515915625538345998,Lost,control,2021-03-28,0,False,
1515915625538348574,Lost,email_discount,2021-03-26,10,False,
1515915625538349486,Lost,control,2021-03-01,0,False,
1515915625538350171,Lost,control,2021-03-01,0,False,
1515915625538350919,Can't Lose Them,email_discount,2021-03-15,10,False,
1515915625538351352,Can't Lose Them,control,2021-03-08,0,False,
1515915625538355952,Lost,push_cashback,2021-03-11,5,False,
1515915625538357528,Lost,control,2021-03-14,0,False,
1515915625538371018,Lost,push_cashback,2021-03-29,5,False,
1515915625538382626,Lost,control,2021-03-25,0,False,
1515915625538388520,Lost,email_discount,2021-03-23,10,True,151.02761602191114
1515915625538394704,Lost,email_discount,2021-03-13,10,False,
1515915625538399073,Lost,control,2021-03-19,0,False,
1515915625538401984,Lost,email_discount,2021-03-12,10,False,
1515915625538402688,Lost,control,2021-03-22,0,False,
1515915625538404843,Lost,email_discount,2021-03-19,10,False,
1515915625538405776,Lost,push_cashback,2021-03-26,5,True,185.29142030402554
1515915625538407411,Lost,control,2021-03-04,0,False,
1515915625538410234,Lost,push_cashback,2021-03-28,5,False,
1515915625538410284,Lost,push_cashback,2021-03-04,5,False,
1515915625538412538,Can't Lose Them,control,2021-03-03,0,False,
1515915625538414094,Lost,push_cashback,2021-03-26,5,False,
1515915625538415857,Lost,control,2021-03-06,0,False,
1515915625538419006,Lost,push_cashback,2021-03-05,5,False,
1515915625538419279,Lost,control,2021-03-11,0,False,
1515915625538421435,Lost,control,2021-03-25,0,False,
1515915625538421947,Lost,email_discount,2021-03-09,10,False,
1515915625538421978,Lost,control,2021-03-03,0,False,
1515915625538425023,Lost,control,2021-03-29,0,False,
1515915625538425264,Lost,push_cashback,2021-03-09,5,False,
1515915625538426078,Lost,control,2021-03-29,0,False,
1515915625538426139,Lost,email_discount,2021-03-12,10,True,283.2401685394455
1515915625538426667,Can't Lose Them,push_cashback,2021-03-03,5,False,
1515915625538427058,Lost,push_cashback,2021-03-20,5,False,
1515915625538427698,Lost,email_discount,2021-03-17,10,False,
1515915625538428784,Lost,push_cashback,2021-03-21,5,False,
1515915625538429660,Lost,push_cashback,2021-03-12,5,False,
1515915625538430591,Lost,push_cashback,2021-03-25,5,False,
1515915625538436113,Lost,push_cashback,2021-03-18,5,False,
1515915625538436999,Lost,email_discount,2021-03-04,10,False,
1515915625538437096,Lost,email_discount,2021-03-10,10,False,
1515915625538437970,Lost,push_cashback,2021-03-18,5,False,
1515915625538438339,Lost,push_cashback,2021-03-30,5,False,
1515915625538438967,Lost,email_discount,2021-03-08,10,False,
1515915625538441816,Lost,email_discount,2021-03-09,10,False,
1515915625538443729,Lost,email_discount,2021-03-19,10,False,
1515915625538448373,Lost,push_cashback,2021-03-13,5,False,
1515915625538451325,Lost,push_cashback,2021-03-25,5,False,
1515915625538452920,Can't Lose Them,control,2021-03-06,0,False,
1515915625538454586,Lost,email_discount,2021-03-22,10,False,
1515915625538459527,Lost,push_cashback,2021-03-07,5,False,
1515915625538464263,Lost,email_discount,2021-03-28,10,True,218.8718912122783
1515915625538464871,Lost,push_cashback,2021-03-21,5,True,196.33080867746918
1515915625538466813,Lost,email_discount,2021-03-06,10,False,
1515915625538471148,Lost,push_cashback,2021-03-11,5,False,
1515915625538476318,Lost,control,2021-03-17,0,False,
1515915625538478381,Lost,control,2021-03-19,0,False,
1515915625538480427,Lost,email_discount,2021-03-28,10,False,
1515915625538485935,Lost,push_cashback,2021-03-25,5,True,216.1226441906171
1515915625538486569,Lost,push_cashback,2021-03-12,5,False,
1515915625538487629,Lost,email_discount,2021-03-21,10,False,
1515915625538488079,Lost,push_cashback,2021-03-21,5,True,185.99470311541234
1515915625538488828,Lost,email_discount,2021-03-24,10,False,
1515915625538489013,Lost,push_cashback,2021-03-27,5,False,
1515915625538489922,Lost,email_discount,2021-03-27,10,False,
1515915625538499734,Lost,push_cashback,2021-03-13,5,False,
1515915625538503726,Lost,email_discount,2021-03-18,10,True,220.46316807213321
1515915625538509559,Lost,push_cashback,2021-03-29,5,True,151.29641543450813
1515915625538510446,At Risk,control,2021-03-07,0,False,
1515915625538512627,Lost,push_cashback,2021-03-25,5,True,211.3984986736564
1515915625538514245,Can't Lose Them,email_discount,2021-03-23,10,False,
1515915625538515482,Lost,control,2021-03-28,0,False,
1515915625538516017,Lost,push_cashback,2021-03-05,5,False,
1515915625538516338,Lost,control,2021-03-29,0,False,
1515915625538518510,Lost,push_cashback,2021-03-16,5,False,
1515915625538519212,Lost,control,2021-03-22,0,False,
1515915625538522431,Lost,email_discount,2021-03-04,10,False,
1515915625538523711,Lost,push_cashback,2021-03-30,5,False,
1515915625538529282,Lost,push_cashback,2021-03-28,5,False,
1515915625538532420,Can't Lose Them,email_discount,2021-03-23,10,False,
1515915625538533052,At Risk,control,2021-03-01,0,False,
1515915625538534621,Lost,email_discount,2021-03-04,10,False,
1515915625538535361,Lost,email_discount,2021-03-03,10,False,
1515915625538535773,Can't Lose Them,control,2021-03-29,0,False,
1515915625538537521,Lost,email_discount,2021-03-04,10,False,
1515915625538539418,Lost,push_cashback,2021-03-01,5,False,
1515915625538541892,Can't Lose Them,push_cashback,2021-03-12,5,False,
1515915625538543607,Lost,push_cashback,2021-03-13,5,False,
1515915625538544935,Lost,email_discount,2021-03-02,10,False,
1515915625538546704,Lost,push_cashback,2021-03-28,5,True,181.5392646351825
1515915625538548557,Lost,push_cashback,2021-03-27,5,False,
1515915625538548688,Lost,push_cashback,2021-03-29,5,False,
1515915625538549182,Lost,push_cashback,2021-03-09,5,True,105.87723637629837
1515915625538549468,Lost,push_cashback,2021-03-07,5,False,
1515915625538549757,Lost,push_cashback,2021-03-13,5,False,
1515915625538549805,Lost,email_discount,2021-03-22,10,False,
1515915625538554181,Lost,push_cashback,2021-03-02,5,True,174.71775649403264
1515915625538555954,Lost,push_cashback,2021-03-01,5,False,
1515915625538556121,Lost,control,2021-03-18,0,False,
1515915625538558157,Lost,email_discount,2021-03-07,10,False,
1515915625538562554,Lost,email_discount,2021-03-18,10,False,
1515915625538563228,Lost,email_discount,2021-03-19,10,False,
1515915625538564491,Lost,email_discount,2021-03-08,10,False,
1515915625538568069,Lost,push_cashback,2021-03-23,5,False,
1515915625538571820,Lost,push_cashback,2021-03-12,5,False,
1515915625538574020,Lost,control,2021-03-11,0,False,
1515915625538574101,Lost,control,2021-03-27,0,False,
1515915625538575554,Lost,email_discount,2021-03-30,10,False,
1515915625538575764,Lost,control,2021-03-27,0,False,
1515915625538580178,Lost,control,2021-03-09,0,False,
1515915625538590759,Can't Lose Them,email_discount,2021-03-28,10,False,
1515915625538592014,Lost,email_discount,2021-03-04,10,False,
1515915625538596250,Lost,control,2021-03-07,0,False,
1515915625538600870,Lost,push_cashback,2021-03-17,5,True,78.21407671261778
1515915625538603707,Lost,control,2021-03-11,0,False,
1515915625538604651,Lost,control,2021-03-27,0,False,
1515915625538605436,Lost,push_cashback,2021-03-02,5,False,
1515915625538608711,Can't Lose Them,push_cashback,2021-03-23,5,False,
1515915625538615918,Can't Lose Them,email_discount,2021-03-18,10,True,217.12608345464878
1515915625538620541,Lost,email_discount,2021-03-22,10,False,
1515915625538622848,Lost,control,2021-03-29,0,False,
1515915625538626799,Lost,push_cashback,2021-03-26,5,False,
1515915625538627382,Lost,email_discount,2021-03-12,10,False,
1515915625538631208,Lost,control,2021-03-09,0,False,
1515915625538635233,Lost,push_cashback,2021-03-11,5,False,
1515915625538638839,Lost,control,2021-03-05,0,False,
1515915625538642951,Lost,email_discount,2021-03-26,10,False,
1515915625538644941,Lost,email_discount,2021-03-07,10,False,
1515915625538648011,Lost,push_cashback,2021-03-29,5,False,
1515915625538648671,Lost,control,2021-03-01,0,False,
1515915625538654235,Lost,push_cashback,2021-03-24,5,True,155.65793825694473
1515915625538654875,Lost,email_discount,2021-03-25,10,False,
1515915625538656059,At Risk,email_discount,2021-03-29,10,False,
1515915625538658066,Can't Lose Them,control,2021-03-05,0,False,
1515915625538665306,Lost,control,2021-03-06,0,False,
1515915625538674882,Lost,control,2021-03-13,0,False,
1515915625538676155,Lost,push_cashback,2021-03-11,5,False,
1515915625538678366,Lost,control,2021-03-08,0,False,
1515915625538678826,Lost,control,2021-03-20,0,False,
1515915625538680455,Lost,email_discount,2021-03-02,10,False,
1515915625538681434,Can't Lose Them,email_discount,2021-03-15,10,False,
1515915625538685904,Lost,control,2021-03-10,0,False,
1515915625538689777,Lost,control,2021-03-08,0,False,
1515915625538689872,Lost,email_discount,2021-03-02,10,True,270.7498700214679
1515915625538691576,Can't Lose Them,control,2021-03-21,0,False,
1515915625538698338,Can't Lose Them,push_cashback,2021-03-15,5,False,
1515915625538698701,Lost,push_cashback,2021-03-29,5,True,184.58525058760608
1515915625538701778,Lost,push_cashback,2021-03-06,5,False,
1515915625538702949,Lost,control,2021-03-05,0,False,
1515915625538705557,Lost,email_discount,2021-03-22,10,False,
1515915625538705988,Lost,control,2021-03-22,0,False,
1515915625538708800,Lost,control,2021-03-03,0,False,
1515915625538711624,Lost,email_discount,2021-03-11,10,False,
1515915625538715792,Lost,email_discount,2021-03-11,10,False,
1515915625538716637,Lost,email_discount,2021-03-16,10,False,
1515915625538718221,Lost,push_cashback,2021-03-03,5,True,201.96726364095738
1515915625538719071,Lost,control,2021-03-09,0,False,
1515915625538723177,Lost,email_discount,2021-03-03,10,False,
1515915625538724202,Lost,control,2021-03-19,0,False,
1515915625538724348,Lost,push_cashback,2021-03-11,5,False,
1515915625538724453,Lost,push_cashback,2021-03-14,5,True,123.03106999811925
1515915625538724497,Can't Lose Them,email_discount,2021-03-02,10,False,
1515915625538725478,Lost,email_discount,2021-03-07,10,False,
1515915625538726809,Lost,control,2021-03-10,0,False,
1515915625538726880,Lost,email_discount,2021-03-10,10,True,215.80586262661313
1515915625538730036,Lost,control,2021-03-20,0,False,
1515915625538730551,Lost,email_discount,2021-03-01,10,False,
1515915625538734590,Lost,control,2021-03-06,0,False,
1515915625538738370,Lost,control,2021-03-21,0,False,
1515915625538745102,Lost,control,2021-03-14,0,False,
1515915625538746608,Lost,control,2021-03-27,0,False,
1515915625538754666,Lost,push_cashback,2021-03-02,5,False,
1515915625538756830,Lost,control,2021-03-06,0,False,
1515915625538759451,Lost,email_discount,2021-03-01,10,True,156.17038898287566
1515915625538765674,Lost,push_cashback,2021-03-03,5,False,
1515915625538767443,Lost,push_cashback,2021-03-04,5,False,
1515915625538779392,Lost,control,2021-03-13,0,False,
1515915625538785924,Can't Lose Them,push_cashback,2021-03-03,5,False,
1515915625538786530,Can't Lose Them,control,2021-03-15,0,False,
1515915625538787614,Lost,email_discount,2021-03-13,10,False,
1515915625538789285,Lost,control,2021-03-22,0,False,
1515915625538789814,Lost,push_cashback,2021-03-11,5,False,
1515915625538794519,Lost,email_discount,2021-03-04,10,False,
1515915625538794761,Lost,control,2021-03-30,0,False,
1515915625538795051,Lost,email_discount,2021-03-17,10,False,
1515915625538797063,Lost,email_discount,2021-03-05,10,False,
1515915625538800687,Lost,push_cashback,2021-03-21,5,False,
1515915625538800945,Lost,email_discount,2021-03-25,10,False,
1515915625538801151,Lost,push_cashback,2021-03-24,5,False,
1515915625538801986,Lost,email_discount,2021-03-08,10,True,234.0732953634201
1515915625538808882,Lost,control,2021-03-21,0,True,128.02920650797975
1515915625538810982,Lost,email_discount,2021-03-24,10,True,189.94133087856198
1515915625538814639,Lost,control,2021-03-30,0,False,
1515915625538815169,Can't Lose Them,control,2021-03-10,0,False,
1515915625538815627,Lost,email_discount,2021-03-07,10,False,
1515915625538817186,Lost,control,2021-03-17,0,False,
1515915625538822546,Lost,email_discount,2021-03-28,10,False,
1515915625538827489,Lost,email_discount,2021-03-07,10,False,
1515915625538832690,Lost,control,2021-03-27,0,False,
1515915625538832851,Lost,control,2021-03-24,0,False,
1515915625538834473,Lost,push_cashback,2021-03-19,5,False,
1515915625538835545,Can't Lose Them,control,2021-03-09,0,False,
1515915625538838040,Lost,push_cashback,2021-03-24,5,False,
1515915625538841137,Lost,control,2021-03-02,0,False,
1515915625538842570,Lost,email_discount,2021-03-22,10,False,
1515915625538844410,Lost,control,2021-03-20,0,False,
1515915625538847447,Lost,email_discount,2021-03-19,10,False,
1515915625538847968,Lost,email_discount,2021-03-27,10,False,
1515915625538848589,Lost,email_discount,2021-03-06,10,False,
1515915625538851390,Lost,push_cashback,2021-03-10,5,False,
1515915625538852799,Lost,control,2021-03-13,0,False,
1515915625538860084,Lost,email_discount,2021-03-25,10,True,132.89529056375352
1515915625538866798,Lost,email_discount,2021-03-02,10,True,190.66144790683822
1515915625538867435,Lost,push_cashback,2021-03-10,5,True,245.89947624002323
1515915625538869492,Lost,control,2021-03-10,0,True,205.29325937077414
1515915625538869652,Can't Lose Them,control,2021-03-26,0,False,
1515915625538873141,Lost,push_cashback,2021-03-05,5,False,
1515915625538874596,Lost,push_cashback,2021-03-22,5,False,
1515915625538875408,Lost,control,2021-03-04,0,False,
1515915625538875823,Lost,push_cashback,2021-03-23,5,False,
1515915625538878776,Can't Lose Them,control,2021-03-02,0,False,
1515915625538878999,Can't Lose Them,control,2021-03-07,0,False,
1515915625538881252,Lost,email_discount,2021-03-18,10,False,
1515915625538891174,Lost,email_discount,2021-03-17,10,False,
1515915625538891977,Lost,control,2021-03-11,0,False,
1515915625538893990,Lost,control,2021-03-21,0,False,
1515915625538894423,Lost,control,2021-03-18,0,False,
1515915625538894776,At Risk,control,2021-03-08,0,False,
1515915625538896170,Lost,control,2021-03-28,0,False,
1515915625538896374,Lost,control,2021-03-28,0,False,
1515915625538896465,At Risk,push_cashback,2021-03-12,5,False,
1515915625538905544,Lost,control,2021-03-24,0,False,
1515915625538913153,Lost,push_cashback,2021-03-01,5,False,
1515915625538914402,Lost,push_cashback,2021-03-20,5,False,
1515915625538916732,Lost,control,2021-03-30,0,False,
1515915625538920728,Lost,control,2021-03-25,0,True,173.629602919807
1515915625538923160,Lost,push_cashback,2021-03-21,5,False,
1515915625538923473,Lost,push_cashback,2021-03-12,5,False,
1515915625538924191,Lost,control,2021-03-27,0,False,
1515915625538924392,Lost,control,2021-03-26,0,False,
1515915625538928592,Lost,push_cashback,2021-03-29,5,False,
1515915625538928811,Lost,push_cashback,2021-03-06,5,False,
1515915625538931089,Lost,push_cashback,2021-03-03,5,False,
1515915625538935349,Lost,email_discount,2021-03-05,10,False,
1515915625538938067,Lost,push_cashback,2021-03-14,5,False,
1515915625538938889,Lost,email_discount,2021-03-12,10,False,
1515915625538939370,Lost,control,2021-03-13,0,False,
1515915625538939973,Lost,control,2021-03-13,0,False,
1515915625538940080,Lost,push_cashback,2021-03-29,5,False,
1515915625538940213,Lost,control,2021-03-17,0,False,
1515915625538942132,Lost,control,2021-03-24,0,False,
1515915625538947417,Lost,control,2021-03-27,0,False,
1515915625538947832,Lost,control,2021-03-15,0,True,71.58931681782805
1515915625538949765,Can't Lose Them,email_discount,2021-03-06,10,True,160.8940796835395
1515915625538952561,Lost,email_discount,2021-03-12,10,False,
1515915625538956697,Lost,push_cashback,2021-03-02,5,False,
1515915625538959490,Can't Lose Them,push_cashback,2021-03-04,5,False,
1515915625538960338,Lost,push_cashback,2021-03-20,5,False,
1515915625538965172,Lost,control,2021-03-25,0,False,
1515915625538969275,Lost,control,2021-03-25,0,False,
1515915625538969572,Lost,email_discount,2021-03-21,10,False,
1515915625538971785,Lost,email_discount,2021-03-12,10,False,
1515915625538972161,Lost,push_cashback,2021-03-03,5,False,
1515915625538974353,At Risk,email_discount,2021-03-17,10,False,
1515915625538978179,Lost,email_discount,2021-03-06,10,False,
1515915625538979306,Can't Lose Them,email_discount,2021-03-24,10,False,
1515915625538981109,Lost,email_discount,2021-03-17,10,False,
1515915625538981990,Lost,email_discount,2021-03-27,10,False,
1515915625538983772,Lost,push_cashback,2021-03-17,5,False,
1515915625538991226,Lost,push_cashback,2021-03-11,5,False,
1515915625538992552,Lost,email_discount,2021-03-23,10,False,
1515915625538992736,Lost,push_cashback,2021-03-07,5,False,
1515915625538993787,Lost,control,2021-03-02,0,False,
1515915625538996052,Lost,email_discount,2021-03-19,10,True,206.35941405908054
1515915625538998695,Lost,control,2021-03-02,0,False,
1515915625539001009,Lost,push_cashback,2021-03-22,5,False,
1515915625539001228,At Risk,push_cashback,2021-03-29,5,False,
1515915625539001788,Can't Lose Them,control,2021-03-13,0,False,
1515915625539013155,Lost,push_cashback,2021-03-24,5,False,
1515915625539016672,At Risk,email_discount,2021-03-24,10,True,162.01140459789272
1515915625539018550,Lost,control,2021-03-16,0,False,
1515915625539022618,Lost,email_discount,2021-03-17,10,False,
1515915625539026262,Lost,control,2021-03-11,0,False,
1515915625539032526,Lost,push_cashback,2021-03-09,5,False,
1515915625539034824,At Risk,control,2021-03-27,0,True,234.94031041446448
1515915625539037174,Lost,control,2021-03-24,0,False,
1515915625539038383,At Risk,email_discount,2021-03-09,10,False,
1515915625539039334,Lost,push_cashback,2021-03-29,5,False,
1515915625539046632,Lost,email_discount,2021-03-14,10,False,
1515915625539046692,Lost,push_cashback,2021-03-13,5,True,167.86152649802415
1515915625539047176,Lost,email_discount,2021-03-25,10,False,
1515915625539048488,Lost,control,2021-03-11,0,False,
1515915625539051341,Lost,email_discount,2021-03-12,10,False,
1515915625539054810,Lost,push_cashback,2021-03-22,5,False,
1515915625539057068,Lost,push_cashback,2021-03-03,5,False,
1515915625539057619,Lost,control,2021-03-01,0,False,
1515915625539059030,Lost,push_cashback,2021-03-27,5,False,
1515915625539060203,At Risk,email_discount,2021-03-08,10,False,
1515915625539061448,Lost,control,2021-03-26,0,False,
1515915625539062487,Lost,push_cashback,2021-03-19,5,False,
1515915625539062540,Lost,push_cashback,2021-03-13,5,False,
1515915625539064119,Lost,email_discount,2021-03-07,10,False,
1515915625539064215,Can't Lose Them,email_discount,2021-03-13,10,False,
1515915625539066457,Lost,control,2021-03-26,0,False,
1515915625539066569,Lost,push_cashback,2021-03-06,5,False,
1515915625539068338,Lost,email_discount,2021-03-03,10,True,233.5367802250343
1515915625539070206,Lost,control,2021-03-06,0,False,
1515915625539072229,Lost,push_cashback,2021-03-28,5,False,
1515915625539074177,Lost,push_cashback,2021-03-03,5,False,
1515915625539080013,Lost,control,2021-03-13,0,False,
1515915625539082192,Lost,control,2021-03-13,0,False,
1515915625539083086,Lost,email_discount,2021-03-30,10,True,194.2205386089706
1515915625539084481,Lost,push_cashback,2021-03-25,5,False,
1515915625539087817,Lost,push_cashback,2021-03-13,5,False,
1515915625539089917,Lost,push_cashback,2021-03-01,5,False,
1515915625539090524,Lost,control,2021-03-29,0,False,
1515915625539095709,Lost,email_discount,2021-03-08,10,False,
1515915625539113305,Lost,push_cashback,2021-03-05,5,False,
1515915625539113453,Lost,control,2021-03-20,0,False,
1515915625539119726,Lost,push_cashback,2021-03-17,5,False,
1515915625539137959,Lost,email_discount,2021-03-09,10,False,
1515915625539144475,Lost,push_cashback,2021-03-13,5,False,
1515915625539144993,Lost,email_discount,2021-03-25,10,False,
1515915625539145227,Lost,email_discount,2021-03-13,10,False,
1515915625539146082,Lost,push_cashback,2021-03-05,5,False,
1515915625539150431,Lost,push_cashback,2021-03-14,5,False,
1515915625539158169,Lost,email_discount,2021-03-11,10,True,172.58080356019627
1515915625539160903,Lost,control,2021-03-25,0,True,155.2042868500435
1515915625539164881,Lost,email_discount,2021-03-26,10,False,
1515915625539167658,Lost,push_cashback,2021-03-14,5,True,124.51383846710884
1515915625539168796,Lost,push_cashback,2021-03-25,5,False,
1515915625539169931,Lost,control,2021-03-07,0,False,
1515915625539171259,Lost,email_discount,2021-03-24,10,False,
1515915625539171642,Lost,email_discount,2021-03-17,10,False,
1515915625539172827,Lost,email_discount,2021-03-04,10,False,
1515915625539173650,Lost,push_cashback,2021-03-10,5,True,208.8645273384821
1515915625539176503,Lost,email_discount,2021-03-10,10,True,165.7394630575609
1515915625539178573,Lost,control,2021-03-15,0,False,
1515915625539179214,Lost,push_cashback,2021-03-20,5,False,
1515915625539181618,Lost,push_cashback,2021-03-12,5,False,
1515915625539184874,Lost,email_discount,2021-03-09,10,True,208.50335787274662
1515915625539187305,Lost,control,2021-03-03,0,False,
1515915625539193435,Lost,push_cashback,2021-03-15,5,False,
1515915625539194030,Lost,push_cashback,2021-03-12,5,False,
1515915625539194407,Lost,email_discount,2021-03-26,10,True,161.34147575293792
1515915625539204487,Lost,email_discount,2021-03-15,10,False,
1515915625539209552,Lost,control,2021-03-26,0,False,
1515915625539212069,Can't Lose Them,email_discount,2021-03-01,10,False,
1515915625539213383,Lost,control,2021-03-15,0,False,
1515915625539216415,Lost,push_cashback,2021-03-11,5,False,
1515915625539216520,Lost,control,2021-03-05,0,False,
1515915625539217208,Lost,control,2021-03-07,0,False,
1515915625539222831,Lost,control,2021-03-12,0,False,
1515915625539226185,Lost,push_cashback,2021-03-20,5,True,121.67884381630728
1515915625539226322,Lost,email_discount,2021-03-25,10,False,
1515915625539227772,Lost,push_cashback,2021-03-06,5,False,
1515915625539228856,Can't Lose Them,email_discount,2021-03-22,10,False,
1515915625539230087,Lost,control,2021-03-03,0,False,
1515915625539234362,Can't Lose Them,control,2021-03-10,0,False,
1515915625539244541,Lost,control,2021-03-26,0,False,
1515915625539248261,Lost,control,2021-03-21,0,False,
1515915625539252766,Lost,control,2021-03-26,0,False,
1515915625539253331,Lost,email_discount,2021-03-22,10,False,
1515915625539256229,Lost,email_discount,2021-03-30,10,False,
1515915625539256674,Lost,control,2021-03-04,0,False,
1515915625539257120,Lost,push_cashback,2021-03-13,5,False,
1515915625539261976,Lost,push_cashback,2021-03-19,5,True,187.20563242502277
1515915625539264043,Lost,control,2021-03-05,0,False,
1515915625539264490,Lost,email_discount,2021-03-23,10,False,
1515915625539270681,Lost,push_cashback,2021-03-27,5,False,
1515915625539271919,Lost,push_cashback,2021-03-22,5,True,135.13184414876417
1515915625539273053,Lost,push_cashback,2021-03-18,5,True,148.98051020531452
1515915625539276224,Lost,control,2021-03-01,0,False,
1515915625539278606,Lost,push_cashback,2021-03-21,5,False,
1515915625539279532,At Risk,push_cashback,2021-03-21,5,False,
1515915625539280784,Lost,push_cashback,2021-03-28,5,False,
1515915625539283688,Lost,push_cashback,2021-03-16,5,True,115.05246058285644
1515915625539286508,Lost,email_discount,2021-03-16,10,True,162.80945367892392
1515915625539286697,Lost,control,2021-03-16,0,False,
1515915625539289965,Lost,control,2021-03-28,0,False,
1515915625539290414,Lost,email_discount,2021-03-22,10,False,
1515915625539291030,Lost,email_discount,2021-03-19,10,False,
1515915625539296005,Lost,control,2021-03-16,0,False,
1515915625539297236,Lost,push_cashback,2021-03-01,5,False,
1515915625539299548,Lost,push_cashback,2021-03-20,5,True,165.96428673151578
1515915625539301136,Lost,control,2021-03-20,0,False,
1515915625539304035,Lost,push_cashback,2021-03-10,5,False,
1515915625539307941,Lost,email_discount,2021-03-02,10,False,
1515915625539314272,Lost,push_cashback,2021-03-14,5,False,
1515915625539316032,Lost,push_cashback,2021-03-08,5,False,
1515915625539318822,Lost,push_cashback,2021-03-06,5,False,
1515915625539319024,Lost,control,2021-03-28,0,False,
1515915625539319286,Lost,email_discount,2021-03-03,10,False,
1515915625539323044,Lost,push_cashback,2021-03-16,5,False,
1515915625539323087,Lost,control,2021-03-17,0,False,
1515915625539323583,Lost,push_cashback,2021-03-12,5,False,
1515915625539327565,Lost,email_discount,2021-03-27,10,True,172.06290589439615
1515915625539328135,Lost,push_cashback,2021-03-19,5,False,
1515915625539332238,Lost,email_discount,2021-03-24,10,False,
1515915625539332923,Lost,push_cashback,2021-03-20,5,False,
1515915625539335634,Lost,email_discount,2021-03-03,10,False,
1515915625539335925,Lost,push_cashback,2021-03-13,5,False,
1515915625539336532,Lost,email_discount,2021-03-16,10,False,
1515915625539337488,Lost,push_cashback,2021-03-11,5,False,
1515915625539342169,Lost,push_cashback,2021-03-20,5,False,
1515915625539344911,Lost,control,2021-03-27,0,False,
1515915625539345818,Lost,control,2021-03-16,0,False,
1515915625539347146,Can't Lose Them,email_discount,2021-03-20,10,False,
1515915625539348947,Lost,push_cashback,2021-03-02,5,False,
1515915625539351587,Lost,email_discount,2021-03-04,10,False,
1515915625539351769,Lost,control,2021-03-27,0,False,
1515915625539361406,Lost,email_discount,2021-03-28,10,True,221.8201977406827
1515915625539363999,Lost,email_discount,2021-03-25,10,False,
1515915625539365416,Lost,control,2021-03-04,0,False,
1515915625539365882,Lost,push_cashback,2021-03-28,5,True,170.82082972262052
1515915625539368602,Lost,email_discount,2021-03-17,10,False,
1515915625539370532,Lost,control,2021-03-01,0,False,
1515915625539371727,Lost,push_cashback,2021-03-01,5,False,
1515915625539372972,Lost,control,2021-03-30,0,False,
1515915625539373452,Lost,email_discount,2021-03-05,10,False,
1515915625539377564,Lost,push_cashback,2021-03-22,5,False,
1515915625539377916,Lost,push_cashback,2021-03-12,5,False,
1515915625539380913,Lost,control,2021-03-06,0,False,
1515915625539383308,Can't Lose Them,control,2021-03-06,0,False,
1515915625539385052,Lost,control,2021-03-25,0,False,
1515915625539386320,Lost,push_cashback,2021-03-17,5,True,288.49255244449375
1515915625539390898,Lost,push_cashback,2021-03-26,5,False,
1515915625539393059,Lost,email_discount,2021-03-22,10,True,204.0912764450984
1515915625539393328,Lost,push_cashback,2021-03-13,5,False,
1515915625539395200,Lost,email_discount,2021-03-08,10,False,
1515915625539395537,Lost,control,2021-03-24,0,False,
1515915625539401058,Can't Lose Them,control,2021-03-12,0,False,
1515915625539401688,Lost,push_cashback,2021-03-15,5,False,
1515915625539402217,Lost,control,2021-03-19,0,False,
1515915625539402528,Lost,control,2021-03-29,0,False,
1515915625539403336,Lost,push_cashback,2021-03-21,5,False,
1515915625539407204,Lost,email_discount,2021-03-26,10,False,
1515915625539410138,Lost,push_cashback,2021-03-20,5,True,95.5804985932942
1515915625539414062,Lost,email_discount,2021-03-28,10,False,
1515915625539421139,Lost,push_cashback,2021-03-17,5,True,156.4847033635742
1515915625539426769,Lost,push_cashback,2021-03-09,5,False,
1515915625539429138,Lost,control,2021-03-21,0,False,
1515915625539431928,Lost,push_cashback,2021-03-18,5,False,
1515915625539433904,Lost,push_cashback,2021-03-28,5,False,
1515915625539440520,Lost,email_discount,2021-03-02,10,False,
1515915625539441005,Can't Lose Them,control,2021-03-11,0,False,
1515915625539445200,Lost,email_discount,2021-03-23,10,False,
1515915625539450081,Lost,email_discount,2021-03-20,10,False,
1515915625539450365,Lost,control,2021-03-17,0,False,
1515915625539450694,Lost,control,2021-03-21,0,False,
1515915625539450905,Lost,control,2021-03-18,0,False,
1515915625539470453,Lost,push_cashback,2021-03-15,5,False,
1515915625539487753,Lost,control,2021-03-07,0,False,
1515915625539488638,Lost,control,2021-03-16,0,False,
1515915625539489222,Lost,control,2021-03-25,0,False,
1515915625539490707,Lost,email_discount,2021-03-29,10,False,
1515915625539492066,Lost,email_discount,2021-03-01,10,False,
1515915625539492677,Can't Lose Them,push_cashback,2021-03-28,5,False,
1515915625539494246,Lost,email_discount,2021-03-18,10,False,
1515915625539504377,Lost,push_cashback,2021-03-27,5,False,
1515915625539505659,Lost,email_discount,2021-03-22,10,True,179.31883335126855
1515915625539507774,Lost,control,2021-03-08,0,False,
1515915625539511756,Lost,email_discount,2021-03-07,10,True,157.3865942728872
1515915625539515658,At Risk,push_cashback,2021-03-25,5,True,167.90443336944875
1515915625539522366,Lost,email_discount,2021-03-30,10,False,
1515915625539530290,Lost,control,2021-03-02,0,False,
1515915625539531313,At Risk,push_cashback,2021-03-12,5,False,
1515915625539532315,Lost,control,2021-03-16,0,False,
1515915625539534672,Lost,control,2021-03-09,0,False,
1515915625539534834,Lost,push_cashback,2021-03-20,5,True,139.26411751198498
1515915625539535727,Lost,control,2021-03-11,0,False,
1515915625539543521,Lost,control,2021-03-15,0,False,
1515915625539544127,Lost,email_discount,2021-03-03,10,False,
1515915625539545728,Lost,control,2021-03-23,0,False,
1515915625539555369,Lost,control,2021-03-21,0,False,
1515915625539558908,Lost,control,2021-03-13,0,False,
1515915625539567558,Lost,control,2021-03-21,0,False,
1515915625539570514,Lost,push_cashback,2021-03-28,5,False,
1515915625539572121,Lost,email_discount,2021-03-13,10,False,
1515915625539572871,Lost,control,2021-03-02,0,False,
1515915625539574843,Lost,control,2021-03-06,0,False,
1515915625539575047,Lost,push_cashback,2021-03-06,5,False,
1515915625539577214,Can't Lose Them,control,2021-03-12,0,False,
1515915625539581198,Lost,push_cashback,2021-03-04,5,False,
1515915625539582954,Lost,email_discount,2021-03-05,10,False,
1515915625539583795,Lost,email_discount,2021-03-23,10,False,
1515915625539585806,Lost,control,2021-03-30,0,False,
1515915625539591395,Lost,control,2021-03-08,0,False,
1515915625539591592,Lost,control,2021-03-06,0,False,
1515915625539595994,Lost,push_cashback,2021-03-21,5,True,178.31279195772782
1515915625539597473,Can't Lose Them,control,2021-03-28,0,False,
1515915625539613797,Lost,control,2021-03-03,0,False,
1515915625539616156,Lost,email_discount,2021-03-23,10,False,
1515915625539616389,Lost,control,2021-03-08,0,False,
1515915625539617846,Lost,email_discount,2021-03-19,10,False,
1515915625539621420,Lost,control,2021-03-21,0,False,
1515915625539621464,Lost,email_discount,2021-03-11,10,False,
1515915625539621914,Lost,control,2021-03-18,0,False,
1515915625539622593,Lost,email_discount,2021-03-10,10,False,
1515915625539629002,Lost,push_cashback,2021-03-26,5,False,
1515915625539629221,Lost,email_discount,2021-03-28,10,False,
1515915625539633618,Lost,email_discount,2021-03-20,10,False,
1515915625539633836,Lost,email_discount,2021-03-12,10,True,99.10905292531294
1515915625539634039,Lost,control,2021-03-20,0,False,
1515915625539636464,Lost,control,2021-03-28,0,False,
1515915625539644767,Lost,control,2021-03-29,0,False,
1515915625539645360,Lost,push_cashback,2021-03-08,5,False,
1515915625539646142,Lost,push_cashback,2021-03-19,5,False,
1515915625539646553,Lost,email_discount,2021-03-21,10,False,
1515915625539647224,Lost,push_cashback,2021-03-16,5,False,
1515915625539658557,Lost,email_discount,2021-03-27,10,False,
1515915625539658590,Lost,email_discount,2021-03-21,10,False,
1515915625539658878,Lost,email_discount,2021-03-18,10,False,
1515915625539659303,Lost,push_cashback,2021-03-09,5,False,
1515915625539665456,Lost,control,2021-03-04,0,False,
1515915625539668158,Lost,push_cashback,2021-03-09,5,False,
1515915625539671684,Lost,email_discount,2021-03-25,10,True,236.48713123063618
1515915625539674252,Lost,email_discount,2021-03-02,10,False,
1515915625539675493,At Risk,push_cashback,2021-03-09,5,False,
1515915625539678675,Lost,email_discount,2021-03-09,10,False,
1515915625539680431,Lost,email_discount,2021-03-18,10,False,
1515915625539692595,Lost,push_cashback,2021-03-11,5,False,
1515915625539694305,Lost,push_cashback,2021-03-13,5,True,101.86838495398358
1515915625539694883,At Risk,push_cashback,2021-03-06,5,False,
1515915625539700278,Lost,email_discount,2021-03-09,10,False,
1515915625539701556,Lost,email_discount,2021-03-16,10,False,
1515915625539705591,Lost,control,2021-03-04,0,False,
1515915625539717190,Lost,control,2021-03-02,0,False,
1515915625539719098,Lost,push_cashback,2021-03-07,5,True,154.45777791933858
1515915625539722118,Lost,control,2021-03-15,0,False,
1515915625539722869,Lost,email_discount,2021-03-25,10,False,
1515915625539740549,Lost,control,2021-03-06,0,False,
1515915625539741447,Lost,email_discount,2021-03-11,10,False,
1515915625539741517,Can't Lose Them,push_cashback,2021-03-27,5,False,
1515915625539742131,Lost,push_cashback,2021-03-30,5,False,
1515915625539744782,Can't Lose Them,email_discount,2021-03-20,10,False,
1515915625539750660,Lost,control,2021-03-17,0,False,
1515915625539751268,Lost,push_cashback,2021-03-04,5,False,
1515915625539752163,Lost,push_cashback,2021-03-19,5,False,
1515915625539757967,Lost,control,2021-03-07,0,False,
1515915625539758656,Lost,control,2021-03-11,0,False,
1515915625539762154,Lost,email_discount,2021-03-13,10,False,
1515915625539763970,Lost,control,2021-03-27,0,False,
1515915625539764944,Lost,control,2021-03-26,0,False,
1515915625539769228,Lost,control,2021-03-21,0,False,
1515915625539773416,Lost,email_discount,2021-03-28,10,False,
1515915625539776903,Lost,email_discount,2021-03-03,10,False,
1515915625539777777,Lost,push_cashback,2021-03-14,5,False,
1515915625539781128,Lost,email_discount,2021-03-02,10,False,
1515915625539785872,Lost,push_cashback,2021-03-29,5,False,
1515915625539791425,Can't Lose Them,control,2021-03-18,0,False,
1515915625539794272,Lost,push_cashback,2021-03-05,5,False,
1515915625539796049,Lost,push_cashback,2021-03-13,5,False,
1515915625539797284,Lost,control,2021-03-13,0,False,
1515915625539798509,Lost,push_cashback,2021-03-24,5,True,135.69172843611304
1515915625539799051,Lost,email_discount,2021-03-24,10,False,
1515915625539800854,Lost,email_discount,2021-03-14,10,False,
1515915625539812001,Lost,email_discount,2021-03-12,10,False,
1515915625539813169,Lost,email_discount,2021-03-21,10,False,
1515915625539835088,Lost,push_cashback,2021-03-13,5,True,177.23680284189652
1515915625539837655,Lost,push_cashback,2021-03-18,5,False,
1515915625539839664,Lost,control,2021-03-13,0,False,
1515915625539845852,Lost,push_cashback,2021-03-04,5,False,
1515915625539855051,At Risk,push_cashback,2021-03-23,5,False,
1515915625539856401,Lost,push_cashback,2021-03-30,5,False,
1515915625539864747,Lost,control,2021-03-22,0,False,
1515915625539867957,Lost,email_discount,2021-03-10,10,False,
1515915625539871640,Lost,push_cashback,2021-03-23,5,False,
1515915625539874759,Can't Lose Them,control,2021-03-05,0,False,
1515915625539879643,Lost,control,2021-03-18,0,False,
1515915625539889819,Lost,control,2021-03-08,0,False,
1515915625539892424,Lost,email_discount,2021-03-14,10,False,
1515915625539900889,Lost,push_cashback,2021-03-28,5,False,
1515915625539901612,Lost,control,2021-03-02,0,False,
1515915625539903008,Lost,email_discount,2021-03-28,10,False,
1515915625539903023,Lost,control,2021-03-08,0,False,
1515915625539908697,Lost,control,2021-03-16,0,False,
1515915625539909463,Lost,control,2021-03-07,0,False,
1515915625539910087,Lost,control,2021-03-03,0,False,
1515915625539910852,Lost,control,2021-03-29,0,False,
1515915625539912172,Lost,email_discount,2021-03-04,10,False,
1515915625539913911,Lost,push_cashback,2021-03-29,5,False,
1515915625539914586,Lost,push_cashback,2021-03-07,5,True,157.67035557058685
1515915625539918957,Lost,push_cashback,2021-03-04,5,False,
1515915625539921276,Lost,push_cashback,2021-03-09,5,False,
1515915625539922552,Lost,email_discount,2021-03-23,10,False,
1515915625539923523,Lost,email_discount,2021-03-17,10,False,
1515915625539924218,Lost,email_discount,2021-03-17,10,True,196.3242799555838
1515915625539924269,Lost,control,2021-03-20,0,False,
1515915625539924682,Lost,control,2021-03-14,0,False,
1515915625539924868,Lost,control,2021-03-14,0,True,221.67008128107966
1515915625539926796,Lost,push_cashback,2021-03-29,5,True,195.74461750667848
1515915625539927656,Lost,control,2021-03-25,0,False,
1515915625539927795,Lost,push_cashback,2021-03-13,5,False,
1515915625539928363,Lost,control,2021-03-04,0,False,
1515915625539930988,Lost,push_cashback,2021-03-13,5,False,
1515915625539931670,Lost,control,2021-03-21,0,False,
1515915625539932635,Lost,control,2021-03-17,0,False,
1515915625539936466,Lost,email_discount,2021-03-15,10,False,
1515915625539946579,Can't Lose Them,control,2021-03-30,0,False,
1515915625539952882,Lost,control,2021-03-18,0,True,176.5249083531455
1515915625539953497,Lost,email_discount,2021-03-11,10,True,205.67784949873976
1515915625539959443,Lost,push_cashback,2021-03-04,5,False,
1515915625539963595,Lost,email_discount,2021-03-28,10,True,273.20033834670164
1515915625539963748,Lost,email_discount,2021-03-20,10,False,
1515915625539965825,Lost,push_cashback,2021-03-11,5,False,
1515915625539966993,Lost,control,2021-03-10,0,False,
1515915625539969754,Lost,push_cashback,2021-03-22,5,False,
1515915625539969894,Lost,control,2021-03-13,0,False,
1515915625539970394,Lost,control,2021-03-22,0,False,
1515915625539970674,Lost,push_cashback,2021-03-08,5,False,
1515915625539972405,Lost,email_discount,2021-03-28,10,False,
1515915625539983996,Lost,push_cashback,2021-03-13,5,False,
1515915625539986023,Lost,control,2021-03-09,0,False,
1515915625539986034,Lost,push_cashback,2021-03-30,5,False,
1515915625539991852,Lost,push_cashback,2021-03-01,5,False,
1515915625539991994,Lost,control,2021-03-01,0,True,208.77800837667235
1515915625539992824,Lost,email_discount,2021-03-15,10,False,
1515915625539994258,Lost,push_cashback,2021-03-22,5,False,
1515915625539999061,Lost,control,2021-03-04,0,False,
1515915625539999114,Lost,control,2021-03-27,0,True,162.67140675993687
1515915625539999779,Lost,push_cashback,2021-03-20,5,False,
1515915625540000155,Lost,email_discount,2021-03-01,10,False,
1515915625540003559,Lost,push_cashback,2021-03-25,5,True,216.11457349560519
1515915625540005881,Lost,email_discount,2021-03-12,10,False,
1515915625540008123,Lost,email_discount,2021-03-11,10,False,
1515915625540008856,Lost,email_discount,2021-03-19,10,False,
1515915625540009105,Lost,email_discount,2021-03-15,10,False,
1515915625540012158,Lost,push_cashback,2021-03-21,5,True,180.65241283277774
1515915625540015510,Lost,control,2021-03-10,0,False,
1515915625540016064,Lost,control,2021-03-01,0,False,
1515915625540018380,Lost,control,2021-03-24,0,False,
1515915625540018584,Lost,control,2021-03-03,0,False,
1515915625540018644,Lost,control,2021-03-14,0,False,
1515915625540018855,Lost,control,2021-03-15,0,False,
1515915625540021234,Lost,push_cashback,2021-03-01,5,False,
1515915625540025458,Lost,email_discount,2021-03-10,10,False,
1515915625540026984,Lost,control,2021-03-22,0,False,
1515915625540030858,Can't Lose Them,push_cashback,2021-03-01,5,False,
1515915625540033709,Lost,control,2021-03-15,0,False,
1515915625540034105,Lost,control,2021-03-03,0,False,
1515915625540038572,Lost,email_discount,2021-03-21,10,True,141.6751316929821
1515915625540038834,Lost,email_discount,2021-03-20,10,False,
1515915625540040406,Lost,email_discount,2021-03-23,10,False,
1515915625540040565,Lost,control,2021-03-22,0,False,
1515915625540041447,Lost,control,2021-03-12,0,False,
1515915625540045648,Lost,control,2021-03-19,0,False,
1515915625540046429,Lost,email_discount,2021-03-16,10,False,
1515915625540048185,Can't Lose Them,push_cashback,2021-03-27,5,True,157.7711083927288
1515915625540048289,Lost,control,2021-03-08,0,True,113.16519073371515
1515915625540049527,Lost,control,2021-03-24,0,False,
1515915625540056992,Lost,control,2021-03-14,0,False,
1515915625540057751,Lost,push_cashback,2021-03-18,5,False,
1515915625540061408,Lost,control,2021-03-23,0,False,
1515915625540061624,Lost,push_cashback,2021-03-30,5,False,
1515915625540066144,Lost,control,2021-03-01,0,False,
1515915625540068808,Lost,push_cashback,2021-03-02,5,False,
1515915625540069116,Lost,control,2021-03-24,0,False,
1515915625540071326,Lost,email_discount,2021-03-12,10,False,
1515915625540071442,Lost,email_discount,2021-03-17,10,False,
1515915625540073063,Lost,email_discount,2021-03-02,10,False,
1515915625540077435,Lost,email_discount,2021-03-28,10,False,
1515915625540078255,Can't Lose Them,control,2021-03-17,0,False,
1515915625540081614,Lost,email_discount,2021-03-21,10,False,
1515915625540082414,Lost,push_cashback,2021-03-07,5,True,73.59919584271753
1515915625540085974,Lost,email_discount,2021-03-06,10,True,142.29318689529953
1515915625540086709,Lost,email_discount,2021-03-06,10,False,
1515915625540087893,Lost,email_discount,2021-03-22,10,False,
1515915625540091222,Can't Lose Them,control,2021-03-08,0,False,
1515915625540094014,Lost,email_discount,2021-03-05,10,False,
1515915625540095203,Lost,push_cashback,2021-03-15,5,False,
1515915625540096942,Lost,email_discount,2021-03-26,10,True,190.51614809062127
1515915625540099387,Lost,email_discount,2021-03-07,10,False,
1515915625540101895,Lost,email_discount,2021-03-03,10,False,
1515915625540103143,Lost,push_cashback,2021-03-25,5,False,
1515915625540112770,Lost,email_discount,2021-03-10,10,False,
1515915625540115513,Lost,push_cashback,2021-03-03,5,True,170.0203549792875
1515915625540120115,Lost,push_cashback,2021-03-30,5,False,
1515915625540120355,At Risk,email_discount,2021-03-14,10,False,
1515915625540120485,Lost,push_cashback,2021-03-22,5,False,
1515915625540122896,Lost,control,2021-03-03,0,False,
1515915625540127380,Lost,email_discount,2021-03-01,10,False,
1515915625540128932,Lost,email_discount,2021-03-01,10,False,
1515915625540130563,Can't Lose Them,push_cashback,2021-03-19,5,False,
1515915625540130942,Can't Lose Them,push_cashback,2021-03-04,5,True,108.53697259499748
1515915625540133262,Lost,email_discount,2021-03-30,10,True,77.95571327335843
1515915625540136880,Lost,control,2021-03-02,0,False,
1515915625540137799,Lost,push_cashback,2021-03-25,5,False,
1515915625540142425,Lost,push_cashback,2021-03-11,5,True,223.8304989728287
1515915625540143056,Lost,control,2021-03-24,0,False,
1515915625540143764,Lost,control,2021-03-12,0,True,179.00231100472985
1515915625540143862,Lost,email_discount,2021-03-13,10,True,255.0070390062312
1515915625540148727,Lost,control,2021-03-16,0,False,
1515915625540150227,Lost,email_discount,2021-03-16,10,False,
1515915625540154564,At Risk,control,2021-03-19,0,False,
1515915625540155615,Lost,push_cashback,2021-03-23,5,False,
1515915625540155621,Lost,email_discount,2021-03-20,10,False,
1515915625540160671,Lost,email_discount,2021-03-21,10,False,
1515915625540162768,Lost,email_discount,2021-03-20,10,False,
1515915625540163453,Lost,control,2021-03-09,0,False,
1515915625540163493,At Risk,push_cashback,2021-03-16,5,False,
1515915625540165054,Lost,email_discount,2021-03-27,10,False,
1515915625540168622,Lost,email_discount,2021-03-07,10,False,
1515915625540169035,Lost,email_discount,2021-03-13,10,False,
1515915625540170350,Lost,email_discount,2021-03-04,10,False,
1515915625540176627,Lost,push_cashback,2021-03-13,5,False,
1515915625540178336,Lost,control,2021-03-08,0,False,
1515915625540179973,Lost,push_cashback,2021-03-02,5,True,224.94364387342813
1515915625540182822,Lost,email_discount,2021-03-07,10,False,
1515915625540182859,Lost,push_cashback,2021-03-11,5,False,
1515915625540186309,At Risk,email_discount,2021-03-17,10,True,218.0619350407848
1515915625540191115,Lost,control,2021-03-24,0,False,
1515915625540196418,Lost,control,2021-03-29,0,False,
1515915625540197343,Lost,control,2021-03-14,0,False,
1515915625540199202,Can't Lose Them,email_discount,2021-03-28,10,False,
1515915625540201793,Lost,push_cashback,2021-03-30,5,True,167.3657432676717
1515915625540202032,Lost,control,2021-03-13,0,False,
1515915625540203749,Lost,email_discount,2021-03-15,10,False,
1515915625540209465,Lost,email_discount,2021-03-22,10,False,
1515915625540209657,Lost,push_cashback,2021-03-28,5,False,
1515915625540211394,Lost,control,2021-03-21,0,False,
1515915625540221918,Lost,email_discount,2021-03-25,10,False,
1515915625540222321,Lost,push_cashback,2021-03-09,5,False,
1515915625540222786,Lost,control,2021-03-03,0,False,
1515915625540223664,Lost,push_cashback,2021-03-25,5,False,
1515915625540228290,Lost,push_cashback,2021-03-13,5,False,
1515915625540236673,Lost,email_discount,2021-03-13,10,False,
1515915625540240687,Lost,email_discount,2021-03-09,10,False,
1515915625540243015,Lost,email_discount,2021-03-18,10,False,
1515915625540244360,Can't Lose Them,push_cashback,2021-03-05,5,False,
1515915625540245832,Lost,email_discount,2021-03-11,10,False,
1515915625540246009,Lost,push_cashback,2021-03-02,5,False,
1515915625540246446,Lost,push_cashback,2021-03-17,5,True,149.0939674321824
1515915625540249237,Lost,email_discount,2021-03-23,10,True,217.33684354625169
1515915625540254676,Lost,control,2021-03-20,0,False,
1515915625540255592,Lost,control,2021-03-21,0,False,
1515915625540256218,Lost,control,2021-03-04,0,False,
1515915625540260567,Lost,push_cashback,2021-03-22,5,False,
1515915625540263371,Lost,push_cashback,2021-03-27,5,False,
1515915625540269903,Lost,push_cashback,2021-03-18,5,False,
1515915625540271188,Lost,email_discount,2021-03-24,10,False,
1515915625540275280,Lost,push_cashback,2021-03-20,5,False,
1515915625540277249,Lost,email_discount,2021-03-08,10,True,177.80639603739178
1515915625540279634,Lost,email_discount,2021-03-19,10,False,
1515915625540286935,At Risk,control,2021-03-12,0,False,
1515915625540287389,Lost,control,2021-03-28,0,False,
1515915625540287994,Lost,control,2021-03-11,0,False,
1515915625540293857,Lost,email_discount,2021-03-16,10,False,
1515915625540298997,Lost,email_discount,2021-03-05,10,False,
1515915625540300098,Lost,email_discount,2021-03-28,10,False,
1515915625540302933,Lost,push_cashback,2021-03-03,5,False,
1515915625540303089,Lost,email_discount,2021-03-12,10,False,
1515915625540305739,Lost,control,2021-03-15,0,False,
1515915625540307034,Can't Lose Them,control,2021-03-16,0,False,
1515915625540311584,Lost,email_discount,2021-03-13,10,False,
1515915625540312781,Lost,email_discount,2021-03-07,10,False,
1515915625540312836,Lost,control,2021-03-15,0,False,
1515915625540316129,Lost,email_discount,2021-03-03,10,False,
1515915625540319024,Lost,control,2021-03-12,0,False,
1515915625540321239,Lost,push_cashback,2021-03-08,5,False,
1515915625540322939,Lost,control,2021-03-25,0,False,
1515915625540324244,Lost,push_cashback,2021-03-29,5,False,
1515915625540325831,Lost,email_discount,2021-03-12,10,True,158.4671331847781
1515915625540326262,Lost,email_discount,2021-03-18,10,False,
1515915625540328224,Lost,push_cashback,2021-03-03,5,False,
1515915625540333333,Lost,email_discount,2021-03-12,10,False,
1515915625540334912,Lost,push_cashback,2021-03-29,5,False,
1515915625540335275,Lost,email_discount,2021-03-23,10,False,
1515915625540338167,Lost,control,2021-03-21,0,False,
1515915625540340127,Lost,email_discount,2021-03-26,10,False,
1515915625540341084,Can't Lose Them,control,2021-03-23,0,False,
1515915625540341895,Lost,control,2021-03-02,0,False,
1515915625540344449,Lost,push_cashback,2021-03-14,5,False,
1515915625540345840,Lost,email_discount,2021-03-14,10,False,
1515915625540347677,Lost,push_cashback,2021-03-04,5,False,
1515915625540350258,Lost,email_discount,2021-03-17,10,False,
1515915625540352020,Lost,control,2021-03-15,0,False,
1515915625540352566,Lost,control,2021-03-16,0,False,
1515915625540353795,Lost,email_discount,2021-03-05,10,False,
1515915625540359375,Lost,email_discount,2021-03-24,10,True,90.5942892070011
1515915625540359533,Lost,push_cashback,2021-03-17,5,False,
1515915625540360380,Lost,email_discount,2021-03-23,10,False,
1515915625540360886,Lost,email_discount,2021-03-07,10,False,
1515915625540364177,Lost,email_discount,2021-03-23,10,True,181.26026112125277
1515915625540365919,Lost,push_cashback,2021-03-15,5,False,
1515915625540367695,Lost,email_discount,2021-03-17,10,False,
1515915625540368578,Lost,control,2021-03-12,0,False,
1515915625540371112,Lost,push_cashback,2021-03-11,5,False,
1515915625540371946,Lost,push_cashback,2021-03-19,5,False,
1515915625540379683,Lost,control,2021-03-11,0,False,
1515915625540381880,Lost,control,2021-03-02,0,False,
1515915625540384535,Lost,control,2021-03-15,0,False,
1515915625540385547,Lost,email_discount,2021-03-05,10,True,234.35018993732587
1515915625540388804,Lost,control,2021-03-18,0,False,
1515915625540389995,Lost,email_discount,2021-03-29,10,False,
1515915625540390014,Lost,push_cashback,2021-03-30,5,False,
1515915625540391682,Lost,push_cashback,2021-03-21,5,False,
1515915625540394503,Lost,control,2021-03-21,0,False,
1515915625540396205,Lost,email_discount,2021-03-16,10,False,
1515915625540396927,Lost,control,2021-03-04,0,False,
1515915625540399427,Lost,control,2021-03-27,0,False,
1515915625540408173,At Risk,email_discount,2021-03-23,10,False,
1515915625540412766,Lost,control,2021-03-10,0,False,
1515915625540417259,Lost,push_cashback,2021-03-22,5,False,
1515915625540418097,Lost,control,2021-03-02,0,False,
1515915625540422375,Can't Lose Them,email_discount,2021-03-15,10,False,
1515915625540427262,Lost,email_discount,2021-03-04,10,False,
1515915625540428176,Can't Lose Them,push_cashback,2021-03-29,5,True,215.37266319580203
1515915625540432984,Lost,email_discount,2021-03-16,10,False,
1515915625540437466,Lost,email_discount,2021-03-30,10,True,187.39754197541913
1515915625540438589,Lost,push_cashback,2021-03-27,5,False,
1515915625540442730,Lost,control,2021-03-07,0,False,
1515915625540446013,Lost,push_cashback,2021-03-25,5,False,
1515915625540448391,Lost,control,2021-03-25,0,False,
1515915625540450252,Lost,push_cashback,2021-03-12,5,True,129.45158597573095
1515915625540451710,Lost,control,2021-03-03,0,False,
1515915625540453020,Lost,push_cashback,2021-03-17,5,False,
1515915625540453500,Lost,control,2021-03-09,0,False,
1515915625540453501,Lost,push_cashback,2021-03-08,5,False,
1515915625540455737,Lost,control,2021-03-23,0,False,
1515915625540456536,Lost,push_cashback,2021-03-06,5,True,201.109754220752
1515915625540458882,Lost,email_discount,2021-03-30,10,False,
1515915625540459319,Lost,control,2021-03-15,0,False,
1515915625540461821,Lost,push_cashback,2021-03-10,5,False,
1515915625540462875,At Risk,control,2021-03-23,0,False,
1515915625540464736,Lost,control,2021-03-27,0,False,
1515915625540466804,Can't Lose Them,push_cashback,2021-03-25,5,False,
1515915625540470412,Lost,control,2021-03-06,0,False,
1515915625540470497,Lost,push_cashback,2021-03-15,5,False,
1515915625540471169,Lost,email_discount,2021-03-30,10,False,
1515915625540476426,Lost,control,2021-03-14,0,False,
1515915625540479992,Lost,email_discount,2021-03-26,10,False,
1515915625540480954,Lost,control,2021-03-19,0,False,
1515915625540482888,Lost,control,2021-03-13,0,False,
1515915625540490356,At Risk,control,2021-03-14,0,False,
1515915625540495202,Lost,push_cashback,2021-03-03,5,False,
1515915625540495491,Lost,email_discount,2021-03-04,10,False,
1515915625540500705,Lost,control,2021-03-26,0,False,
1515915625540501411,Lost,push_cashback,2021-03-29,5,False,
1515915625540503967,Lost,control,2021-03-14,0,False,
1515915625540510133,Lost,push_cashback,2021-03-14,5,False,
1515915625540510683,Lost,control,2021-03-26,0,False,
1515915625540512110,Lost,email_discount,2021-03-08,10,False,
1515915625540513880,Lost,email_discount,2021-03-10,10,False,
1515915625540515970,Lost,control,2021-03-09,0,False,
1515915625540517161,Lost,push_cashback,2021-03-14,5,False,
1515915625540520693,Lost,control,2021-03-08,0,False,
1515915625540521000,Lost,push_cashback,2021-03-11,5,False,
1515915625540523971,Can't Lose Them,control,2021-03-10,0,False,
1515915625540527751,Lost,push_cashback,2021-03-18,5,True,164.38538209413034
1515915625540529839,Lost,email_discount,2021-03-04,10,True,168.54460993730262
1515915625540532791,Can't Lose Them,control,2021-03-04,0,False,
1515915625540532807,Lost,email_discount,2021-03-12,10,False,
1515915625540532940,Lost,email_discount,2021-03-18,10,False,
1515915625540533311,Lost,control,2021-03-29,0,False,
1515915625540535042,Lost,control,2021-03-08,0,False,
1515915625540538180,Lost,push_cashback,2021-03-03,5,False,
1515915625540538576,Lost,push_cashback,2021-03-18,5,False,
1515915625540542529,Lost,email_discount,2021-03-07,10,True,119.48382862403875
1515915625540542930,Lost,push_cashback,2021-03-01,5,True,249.15045907783175
1515915625540542963,Can't Lose Them,push_cashback,2021-03-22,5,True,194.53593796242149
1515915625540547518,Lost,control,2021-03-13,0,False,
1515915625540549192,Lost,push_cashback,2021-03-29,5,False,
1515915625540550569,Lost,email_discount,2021-03-03,10,False,
1515915625540554015,Can't Lose Them,push_cashback,2021-03-29,5,False,
1515915625540555694,Lost,email_discount,2021-03-03,10,False,
1515915625540556936,Lost,control,2021-03-15,0,False,
1515915625540561721,Lost,email_discount,2021-03-21,10,False,
1515915625540565098,Lost,push_cashback,2021-03-30,5,False,
1515915625540567621,Lost,control,2021-03-19,0,False,
1515915625540568900,Lost,push_cashback,2021-03-28,5,False,
1515915625540569994,Lost,control,2021-03-04,0,False,
1515915625540571882,Lost,control,2021-03-13,0,False,
1515915625540572063,Lost,push_cashback,2021-03-13,5,False,
1515915625540576418,Can't Lose Them,push_cashback,2021-03-15,5,False,
1515915625540580309,Lost,control,2021-03-19,0,False,
1515915625540580697,Lost,control,2021-03-16,0,False,
1515915625540581119,Lost,push_cashback,2021-03-07,5,False,
1515915625540587215,Lost,email_discount,2021-03-03,10,False,
1515915625540587475,Lost,push_cashback,2021-03-30,5,False,
1515915625540594307,Lost,control,2021-03-26,0,False,
1515915625540596990,Can't Lose Them,push_cashback,2021-03-20,5,False,
1515915625540597700,Lost,email_discount,2021-03-02,10,False,
1515915625540602608,Lost,push_cashback,2021-03-18,5,False,
1515915625540604549,Lost,control,2021-03-25,0,False,
1515915625540606231,Lost,push_cashback,2021-03-11,5,False,
1515915625540609303,Lost,control,2021-03-01,0,False,
1515915625540611688,Lost,control,2021-03-16,0,False,
1515915625540615157,Lost,push_cashback,2021-03-17,5,False,
1515915625540622937,Lost,control,2021-03-16,0,True,210.542437360045
1515915625540623900,Lost,control,2021-03-10,0,False,
1515915625540625796,Lost,email_discount,2021-03-17,10,False,
1515915625540627736,Lost,email_discount,2021-03-30,10,False,
1515915625540632079,Lost,email_discount,2021-03-03,10,False,
1515915625540635872,Lost,email_discount,2021-03-18,10,False,
1515915625540636674,Lost,control,2021-03-19,0,False,
1515915625540637493,Lost,push_cashback,2021-03-14,5,True,130.48762945567577
1515915625540637706,Lost,control,2021-03-21,0,False,
1515915625540646254,Lost,control,2021-03-25,0,False,
1515915625540647500,Lost,control,2021-03-02,0,False,
1515915625540648755,Lost,push_cashback,2021-03-12,5,False,
1515915625540649717,Lost,email_discount,2021-03-11,10,False,
1515915625540650746,Lost,control,2021-03-30,0,False,
1515915625540655298,Lost,control,2021-03-17,0,False,
1515915625540662458,Lost,email_discount,2021-03-27,10,True,188.5887350369824
1515915625540662816,Lost,control,2021-03-06,0,False,
1515915625540663080,Lost,push_cashback,2021-03-19,5,False,
1515915625540663763,Lost,control,2021-03-13,0,False,
1515915625540672106,Lost,control,2021-03-07,0,False,
1515915625540674585,Lost,email_discount,2021-03-22,10,False,
1515915625540676263,Lost,control,2021-03-11,0,False,
1515915625540681903,Lost,control,2021-03-07,0,False,
1515915625540683741,Lost,push_cashback,2021-03-13,5,False,
1515915625540686234,Lost,email_discount,2021-03-13,10,False,
1515915625540691348,Lost,email_discount,2021-03-21,10,False,
1515915625540694620,Lost,push_cashback,2021-03-01,5,False,
1515915625540695089,Lost,control,2021-03-30,0,False,
1515915625540699840,Lost,email_discount,2021-03-19,10,False,
1515915625540700730,Lost,email_discount,2021-03-19,10,False,
1515915625540701309,Lost,control,2021-03-23,0,False,
1515915625540702012,Lost,control,2021-03-15,0,False,
1515915625540702858,Lost,email_discount,2021-03-14,10,False,
1515915625540707129,Lost,control,2021-03-29,0,False,
1515915625540707204,Lost,email_discount,2021-03-03,10,True,181.33277603182285
1515915625540709438,Lost,control,2021-03-27,0,False,
1515915625540709516,Lost,control,2021-03-21,0,False,
1515915625540709845,Lost,push_cashback,2021-03-20,5,False,
1515915625540712285,Lost,control,2021-03-04,0,False,
1515915625540715537,Lost,push_cashback,2021-03-29,5,False,
1515915625540717976,Lost,control,2021-03-07,0,False,
1515915625540720059,Lost,email_discount,2021-03-01,10,False,
1515915625540720808,Lost,email_discount,2021-03-23,10,True,220.19425749588027
1515915625540732098,Lost,control,2021-03-24,0,False,
1515915625540736897,Can't Lose Them,control,2021-03-19,0,False,
1515915625540738944,Lost,email_discount,2021-03-03,10,False,
1515915625540739174,Lost,control,2021-03-20,0,False,
1515915625540740615,At Risk,push_cashback,2021-03-15,5,False,
1515915625540741278,Lost,push_cashback,2021-03-13,5,False,
1515915625540747506,Lost,push_cashback,2021-03-22,5,True,219.38873824579224
1515915625540749331,Lost,push_cashback,2021-03-14,5,False,
1515915625540752812,Lost,push_cashback,2021-03-07,5,False,
1515915625540754307,Lost,control,2021-03-01,0,False,
1515915625540757987,Lost,control,2021-03-13,0,False,
1515915625540763103,Lost,push_cashback,2021-03-04,5,False,
1515915625540764477,Lost,control,2021-03-12,0,False,
1515915625540767158,Lost,control,2021-03-07,0,True,114.76294491100728
1515915625540767438,Lost,push_cashback,2021-03-27,5,False,
1515915625540768579,Can't Lose Them,control,2021-03-02,0,False,
1515915625540769710,Lost,control,2021-03-17,0,False,
1515915625540775375,Lost,control,2021-03-01,0,False,
1515915625540776521,Lost,push_cashback,2021-03-26,5,False,
1515915625540778732,Lost,control,2021-03-14,0,False,
1515915625540780637,Can't Lose Them,email_discount,2021-03-30,10,False,
1515915625540780879,Lost,email_discount,2021-03-22,10,False,
1515915625540783086,Lost,push_cashback,2021-03-28,5,False,
1515915625540783567,Lost,email_discount,2021-03-21,10,False,
1515915625540784037,Lost,push_cashback,2021-03-01,5,False,
1515915625540784603,Lost,email_discount,2021-03-26,10,False,
1515915625540784954,Lost,email_discount,2021-03-03,10,False,
1515915625540786740,Lost,email_discount,2021-03-11,10,False,
1515915625540786780,Lost,push_cashback,2021-03-07,5,False,
1515915625540796946,Lost,push_cashback,2021-03-28,5,False,
1515915625540797699,Lost,control,2021-03-25,0,False,
1515915625540801921,Lost,push_cashback,2021-03-29,5,False,
1515915625540802123,Lost,email_discount,2021-03-09,10,True,136.63950809076022
1515915625540802704,Lost,email_discount,2021-03-22,10,False,
1515915625540804459,Lost,push_cashback,2021-03-03,5,False,
1515915625540808844,Lost,push_cashback,2021-03-01,5,False,
1515915625540811061,Can't Lose Them,push_cashback,2021-03-19,5,True,190.82951401511622
1515915625540811381,At Risk,control,2021-03-26,0,False,
1515915625540812560,Lost,email_discount,2021-03-02,10,True,162.13867882508987
1515915625540815940,Lost,control,2021-03-27,0,True,209.22471295074033
1515915625540822292,Lost,control,2021-03-21,0,False,
1515915625540822383,Lost,email_discount,2021-03-24,10,False,
1515915625540830771,Lost,email_discount,2021-03-05,10,False,
1515915625540831164,Lost,push_cashback,2021-03-17,5,False,
1515915625540834407,Lost,push_cashback,2021-03-19,5,True,150.0776262247196
1515915625540838897,Lost,control,2021-03-28,0,False,
1515915625540839238,Lost,push_cashback,2021-03-05,5,False,
1515915625540839659,Lost,push_cashback,2021-03-23,5,False,
1515915625540843040,Lost,email_discount,2021-03-21,10,False,
1515915625540844886,Lost,email_discount,2021-03-14,10,False,
1515915625540846246,Lost,push_cashback,2021-03-10,5,False,
1515915625540847959,Lost,email_discount,2021-03-21,10,True,128.80514161962515
1515915625540850833,Lost,push_cashback,2021-03-07,5,True,94.62602044865486
1515915625540851892,Lost,email_discount,2021-03-29,10,False,
1515915625540853163,Lost,email_discount,2021-03-08,10,False,
1515915625540855366,Lost,email_discount,2021-03-30,10,False,
1515915625540857510,Lost,email_discount,2021-03-08,10,False,
1515915625540858118,Lost,push_cashback,2021-03-07,5,True,184.36511680156917
1515915625540858891,Lost,control,2021-03-13,0,False,
1515915625540859088,Lost,email_discount,2021-03-14,10,False,
1515915625540861078,Can't Lose Them,push_cashback,2021-03-19,5,False,
1515915625540863641,Lost,push_cashback,2021-03-11,5,False,
1515915625540864649,Lost,email_discount,2021-03-02,10,False,
1515915625540865175,Can't Lose Them,control,2021-03-17,0,False,
1515915625540866258,Lost,email_discount,2021-03-06,10,False,
1515915625540870128,Lost,push_cashback,2021-03-29,5,False,
1515915625540873696,Lost,control,2021-03-09,0,False,
1515915625540874601,Lost,push_cashback,2021-03-19,5,False,
1515915625540875847,Lost,email_discount,2021-03-05,10,False,
1515915625540875993,Lost,control,2021-03-09,0,False,
1515915625540876175,Lost,push_cashback,2021-03-30,5,False,
1515915625540876952,Lost,push_cashback,2021-03-30,5,False,
1515915625540879952,Lost,push_cashback,2021-03-25,5,False,
1515915625540882651,Lost,email_discount,2021-03-07,10,False,
1515915625540882940,Lost,control,2021-03-30,0,False,
1515915625540883673,Lost,email_discount,2021-03-04,10,False,
1515915625540883898,Can't Lose Them,email_discount,2021-03-27,10,False,
1515915625540883920,Lost,email_discount,2021-03-18,10,False,
1515915625540888370,Lost,control,2021-03-18,0,False,
1515915625540889168,Lost,email_discount,2021-03-20,10,True,207.88927445963387
1515915625540889185,Lost,email_discount,2021-03-17,10,False,
1515915625540894391,Lost,email_discount,2021-03-30,10,True,228.65970840220479
1515915625540895618,Lost,email_discount,2021-03-04,10,False,
1515915625540899205,Lost,push_cashback,2021-03-28,5,False,
1515915625540900376,Can't Lose Them,email_discount,2021-03-30,10,True,199.75431228397062
1515915625540901088,Lost,push_cashback,2021-03-27,5,False,
1515915625540907599,Lost,email_discount,2021-03-22,10,False,
1515915625540908975,Lost,control,2021-03-16,0,False,
1515915625540913260,Lost,push_cashback,2021-03-22,5,True,20.0
1515915625540913884,Lost,push_cashback,2021-03-23,5,False,
1515915625540922876,Lost,push_cashback,2021-03-05,5,False,
1515915625540923753,Lost,push_cashback,2021-03-09,5,True,185.13736431387645
1515915625540925035,Lost,control,2021-03-02,0,False,
1515915625540926368,Lost,email_discount,2021-03-02,10,False,
1515915625540929491,Lost,push_cashback,2021-03-04,5,False,
1515915625540930268,Lost,control,2021-03-20,0,False,
1515915625540937208,Lost,push_cashback,2021-03-20,5,False,
1515915625540937376,Lost,email_discount,2021-03-17,10,False,
1515915625540938748,Can't Lose Them,push_cashback,2021-03-20,5,False,
1515915625540939425,Lost,control,2021-03-28,0,False,
1515915625540939532,Lost,email_discount,2021-03-21,10,False,
1515915625540941254,Lost,control,2021-03-25,0,False,
1515915625540944581,Lost,email_discount,2021-03-19,10,False,
1515915625540951568,Lost,email_discount,2021-03-03,10,False,
1515915625540954005,Lost,email_discount,2021-03-30,10,False,
1515915625540956116,Lost,push_cashback,2021-03-05,5,False,
1515915625540962611,Lost,control,2021-03-10,0,False,
1515915625540971187,Lost,control,2021-03-06,0,True,113.78678649064045
1515915625540972086,Lost,control,2021-03-03,0,False,
1515915625540974541,Lost,email_discount,2021-03-17,10,False,
1515915625540979418,Lost,push_cashback,2021-03-10,5,False,
1515915625540993357,Lost,email_discount,2021-03-24,10,False,
1515915625541000778,Lost,control,2021-03-12,0,False,
1515915625541011788,At Risk,push_cashback,2021-03-01,5,False,
1515915625541012358,Lost,push_cashback,2021-03-18,5,False,
1515915625541018805,Lost,push_cashback,2021-03-19,5,False,
1515915625541027840,Lost,control,2021-03-22,0,False,
1515915625541027844,Lost,push_cashback,2021-03-20,5,False,
1515915625541031163,Lost,push_cashback,2021-03-04,5,False,
1515915625541032620,Lost,email_discount,2021-03-15,10,False,
1515915625541032662,Lost,email_discount,2021-03-09,10,False,
1515915625541038388,Lost,push_cashback,2021-03-06,5,False,
1515915625541045677,Lost,push_cashback,2021-03-12,5,False,
1515915625541050805,Lost,email_discount,2021-03-18,10,True,100.95269008281434
1515915625541051462,Lost,email_discount,2021-03-23,10,False,
1515915625541057292,Lost,email_discount,2021-03-15,10,False,
1515915625541057671,Lost,control,2021-03-29,0,False,
1515915625541057719,Lost,control,2021-03-19,0,False,
1515915625541059890,Lost,email_discount,2021-03-09,10,True,95.53304214853269
1515915625541060779,Lost,push_cashback,2021-03-22,5,False,
1515915625541067229,Lost,email_discount,2021-03-24,10,True,91.39154123111577
1515915625541067929,Lost,control,2021-03-13,0,False,
1515915625541068593,Lost,push_cashback,2021-03-16,5,False,
1515915625541069551,Lost,control,2021-03-13,0,False,
1515915625541071679,Lost,push_cashback,2021-03-01,5,False,
1515915625541072344,Lost,control,2021-03-18,0,False,
1515915625541073076,Lost,push_cashback,2021-03-22,5,False,
1515915625541074481,Can't Lose Them,push_cashback,2021-03-03,5,False,
1515915625541076958,Lost,push_cashback,2021-03-17,5,False,
1515915625541078468,Lost,push_cashback,2021-03-22,5,False,
1515915625541081445,Lost,control,2021-03-05,0,False,
1515915625541087430,Lost,control,2021-03-29,0,False,
1515915625541092580,Lost,push_cashback,2021-03-25,5,False,
1515915625541095800,Lost,push_cashback,2021-03-06,5,True,176.15912407662594
1515915625541096264,Lost,control,2021-03-21,0,False,
1515915625541096939,Lost,push_cashback,2021-03-17,5,False,
1515915625541100303,Lost,push_cashback,2021-03-17,5,False,
1515915625541100873,Lost,push_cashback,2021-03-27,5,False,
1515915625541105413,Lost,email_discount,2021-03-01,10,False,
1515915625541106516,Lost,push_cashback,2021-03-07,5,False,
1515915625541149664,Lost,email_discount,2021-03-22,10,False,
1515915625541151434,Lost,push_cashback,2021-03-30,5,False,
1515915625541162799,Lost,control,2021-03-16,0,False,
1515915625541163299,Lost,email_discount,2021-03-05,10,False,
1515915625541166729,Lost,email_discount,2021-03-16,10,False,
1515915625541166732,Lost,push_cashback,2021-03-04,5,False,
1515915625541167725,Lost,push_cashback,2021-03-11,5,False,
1515915625541173995,Lost,email_discount,2021-03-14,10,False,
1515915625541175191,Lost,control,2021-03-29,0,False,
1515915625541175241,Lost,control,2021-03-13,0,False,
1515915625541175449,Lost,push_cashback,2021-03-27,5,False,
1515915625541176684,Lost,control,2021-03-24,0,False,
1515915625541179697,Lost,control,2021-03-27,0,False,
1515915625541181453,Lost,push_cashback,2021-03-08,5,False,
1515915625541184053,Lost,control,2021-03-21,0,False,
1515915625541185154,Lost,push_cashback,2021-03-20,5,False,
1515915625541187531,Lost,email_discount,2021-03-15,10,False,
1515915625541188486,Lost,push_cashback,2021-03-18,5,False,
1515915625541190915,Lost,email_discount,2021-03-07,10,False,
1515915625541190924,Lost,email_discount,2021-03-21,10,True,152.09670915886818
1515915625541203995,Lost,control,2021-03-19,0,False,
1515915625541204917,Lost,control,2021-03-25,0,False,
1515915625541205842,Lost,control,2021-03-09,0,False,
1515915625541206580,Lost,push_cashback,2021-03-11,5,False,
1515915625541208444,Can't Lose Them,control,2021-03-27,0,False,
1515915625541208502,Lost,email_discount,2021-03-10,10,False,
1515915625541210504,Lost,control,2021-03-14,0,False,
1515915625541219808,Lost,control,2021-03-16,0,False,
1515915625541220138,At Risk,push_cashback,2021-03-27,5,False,
1515915625541220439,Lost,push_cashback,2021-03-08,5,False,
1515915625541221325,Lost,email_discount,2021-03-01,10,False,
1515915625541225672,Lost,push_cashback,2021-03-12,5,True,104.23578835029744
1515915625541228313,Lost,control,2021-03-03,0,False,
1515915625541228662,Lost,push_cashback,2021-03-02,5,True,165.9233022280962
1515915625541236205,Lost,email_discount,2021-03-16,10,False,
1515915625541237454,Lost,control,2021-03-04,0,False,
1515915625541238160,Lost,email_discount,2021-03-02,10,False,
1515915625541242672,Can't Lose Them,push_cashback,2021-03-12,5,False,
1515915625541265766,Lost,push_cashback,2021-03-27,5,False,
1515915625541267139,Lost,email_discount,2021-03-24,10,False,
1515915625541269382,Lost,control,2021-03-17,0,False,
1515915625541269416,Lost,push_cashback,2021-03-20,5,False,
1515915625541269681,Lost,push_cashback,2021-03-21,5,False,
1515915625541274095,Lost,control,2021-03-30,0,False,
1515915625541274640,Lost,push_cashback,2021-03-10,5,False,
1515915625541287143,Lost,email_discount,2021-03-20,10,False,
1515915625541288282,Lost,push_cashback,2021-03-08,5,False,
1515915625541293398,Lost,push_cashback,2021-03-18,5,False,
1515915625541294425,Lost,control,2021-03-25,0,False,
1515915625541299693,Lost,email_discount,2021-03-18,10,True,135.23300489390198
1515915625541301840,Lost,control,2021-03-18,0,False,
1515915625541308836,Lost,push_cashback,2021-03-29,5,False,
1515915625541311169,Lost,push_cashback,2021-03-02,5,False,
1515915625541320789,Lost,control,2021-03-12,0,False,
1515915625541320937,Lost,control,2021-03-10,0,False,
1515915625541322942,Lost,control,2021-03-08,0,False,
1515915625541326679,Lost,email_discount,2021-03-19,10,False,
1515915625541329690,Lost,push_cashback,2021-03-10,5,False,
1515915625541330714,Lost,control,2021-03-11,0,False,
1515915625541332046,Lost,push_cashback,2021-03-14,5,False,
1515915625541335838,Lost,email_discount,2021-03-26,10,False,
1515915625541337854,Lost,email_discount,2021-03-15,10,True,229.14819157454212
1515915625541339907,Lost,email_discount,2021-03-30,10,False,
1515915625541351056,Lost,email_discount,2021-03-24,10,False,
1515915625541357201,Lost,push_cashback,2021-03-23,5,False,
1515915625541362903,Lost,email_discount,2021-03-10,10,False,
1515915625541363759,Lost,email_discount,2021-03-04,10,True,250.2598718225169
1515915625541365976,Lost,control,2021-03-07,0,False,
1515915625541372833,Can't Lose Them,email_discount,2021-03-11,10,False,
1515915625541381000,Lost,control,2021-03-24,0,False,
1515915625541381839,Lost,email_discount,2021-03-22,10,False,
1515915625541385641,Lost,email_discount,2021-03-22,10,False,
1515915625541389298,Lost,control,2021-03-03,0,False,
1515915625541392290,Lost,email_discount,2021-03-05,10,True,175.2078993899309
1515915625541393113,Lost,push_cashback,2021-03-26,5,False,
1515915625541394355,Lost,push_cashback,2021-03-02,5,False,
1515915625541394559,At Risk,email_discount,2021-03-12,10,True,246.97734739288106
1515915625541398785,Can't Lose Them,push_cashback,2021-03-21,5,True,220.0236304260963
1515915625541399907,Lost,control,2021-03-05,0,False,
1515915625541400518,Lost,email_discount,2021-03-07,10,False,
1515915625541402007,Lost,email_discount,2021-03-04,10,False,
1515915625541408116,Lost,control,2021-03-30,0,False,
1515915625541410624,Lost,control,2021-03-11,0,False,
1515915625541414365,Lost,control,2021-03-22,0,False,
1515915625541421946,Lost,email_discount,2021-03-09,10,False,
1515915625541424779,Lost,control,2021-03-04,0,False,
1515915625541425023,Lost,control,2021-03-27,0,False,
1515915625541428402,Can't Lose Them,push_cashback,2021-03-30,5,False,
1515915625541429198,Lost,push_cashback,2021-03-22,5,False,
1515915625541431538,Lost,email_discount,2021-03-29,10,False,
1515915625541431628,Lost,push_cashback,2021-03-28,5,False,
1515915625541433434,Lost,push_cashback,2021-03-09,5,False,
1515915625541438192,Lost,control,2021-03-26,0,False,
1515915625541439086,Can't Lose Them,control,2021-03-12,0,False,
1515915625541443845,Can't Lose Them,push_cashback,2021-03-16,5,False,
1515915625541447216,Lost,push_cashback,2021-03-01,5,False,
1515915625541449489,Lost,push_cashback,2021-03-08,5,False,
1515915625541459454,Lost,email_discount,2021-03-01,10,False,
1515915625541462065,Lost,email_discount,2021-03-20,10,False,
1515915625541474004,Lost,email_discount,2021-03-19,10,False,
1515915625541481392,Lost,push_cashback,2021-03-04,5,False,
1515915625541484620,Lost,push_cashback,2021-03-14,5,False,
1515915625541487194,Lost,email_discount,2021-03-23,10,False,
1515915625541491380,Lost,email_discount,2021-03-29,10,False,
1515915625541492248,Lost,push_cashback,2021-03-14,5,False,
1515915625541492719,Lost,control,2021-03-09,0,False,
1515915625541496662,Lost,email_discount,2021-03-09,10,False,
1515915625541498707,Lost,push_cashback,2021-03-26,5,False,
1515915625541499658,Can't Lose Them,push_cashback,2021-03-17,5,True,168.38430974851778
1515915625541506967,Lost,control,2021-03-15,0,False,
1515915625541510003,Lost,push_cashback,2021-03-10,5,False,
1515915625541515822,Lost,push_cashback,2021-03-17,5,False,
1515915625541516571,Can't Lose Them,email_discount,2021-03-09,10,True,263.0054059972161
1515915625541520973,Lost,email_discount,2021-03-04,10,True,157.02520977286173
1515915625541521998,Lost,control,2021-03-28,0,False,
1515915625541523582,Lost,control,2021-03-29,0,False,
1515915625541524032,Lost,push_cashback,2021-03-14,5,False,
1515915625541526962,Lost,email_discount,2021-03-03,10,False,
1515915625541528423,Lost,control,2021-03-29,0,False,
1515915625541528664,Lost,control,2021-03-25,0,False,
1515915625541530086,Lost,control,2021-03-21,0,False,
1515915625541531482,Lost,push_cashback,2021-03-12,5,False,
1515915625541531905,Lost,email_discount,2021-03-22,10,True,97.01351784087926
1515915625541532596,Lost,control,2021-03-01,0,False,
1515915625541533744,At Risk,email_discount,2021-03-01,10,False,
1515915625541535479,Lost,control,2021-03-13,0,False,
1515915625541538863,Lost,control,2021-03-14,0,False,
1515915625541547862,Can't Lose Them,email_discount,2021-03-16,10,False,
1515915625541550440,Lost,email_discount,2021-03-07,10,False,
1515915625541558236,Lost,email_discount,2021-03-10,10,False,
1515915625541561693,Lost,push_cashback,2021-03-15,5,False,
1515915625541561802,Lost,control,2021-03-08,0,False,
1515915625541562023,Lost,push_cashback,2021-03-11,5,False,
1515915625541562513,Lost,email_discount,2021-03-24,10,False,
1515915625541563860,Can't Lose Them,control,2021-03-14,0,False,
1515915625541575098,Lost,push_cashback,2021-03-13,5,False,
1515915625541575271,Lost,control,2021-03-23,0,False,
1515915625541576403,Lost,push_cashback,2021-03-13,5,False,
1515915625541577492,Lost,email_discount,2021-03-27,10,True,115.05298643943796
1515915625541577925,Lost,push_cashback,2021-03-09,5,False,
1515915625541586476,Lost,control,2021-03-17,0,False,
1515915625541591187,Lost,control,2021-03-18,0,False,
1515915625541595838,Lost,control,2021-03-29,0,False,
1515915625541598328,Lost,control,2021-03-19,0,False,
1515915625541601291,Lost,email_discount,2021-03-13,10,True,154.954190538805
1515915625541605509,Lost,push_cashback,2021-03-12,5,False,
1515915625541605979,Lost,email_discount,2021-03-29,10,False,
1515915625541611531,Can't Lose Them,email_discount,2021-03-21,10,False,
1515915625541614762,Lost,email_discount,2021-03-20,10,True,209.04359223785747
1515915625541618951,Lost,control,2021-03-20,0,False,
1515915625541621101,Lost,control,2021-03-08,0,False,
1515915625541625076,Lost,control,2021-03-24,0,False,
1515915625541629379,Lost,push_cashback,2021-03-11,5,False,
1515915625541630463,Lost,control,2021-03-07,0,False,
1515915625541632110,Lost,push_cashback,2021-03-01,5,False,
1515915625541632604,Lost,control,2021-03-10,0,False,
1515915625541633959,Lost,control,2021-03-15,0,False,
1515915625541635105,Lost,email_discount,2021-03-04,10,False,
1515915625541636396,Lost,email_discount,2021-03-01,10,False,
1515915625541642696,Lost,email_discount,2021-03-11,10,False,
1515915625541646109,Lost,push_cashback,2021-03-30,5,False,
1515915625541647796,Lost,push_cashback,2021-03-05,5,False,
1515915625541650540,Lost,control,2021-03-19,0,False,
1515915625541651179,Lost,push_cashback,2021-03-19,5,True,118.80708529094872
1515915625541655631,Lost,control,2021-03-04,0,False,
1515915625541657438,Lost,push_cashback,2021-03-02,5,True,137.96796586286018
1515915625541660907,Lost,push_cashback,2021-03-07,5,False,
1515915625541663849,Lost,push_cashback,2021-03-28,5,False,
1515915625541667333,Lost,email_discount,2021-03-13,10,False,
1515915625541670867,Lost,push_cashback,2021-03-20,5,False,
1515915625541671454,Lost,email_discount,2021-03-21,10,False,
1515915625541671723,Lost,email_discount,2021-03-12,10,False,
1515915625541676252,Lost,push_cashback,2021-03-30,5,False,
1515915625541678016,Lost,control,2021-03-02,0,False,
1515915625541682108,Lost,control,2021-03-22,0,False,
1515915625541688251,Lost,control,2021-03-09,0,False,
1515915625541689703,Can't Lose Them,push_cashback,2021-03-16,5,True,115.02094045832396
1515915625541694471,Lost,control,2021-03-08,0,False,
1515915625541699612,Lost,email_discount,2021-03-24,10,False,
1515915625541701015,Lost,control,2021-03-18,0,False,
1515915625541707102,Lost,push_cashback,2021-03-04,5,False,
1515915625541709276,Lost,control,2021-03-24,0,False,
1515915625541709758,Lost,email_discount,2021-03-11,10,True,155.6194106669698
1515915625541722760,Lost,push_cashback,2021-03-17,5,False,
1515915625541728654,Lost,control,2021-03-08,0,False,
1515915625541735713,Lost,push_cashback,2021-03-19,5,False,
1515915625541735876,Lost,push_cashback,2021-03-08,5,False,
1515915625541743488,Lost,push_cashback,2021-03-06,5,False,
1515915625541750841,Lost,control,2021-03-23,0,False,
1515915625541756384,Lost,push_cashback,2021-03-02,5,True,218.70837755776378
1515915625541757307,Lost,control,2021-03-15,0,False,
1515915625541760407,Lost,email_discount,2021-03-01,10,True,201.09091508731856
1515915625541761557,Lost,control,2021-03-06,0,False,
1515915625541762420,Lost,email_discount,2021-03-28,10,True,159.0354830033525
1515915625541763165,Lost,control,2021-03-19,0,False,
1515915625541765404,Lost,push_cashback,2021-03-04,5,False,
1515915625541766685,Lost,control,2021-03-13,0,False,
1515915625541767798,Lost,push_cashback,2021-03-15,5,False,
1515915625541769677,Lost,email_discount,2021-03-09,10,False,
1515915625541773440,Lost,control,2021-03-03,0,False,
1515915625541774442,Lost,push_cashback,2021-03-02,5,False,
1515915625541779938,Lost,email_discount,2021-03-16,10,False,
1515915625541780691,Lost,email_discount,2021-03-18,10,False,
1515915625541784276,Lost,control,2021-03-18,0,False,
1515915625541788927,Lost,email_discount,2021-03-06,10,False,
1515915625541789553,Lost,push_cashback,2021-03-18,5,False,
1515915625541793937,Lost,email_discount,2021-03-11,10,False,
1515915625541794431,Lost,email_discount,2021-03-07,10,False,
1515915625541795174,Lost,push_cashback,2021-03-23,5,False,
1515915625541796241,Lost,email_discount,2021-03-23,10,False,
1515915625541801413,Lost,email_discount,2021-03-14,10,True,239.9212005434025
1515915625541802502,Lost,email_discount,2021-03-29,10,False,
1515915625541805059,Lost,email_discount,2021-03-18,10,False,
1515915625541805400,Lost,push_cashback,2021-03-07,5,False,
1515915625541818526,Lost,email_discount,2021-03-10,10,False,
1515915625541819158,Lost,push_cashback,2021-03-08,5,False,
1515915625541827997,Lost,email_discount,2021-03-24,10,False,
1515915625541829782,Can't Lose Them,email_discount,2021-03-14,10,False,
1515915625541830834,Lost,email_discount,2021-03-18,10,False,
1515915625541831747,Lost,email_discount,2021-03-05,10,False,
1515915625541832127,Lost,push_cashback,2021-03-14,5,False,
1515915625541833970,Lost,push_cashback,2021-03-22,5,False,
1515915625541839481,Lost,push_cashback,2021-03-25,5,False,
1515915625541845482,Lost,control,2021-03-22,0,False,
1515915625541848415,Lost,email_discount,2021-03-26,10,False,
1515915625541852613,Lost,email_discount,2021-03-22,10,False,
1515915625541853400,Lost,push_cashback,2021-03-10,5,False,
1515915625541858986,Lost,control,2021-03-26,0,False,
1515915625541859360,Lost,email_discount,2021-03-15,10,False,
1515915625541860632,Lost,push_cashback,2021-03-06,5,False,
1515915625541862753,Lost,email_discount,2021-03-09,10,False,
1515915625541867800,Lost,email_discount,2021-03-10,10,False,
1515915625541872217,Lost,push_cashback,2021-03-23,5,False,
1515915625541874158,Lost,push_cashback,2021-03-17,5,False,
1515915625541878961,Lost,email_discount,2021-03-01,10,False,
1515915625541887886,Lost,email_discount,2021-03-14,10,True,186.15493570989105
1515915625541890012,Lost,push_cashback,2021-03-04,5,False,
1515915625541891532,Lost,email_discount,2021-03-28,10,False,
1515915625541892751,Lost,email_discount,2021-03-02,10,False,
1515915625541897112,Lost,push_cashback,2021-03-03,5,False,
1515915625541902410,Lost,email_discount,2021-03-28,10,False,
1515915625541906307,Lost,email_discount,2021-03-07,10,False,
1515915625541907029,Lost,control,2021-03-30,0,False,
1515915625541907966,Lost,push_cashback,2021-03-23,5,False,
1515915625541911598,Lost,control,2021-03-14,0,False,
1515915625541912691,Can't Lose Them,control,2021-03-12,0,False,
1515915625541912940,Lost,control,2021-03-19,0,False,
1515915625541913979,Lost,email_discount,2021-03-29,10,True,191.0144975475311
1515915625541918892,Lost,email_discount,2021-03-18,10,False,
1515915625541932094,Lost,control,2021-03-15,0,False,
1515915625541936244,Lost,control,2021-03-29,0,False,
1515915625541940708,Lost,control,2021-03-29,0,False,
1515915625541942016,Lost,email_discount,2021-03-01,10,False,
1515915625541942632,Lost,control,2021-03-25,0,False,
1515915625541942695,Lost,control,2021-03-26,0,False,
1515915625541943262,Lost,push_cashback,2021-03-03,5,False,
1515915625541944525,Lost,push_cashback,2021-03-25,5,False,
1515915625541944950,Lost,email_discount,2021-03-15,10,True,236.42488700003986
1515915625541945712,Lost,push_cashback,2021-03-04,5,False,
1515915625541947961,Lost,push_cashback,2021-03-15,5,False,
1515915625541963199,Lost,push_cashback,2021-03-10,5,False,
1515915625541967869,Lost,email_discount,2021-03-06,10,True,169.58204915685292
1515915625541971572,Lost,push_cashback,2021-03-13,5,False,
1515915625541974451,Lost,email_discount,2021-03-07,10,False,
1515915625541977476,Lost,control,2021-03-26,0,True,213.48209944473714
1515915625541981546,Lost,push_cashback,2021-03-30,5,False,
1515915625541983145,Lost,email_discount,2021-03-22,10,False,
1515915625541993780,Lost,push_cashback,2021-03-01,5,False,
1515915625541994036,Lost,control,2021-03-22,0,False,
1515915625541995939,Lost,email_discount,2021-03-11,10,False,
1515915625541997842,Lost,email_discount,2021-03-14,10,False,
1515915625542002032,Lost,email_discount,2021-03-06,10,False,
1515915625542006043,Lost,control,2021-03-05,0,False,
1515915625542011918,Lost,control,2021-03-19,0,False,
1515915625542012495,Lost,control,2021-03-26,0,False,
1515915625542016802,Lost,email_discount,2021-03-19,10,True,223.02178887945132
1515915625542019846,Lost,control,2021-03-27,0,False,
1515915625542022710,Lost,push_cashback,2021-03-26,5,False,
1515915625542025014,Lost,control,2021-03-13,0,False,
1515915625542029127,Lost,email_discount,2021-03-07,10,False,
1515915625542036896,Lost,push_cashback,2021-03-08,5,True,159.17820105440916
1515915625542038808,Lost,control,2021-03-14,0,False,
1515915625542039827,Lost,push_cashback,2021-03-19,5,False,
1515915625542043631,Lost,push_cashback,2021-03-19,5,False,
1515915625542045430,Lost,email_discount,2021-03-23,10,False,
1515915625542047693,Lost,push_cashback,2021-03-26,5,False,
1515915625542058734,Lost,push_cashback,2021-03-12,5,False,
1515915625542060902,Lost,email_discount,2021-03-23,10,False,
1515915625542068782,Lost,email_discount,2021-03-27,10,False,
1515915625542075608,Lost,email_discount,2021-03-09,10,False,
1515915625542080671,Lost,push_cashback,2021-03-14,5,False,
1515915625542081163,Lost,push_cashback,2021-03-06,5,False,
1515915625542085470,Lost,push_cashback,2021-03-15,5,False,
1515915625542085490,At Risk,email_discount,2021-03-13,10,False,
1515915625542085566,Lost,control,2021-03-07,0,False,
1515915625542086417,Lost,push_cashback,2021-03-11,5,False,
1515915625542086538,Lost,control,2021-03-10,0,False,
1515915625542093913,Lost,email_discount,2021-03-01,10,False,
1515915625542094608,Lost,push_cashback,2021-03-07,5,False,
1515915625542095757,Lost,control,2021-03-18,0,False,
1515915625542097130,Lost,push_cashback,2021-03-23,5,False,
1515915625542108882,Lost,push_cashback,2021-03-03,5,False,
1515915625542130633,Lost,push_cashback,2021-03-09,5,False,
1515915625542130855,Lost,control,2021-03-29,0,False,
1515915625542131777,Lost,email_discount,2021-03-05,10,True,122.17130077793514
1515915625542132021,Lost,push_cashback,2021-03-23,5,False,
1515915625542134161,Lost,email_discount,2021-03-24,10,False,
1515915625542137186,Lost,email_discount,2021-03-13,10,False,
1515915625542137470,Lost,control,2021-03-16,0,False,
1515915625542138638,Lost,control,2021-03-16,0,False,
1515915625542148714,Can't Lose Them,email_discount,2021-03-12,10,False,
1515915625542152381,Lost,push_cashback,2021-03-18,5,True,165.50767056450835
1515915625542155424,Lost,control,2021-03-11,0,False,
1515915625542155705,Lost,push_cashback,2021-03-17,5,False,
1515915625542167557,Lost,push_cashback,2021-03-07,5,False,
1515915625542168079,Lost,push_cashback,2021-03-15,5,False,
1515915625542168707,Lost,email_discount,2021-03-06,10,False,
1515915625542169185,Lost,push_cashback,2021-03-06,5,False,
1515915625542169582,Lost,email_discount,2021-03-18,10,False,
1515915625542176851,At Risk,email_discount,2021-03-19,10,False,
1515915625542178275,At Risk,push_cashback,2021-03-20,5,False,
1515915625542181181,Can't Lose Them,push_cashback,2021-03-19,5,False,
1515915625542185638,Lost,push_cashback,2021-03-02,5,True,210.4901298656673
1515915625542188219,Lost,push_cashback,2021-03-03,5,True,197.79072277901952
1515915625542193070,Lost,email_discount,2021-03-14,10,False,
1515915625542199632,Can't Lose Them,push_cashback,2021-03-22,5,False,
1515915625542199931,Lost,push_cashback,2021-03-25,5,True,233.41001564469255
1515915625542202242,Lost,email_discount,2021-03-04,10,False,
1515915625542202339,Lost,control,2021-03-22,0,False,
1515915625542203305,Lost,control,2021-03-17,0,False,
1515915625542204087,Lost,email_discount,2021-03-28,10,False,
1515915625542211197,Lost,control,2021-03-06,0,False,
1515915625542213993,Lost,email_discount,2021-03-28,10,False,
1515915625542218802,Lost,push_cashback,2021-03-19,5,False,
1515915625542227576,Lost,push_cashback,2021-03-09,5,False,
1515915625542238179,Lost,control,2021-03-04,0,False,
1515915625542239978,Lost,push_cashback,2021-03-07,5,False,
1515915625542242151,Lost,control,2021-03-04,0,False,
1515915625542246073,Lost,control,2021-03-11,0,False,
1515915625542251202,Lost,push_cashback,2021-03-22,5,True,145.3839917370735
1515915625542255004,Lost,push_cashback,2021-03-30,5,False,
1515915625542260286,Lost,control,2021-03-23,0,False,
1515915625542267955,Lost,push_cashback,2021-03-02,5,False,
1515915625542268496,Lost,email_discount,2021-03-10,10,False,
1515915625542275693,Lost,push_cashback,2021-03-06,5,True,196.17201890928942
1515915625542276313,Lost,push_cashback,2021-03-08,5,False,
1515915625542280977,Lost,email_discount,2021-03-15,10,False,
1515915625542283207,Lost,push_cashback,2021-03-13,5,False,
1515915625542284265,Lost,push_cashback,2021-03-29,5,False,
1515915625542286271,Lost,control,2021-03-28,0,True,132.7359143388063
1515915625542286421,Lost,push_cashback,2021-03-22,5,False,
1515915625542286641,Lost,push_cashback,2021-03-02,5,True,173.0633584256145
1515915625542288482,Lost,email_discount,2021-03-20,10,False,
1515915625542288966,Lost,control,2021-03-01,0,False,
1515915625542291897,Lost,control,2021-03-15,0,False,
1515915625542294620,Lost,control,2021-03-07,0,False,
1515915625542295273,Lost,push_cashback,2021-03-24,5,False,
1515915625542301252,At Risk,control,2021-03-26,0,False,
1515915625542305368,Lost,email_discount,2021-03-18,10,False,
1515915625542305724,Lost,control,2021-03-10,0,False,
1515915625542305862,Lost,email_discount,2021-03-15,10,False,
1515915625542311382,Lost,control,2021-03-05,0,False,
1515915625542313016,Can't Lose Them,control,2021-03-27,0,False,
1515915625542313057,Lost,email_discount,2021-03-24,10,True,234.7435582346742
1515915625542313469,Lost,control,2021-03-11,0,False,
1515915625542319142,Lost,control,2021-03-08,0,False,
1515915625542320561,Lost,control,2021-03-21,0,True,213.06983267084377
1515915625542321271,Lost,push_cashback,2021-03-08,5,False,
1515915625542321631,Lost,email_discount,2021-03-30,10,False,
1515915625542322770,Lost,control,2021-03-06,0,False,
1515915625542323624,Lost,email_discount,2021-03-15,10,True,189.63828688658396
1515915625542325635,Lost,email_discount,2021-03-15,10,False,
1515915625542327685,Lost,email_discount,2021-03-05,10,False,
1515915625542331430,Lost,control,2021-03-13,0,False,
1515915625542333628,Lost,control,2021-03-14,0,False,
1515915625542334073,Lost,email_discount,2021-03-11,10,False,
1515915625542338562,Lost,push_cashback,2021-03-20,5,False,
1515915625542339739,Lost,email_discount,2021-03-21,10,False,
1515915625542340090,Lost,push_cashback,2021-03-12,5,False,
1515915625542340485,Lost,email_discount,2021-03-20,10,False,
1515915625542344152,Lost,email_discount,2021-03-01,10,False,
1515915625542351428,Lost,email_discount,2021-03-03,10,False,
1515915625542357357,Lost,control,2021-03-08,0,False,
1515915625542367516,Lost,push_cashback,2021-03-23,5,False,
1515915625542370793,Lost,push_cashback,2021-03-12,5,False,
1515915625542374393,Lost,email_discount,2021-03-15,10,False,
1515915625542379807,Lost,control,2021-03-23,0,False,
1515915625542381776,Lost,control,2021-03-27,0,True,163.7418091724258
1515915625542382199,Lost,push_cashback,2021-03-03,5,True,125.20676034522904
1515915625542388142,Lost,control,2021-03-25,0,False,
1515915625542389384,Lost,push_cashback,2021-03-22,5,False,
1515915625542396901,Lost,push_cashback,2021-03-08,5,False,
1515915625542398045,Can't Lose Them,push_cashback,2021-03-24,5,False,
1515915625542398381,Lost,control,2021-03-19,0,False,
1515915625542402354,Lost,push_cashback,2021-03-20,5,False,
1515915625542403011,Lost,push_cashback,2021-03-30,5,True,155.9690690913679
1515915625542408043,Lost,email_discount,2021-03-06,10,True,126.04082713075712
1515915625542411660,Lost,push_cashback,2021-03-18,5,False,
1515915625542412420,Lost,push_cashback,2021-03-28,5,False,
1515915625542415188,Lost,email_discount,2021-03-28,10,False,
1515915625542415711,Lost,email_discount,2021-03-11,10,False,
1515915625542416957,Lost,control,2021-03-12,0,False,
1515915625542425198,Lost,push_cashback,2021-03-23,5,False,
1515915625542431863,Lost,control,2021-03-02,0,False,
1515915625542433660,Lost,control,2021-03-27,0,False,
1515915625542438949,Lost,email_discount,2021-03-05,10,False,
1515915625542445210,Lost,control,2021-03-28,0,False,
1515915625542447488,At Risk,push_cashback,2021-03-04,5,False,
1515915625542451923,Lost,email_discount,2021-03-09,10,True,169.55626782810103
1515915625542461360,Lost,push_cashback,2021-03-13,5,False,
1515915625542461931,Lost,push_cashback,2021-03-13,5,False,
1515915625542462036,Lost,email_discount,2021-03-15,10,False,
1515915625542463801,Lost,push_cashback,2021-03-02,5,False,
1515915625542463980,Lost,email_discount,2021-03-23,10,False,
1515915625542468034,Lost,push_cashback,2021-03-13,5,False,
1515915625542470286,Lost,email_discount,2021-03-07,10,False,
1515915625542474145,Lost,control,2021-03-23,0,False,
1515915625542476393,Lost,push_cashback,2021-03-17,5,False,
1515915625542477007,Lost,email_discount,2021-03-08,10,False,
1515915625542477787,At Risk,push_cashback,2021-03-18,5,True,92.75107138640413
1515915625542488154,Lost,push_cashback,2021-03-15,5,False,
1515915625542492747,Lost,push_cashback,2021-03-15,5,False,
1515915625542493444,Lost,email_discount,2021-03-05,10,False,
1515915625542502560,At Risk,control,2021-03-02,0,False,
1515915625542504660,Lost,control,2021-03-16,0,False,
1515915625542512718,Lost,control,2021-03-29,0,False,
1515915625542516354,Lost,email_discount,2021-03-05,10,False,
1515915625542522586,Lost,control,2021-03-23,0,False,
1515915625542522746,Lost,email_discount,2021-03-06,10,False,
1515915625542523675,Lost,push_cashback,2021-03-29,5,False,
1515915625542526010,Lost,push_cashback,2021-03-12,5,False,
1515915625542527377,Lost,control,2021-03-05,0,False,
1515915625542529321,Lost,email_discount,2021-03-20,10,False,
1515915625542534854,Lost,push_cashback,2021-03-08,5,False,
1515915625542535600,Lost,email_discount,2021-03-11,10,False,
1515915625542537249,Lost,email_discount,2021-03-14,10,False,
1515915625542537874,Lost,push_cashback,2021-03-24,5,False,
1515915625542544988,Lost,email_discount,2021-03-17,10,False,
1515915625542545099,Lost,push_cashback,2021-03-10,5,False,
1515915625542550098,Lost,push_cashback,2021-03-02,5,False,
1515915625542554637,Lost,push_cashback,2021-03-03,5,False,
1515915625542570499,Lost,email_discount,2021-03-13,10,False,
1515915625542570605,Lost,push_cashback,2021-03-17,5,False,
1515915625542573741,Lost,email_discount,2021-03-27,10,True,125.65997473871036
1515915625542591156,Lost,push_cashback,2021-03-03,5,False,
1515915625542604174,Lost,push_cashback,2021-03-10,5,False,
1515915625542605229,Lost,control,2021-03-28,0,False,
1515915625542616640,Lost,control,2021-03-08,0,True,210.81784782338454
1515915625542620770,Lost,control,2021-03-04,0,False,
1515915625542621023,Lost,email_discount,2021-03-13,10,False,
1515915625542621191,Lost,email_discount,2021-03-29,10,False,
1515915625542629471,Lost,push_cashback,2021-03-07,5,False,
1515915625542631348,Lost,push_cashback,2021-03-07,5,False,
1515915625542631590,Lost,push_cashback,2021-03-16,5,False,
1515915625542631813,Lost,push_cashback,2021-03-27,5,False,
1515915625542635351,Lost,email_discount,2021-03-05,10,True,218.36273411758947
1515915625542643770,Lost,push_cashback,2021-03-28,5,False,
1515915625542652609,Lost,push_cashback,2021-03-17,5,False,
1515915625542653113,Lost,control,2021-03-10,0,False,
1515915625542655560,Lost,push_cashback,2021-03-04,5,True,153.44608645072122
1515915625542657318,Lost,push_cashback,2021-03-23,5,False,
1515915625542663429,Lost,push_cashback,2021-03-14,5,False,
1515915625542663478,Lost,email_discount,2021-03-05,10,False,
1515915625542667352,Lost,control,2021-03-02,0,False,
1515915625542667466,Lost,push_cashback,2021-03-14,5,False,
1515915625542675218,Lost,push_cashback,2021-03-24,5,False,
1515915625542681946,Lost,control,2021-03-18,0,False,
1515915625542682234,Lost,push_cashback,2021-03-27,5,False,
1515915625542684933,Lost,email_discount,2021-03-24,10,False,
1515915625542685460,Lost,push_cashback,2021-03-29,5,False,
1515915625542685947,Lost,email_discount,2021-03-11,10,False,
1515915625542705253,Lost,email_discount,2021-03-16,10,True,187.91459553288342
1515915625542732276,Lost,push_cashback,2021-03-18,5,False,
1515915625542738345,Lost,control,2021-03-27,0,False,
1515915625542746309,Lost,email_discount,2021-03-16,10,True,193.9503052557129
1515915625542753209,Lost,control,2021-03-21,0,False,
1515915625542754276,Lost,push_cashback,2021-03-04,5,False,
1515915625542756887,Lost,email_discount,2021-03-01,10,False,
1515915625542759157,Lost,push_cashback,2021-03-14,5,False,
1515915625542765570,Lost,control,2021-03-12,0,False,
1515915625542775102,Lost,push_cashback,2021-03-24,5,False,
1515915625542778271,Lost,push_cashback,2021-03-10,5,False,
1515915625542778672,Lost,email_discount,2021-03-28,10,False,
1515915625542779925,Lost,push_cashback,2021-03-19,5,True,183.41313560044728
1515915625542781089,Lost,push_cashback,2021-03-29,5,True,179.13266829006773
1515915625542782723,At Risk,push_cashback,2021-03-04,5,False,
1515915625542787175,Lost,email_discount,2021-03-20,10,True,124.84508547761386
1515915625542788259,Lost,control,2021-03-21,0,True,72.39048788234395
1515915625542790107,Lost,control,2021-03-03,0,False,
1515915625542790593,Lost,push_cashback,2021-03-25,5,False,
1515915625542796295,Lost,email_discount,2021-03-04,10,False,
1515915625542797002,Lost,push_cashback,2021-03-30,5,False,
1515915625542803243,Lost,control,2021-03-26,0,False,
1515915625542809921,Lost,email_discount,2021-03-15,10,False,
1515915625542810283,Lost,control,2021-03-11,0,False,
1515915625542810349,Lost,control,2021-03-16,0,False,
1515915625542811792,Lost,email_discount,2021-03-27,10,False,
1515915625542815765,Lost,email_discount,2021-03-04,10,False,
1515915625542830312,Lost,push_cashback,2021-03-06,5,False,
1515915625542831671,Lost,push_cashback,2021-03-08,5,True,124.32445803483552
1515915625542836298,Lost,control,2021-03-13,0,False,
1515915625542836345,Lost,email_discount,2021-03-23,10,True,178.05513308541302
1515915625542837393,Can't Lose Them,email_discount,2021-03-20,10,False,
1515915625542841430,Can't Lose Them,push_cashback,2021-03-04,5,False,
1515915625542843843,Lost,control,2021-03-05,0,False,
1515915625542845015,Lost,control,2021-03-10,0,False,
1515915625542845663,Lost,push_cashback,2021-03-05,5,True,203.40734677497397
1515915625542845772,Lost,email_discount,2021-03-12,10,False,
1515915625542846073,Lost,push_cashback,2021-03-01,5,False,
1515915625542851792,Lost,push_cashback,2021-03-29,5,False,
1515915625542859257,Lost,push_cashback,2021-03-24,5,False,
1515915625542861903,Can't Lose Them,push_cashback,2021-03-10,5,False,
1515915625542864032,Lost,email_discount,2021-03-29,10,False,
1515915625542864111,Lost,push_cashback,2021-03-05,5,True,174.3743876291593
1515915625542866245,Lost,email_discount,2021-03-19,10,True,209.04694532780212
1515915625542868028,Lost,push_cashback,2021-03-19,5,False,
1515915625542874852,Lost,control,2021-03-20,0,False,
1515915625542876726,Lost,email_discount,2021-03-12,10,True,144.64032703545325
1515915625542881847,Lost,control,2021-03-23,0,False,
1515915625542882452,Lost,push_cashback,2021-03-16,5,False,
1515915625542884061,Lost,push_cashback,2021-03-05,5,False,
1515915625542891751,Lost,push_cashback,2021-03-17,5,False,
1515915625542896793,Lost,email_discount,2021-03-14,10,False,
1515915625542896958,Lost,control,2021-03-12,0,False,
1515915625542902556,Lost,email_discount,2021-03-13,10,False,
1515915625542903839,Lost,email_discount,2021-03-21,10,True,181.81719952155464
1515915625542904345,Lost,push_cashback,2021-03-14,5,False,
1515915625542904491,Lost,control,2021-03-05,0,False,
1515915625542922737,Lost,push_cashback,2021-03-22,5,False,
1515915625542924082,Lost,email_discount,2021-03-30,10,False,
1515915625542927580,Lost,push_cashback,2021-03-23,5,False,
1515915625542929483,Lost,control,2021-03-05,0,False,
1515915625542931655,Lost,push_cashback,2021-03-29,5,False,
1515915625542934756,Lost,control,2021-03-27,0,False,
1515915625542936004,At Risk,control,2021-03-30,0,False,
1515915625542938899,Lost,push_cashback,2021-03-18,5,False,
1515915625542943914,Lost,email_discount,2021-03-14,10,False,
1515915625542950424,Lost,push_cashback,2021-03-18,5,False,
1515915625542952032,Lost,email_discount,2021-03-29,10,False,
1515915625542955565,Can't Lose Them,email_discount,2021-03-20,10,False,
1515915625542961653,Lost,push_cashback,2021-03-01,5,False,
1515915625542963218,At Risk,email_discount,2021-03-07,10,False,
1515915625542965507,Lost,email_discount,2021-03-29,10,True,187.94681867557452
1515915625542970209,Lost,push_cashback,2021-03-17,5,True,134.77292645084407
1515915625542975406,Lost,push_cashback,2021-03-03,5,True,122.21760376490712
1515915625542978767,Lost,push_cashback,2021-03-10,5,False,
1515915625542980726,Can't Lose Them,email_discount,2021-03-07,10,False,
1515915625542986000,Lost,control,2021-03-27,0,False,
1515915625542986343,Lost,email_discount,2021-03-28,10,False,
1515915625542986856,Lost,control,2021-03-12,0,False,
1515915625542986966,At Risk,push_cashback,2021-03-22,5,False,
1515915625543009892,At Risk,control,2021-03-15,0,False,
1515915625543011743,Lost,push_cashback,2021-03-23,5,False,
1515915625543019029,Lost,push_cashback,2021-03-21,5,False,
1515915625543028841,Lost,control,2021-03-16,0,False,
1515915625543035878,Lost,push_cashback,2021-03-08,5,False,
1515915625543042833,Lost,control,2021-03-06,0,False,
1515915625543043197,At Risk,push_cashback,2021-03-28,5,False,
1515915625543048091,Can't Lose Them,email_discount,2021-03-04,10,False,
1515915625543048309,Lost,email_discount,2021-03-30,10,False,
1515915625543048573,Lost,push_cashback,2021-03-11,5,False,
1515915625543050853,Can't Lose Them,push_cashback,2021-03-17,5,False,
1515915625543051542,Lost,control,2021-03-02,0,True,165.4795333619664
1515915625543051904,Lost,email_discount,2021-03-28,10,False,
1515915625543054963,Lost,control,2021-03-06,0,False,
1515915625543055282,Lost,push_cashback,2021-03-04,5,False,
1515915625543055766,Lost,push_cashback,2021-03-03,5,False,
1515915625543060289,Lost,control,2021-03-07,0,False,
1515915625543068345,Lost,push_cashback,2021-03-07,5,False,
1515915625543074036,Lost,email_discount,2021-03-16,10,False,
1515915625543080038,Lost,control,2021-03-02,0,False,
1515915625543081707,Lost,email_discount,2021-03-08,10,False,
1515915625543087479,Lost,email_discount,2021-03-15,10,False,
1515915625543088895,Lost,email_discount,2021-03-27,10,True,214.75563566516863
1515915625543091068,Lost,control,2021-03-16,0,False,
1515915625543091352,Lost,push_cashback,2021-03-01,5,False,
1515915625543105341,Lost,email_discount,2021-03-27,10,True,144.27718299890853
1515915625543106217,Lost,email_discount,2021-03-10,10,False,
1515915625543113437,Lost,email_discount,2021-03-07,10,False,
1515915625543114447,Lost,push_cashback,2021-03-16,5,False,
1515915625543117229,Lost,push_cashback,2021-03-10,5,False,
1515915625543123600,Lost,control,2021-03-12,0,False,
1515915625543124801,Lost,push_cashback,2021-03-17,5,False,
1515915625543125368,Lost,control,2021-03-13,0,False,
1515915625543133467,Lost,control,2021-03-12,0,False,
1515915625543144930,Lost,control,2021-03-15,0,False,
1515915625543152453,Lost,control,2021-03-14,0,False,
1515915625543153192,Lost,control,2021-03-19,0,False,
1515915625543154917,Lost,email_discount,2021-03-19,10,False,
1515915625543155592,Lost,push_cashback,2021-03-26,5,False,
1515915625543161112,Lost,email_discount,2021-03-14,10,True,175.6313270248668
1515915625543164060,Lost,control,2021-03-18,0,False,
1515915625543164383,Lost,push_cashback,2021-03-30,5,True,219.1995853736643
1515915625543171942,Lost,email_discount,2021-03-26,10,False,
1515915625543172661,Lost,email_discount,2021-03-29,10,False,
1515915625543180048,Lost,control,2021-03-05,0,True,153.18766494299254
1515915625543184832,Lost,email_discount,2021-03-20,10,False,
1515915625543187508,Lost,email_discount,2021-03-29,10,False,
1515915625543189523,Lost,email_discount,2021-03-06,10,False,
1515915625543191183,Lost,email_discount,2021-03-18,10,False,
1515915625543192869,Lost,email_discount,2021-03-14,10,False,
1515915625543196867,Lost,control,2021-03-04,0,False,
1515915625543202072,Lost,control,2021-03-28,0,False,
1515915625543206575,Lost,email_discount,2021-03-23,10,True,185.32773441726886
1515915625543207964,Lost,control,2021-03-01,0,False,
1515915625543210071,Lost,control,2021-03-13,0,False,
1515915625543211313,Lost,push_cashback,2021-03-11,5,False,
1515915625543211395,Lost,email_discount,2021-03-03,10,False,
1515915625543212702,Lost,control,2021-03-17,0,False,
1515915625543213327,Lost,control,2021-03-18,0,False,
1515915625543215172,Lost,email_discount,2021-03-25,10,False,
1515915625543216911,Can't Lose Them,push_cashback,2021-03-10,5,False,
1515915625543221133,Lost,email_discount,2021-03-16,10,False,
1515915625543223256,Lost,push_cashback,2021-03-21,5,False,
1515915625543225160,Lost,email_discount,2021-03-13,10,False,
1515915625543230896,Lost,email_discount,2021-03-20,10,False,
1515915625543234227,Lost,email_discount,2021-03-12,10,False,
1515915625543242141,Lost,email_discount,2021-03-04,10,False,
1515915625543256487,Lost,push_cashback,2021-03-08,5,True,160.77167676097247
1515915625543257191,Lost,push_cashback,2021-03-12,5,False,
1515915625543258551,Lost,control,2021-03-19,0,True,167.11275161744217
1515915625543259432,Lost,email_discount,2021-03-15,10,False,
1515915625543264107,Lost,push_cashback,2021-03-28,5,False,
1515915625543269676,Lost,push_cashback,2021-03-16,5,False,
1515915625543273517,Lost,push_cashback,2021-03-12,5,False,
1515915625543273917,Lost,email_discount,2021-03-20,10,False,
1515915625543280601,Lost,control,2021-03-18,0,False,
1515915625543280697,Lost,push_cashback,2021-03-22,5,False,
1515915625543283226,Lost,email_discount,2021-03-12,10,True,260.0815173950304
1515915625543286239,Lost,push_cashback,2021-03-16,5,False,
1515915625543287115,Lost,push_cashback,2021-03-25,5,False,
1515915625543288093,Lost,control,2021-03-28,0,False,
1515915625543291276,Lost,push_cashback,2021-03-20,5,False,
1515915625543296291,Lost,push_cashback,2021-03-11,5,False,
1515915625543296505,Lost,email_discount,2021-03-22,10,True,198.75889890653272
1515915625543297198,Lost,email_discount,2021-03-20,10,False,
1515915625543297320,Lost,control,2021-03-14,0,False,
1515915625543300006,Lost,email_discount,2021-03-02,10,False,
1515915625543300041,Lost,email_discount,2021-03-13,10,False,
1515915625543302328,Lost,control,2021-03-14,0,False,
1515915625543304615,At Risk,push_cashback,2021-03-06,5,False,
1515915625543307183,Lost,control,2021-03-12,0,False,
1515915625543310870,Lost,email_discount,2021-03-07,10,False,
1515915625543320535,Lost,control,2021-03-04,0,False,
1515915625543328144,Lost,push_cashback,2021-03-28,5,False,
1515915625543329773,Lost,control,2021-03-27,0,False,
1515915625543332016,Lost,email_discount,2021-03-07,10,False,
1515915625543334546,Can't Lose Them,email_discount,2021-03-13,10,False,
1515915625543334879,Lost,control,2021-03-11,0,False,
1515915625543335424,Lost,push_cashback,2021-03-08,5,False,
1515915625543339082,Lost,control,2021-03-27,0,False,
1515915625543352563,Lost,push_cashback,2021-03-19,5,False,
1515915625543359567,Lost,push_cashback,2021-03-02,5,False,
1515915625543361946,Lost,control,2021-03-21,0,False,
1515915625543368557,Lost,push_cashback,2021-03-18,5,False,
1515915625543374235,Lost,email_discount,2021-03-26,10,True,114.34180551181892
1515915625543374452,Lost,control,2021-03-21,0,False,
1515915625543374496,Lost,push_cashback,2021-03-10,5,False,
1515915625543375313,Lost,email_discount,2021-03-29,10,False,
1515915625543376449,Lost,control,2021-03-06,0,False,
1515915625543379283,Lost,email_discount,2021-03-24,10,False,
1515915625543392786,Lost,email_discount,2021-03-22,10,True,253.7788930957891
1515915625543393015,Lost,email_discount,2021-03-04,10,False,
1515915625543394377,Lost,push_cashback,2021-03-19,5,False,
1515915625543394775,Lost,control,2021-03-14,0,False,
1515915625543396161,Lost,control,2021-03-14,0,False,
1515915625543400562,Lost,push_cashback,2021-03-18,5,False,
1515915625543404804,Lost,control,2021-03-29,0,False,
1515915625543405610,Lost,email_discount,2021-03-17,10,False,
1515915625543406316,Lost,control,2021-03-18,0,False,
1515915625543409315,Lost,push_cashback,2021-03-18,5,False,
1515915625543416628,Lost,email_discount,2021-03-05,10,False,
1515915625543424825,Lost,push_cashback,2021-03-09,5,False,
1515915625543425028,Lost,email_discount,2021-03-01,10,False,
1515915625543427207,Lost,email_discount,2021-03-04,10,False,
1515915625543433547,Lost,control,2021-03-26,0,False,
1515915625543438080,Lost,email_discount,2021-03-07,10,False,
1515915625543438869,Lost,push_cashback,2021-03-11,5,True,175.9925384478995
1515915625543442817,Lost,control,2021-03-14,0,False,
1515915625543443074,Lost,push_cashback,2021-03-10,5,False,
1515915625543445453,Lost,email_discount,2021-03-19,10,False,
1515915625543447725,Lost,push_cashback,2021-03-08,5,False,
1515915625543448159,Lost,push_cashback,2021-03-03,5,False,
1515915625543450122,Lost,email_discount,2021-03-08,10,False,
1515915625543465157,Lost,control,2021-03-29,0,False,
1515915625543477080,Lost,push_cashback,2021-03-18,5,False,
1515915625543484217,Lost,email_discount,2021-03-05,10,False,
1515915625543484665,Lost,control,2021-03-20,0,False,
1515915625543484668,Lost,control,2021-03-11,0,False,
1515915625543485313,Lost,control,2021-03-09,0,False,
1515915625543500373,Lost,push_cashback,2021-03-19,5,False,
1515915625543511908,Lost,push_cashback,2021-03-12,5,False,
1515915625543512348,Lost,push_cashback,2021-03-27,5,False,
1515915625543526209,Lost,control,2021-03-05,0,False,
1515915625543527741,Lost,push_cashback,2021-03-16,5,False,
1515915625543531655,Lost,email_discount,2021-03-26,10,False,
1515915625543532054,Lost,push_cashback,2021-03-25,5,False,
1515915625543532894,Lost,push_cashback,2021-03-13,5,False,
1515915625543533787,Lost,control,2021-03-06,0,False,
1515915625543534780,Lost,push_cashback,2021-03-16,5,False,
1515915625543537964,Lost,email_discount,2021-03-18,10,False,
1515915625543543630,Lost,control,2021-03-17,0,False,
1515915625543545653,Lost,email_discount,2021-03-12,10,False,
1515915625543549460,Lost,control,2021-03-27,0,False,
1515915625543549993,Lost,control,2021-03-01,0,False,
1515915625543551594,Lost,push_cashback,2021-03-07,5,False,
1515915625543555181,Lost,email_discount,2021-03-14,10,False,
1515915625543556049,Lost,control,2021-03-28,0,False,
1515915625543565724,Lost,push_cashback,2021-03-18,5,False,
1515915625543570445,Lost,control,2021-03-23,0,False,
1515915625543574388,Lost,control,2021-03-01,0,False,
1515915625543578339,Can't Lose Them,control,2021-03-20,0,False,
1515915625543578678,Lost,control,2021-03-10,0,False,
1515915625543593197,Lost,control,2021-03-15,0,False,
1515915625543593755,Lost,control,2021-03-29,0,False,
1515915625543601103,Lost,push_cashback,2021-03-11,5,False,
1515915625543624785,Lost,control,2021-03-04,0,True,159.3098767265753
1515915625543628909,Can't Lose Them,email_discount,2021-03-15,10,False,
1515915625543639379,Can't Lose Them,push_cashback,2021-03-21,5,True,218.977700225553
1515915625543639507,Lost,email_discount,2021-03-30,10,False,
1515915625543647013,Lost,control,2021-03-16,0,False,
1515915625543654945,Lost,email_discount,2021-03-30,10,False,
1515915625543655006,Lost,control,2021-03-26,0,False,
1515915625543660173,Lost,control,2021-03-15,0,False,
1515915625543661218,Lost,push_cashback,2021-03-17,5,False,
1515915625543663898,Lost,push_cashback,2021-03-23,5,False,
1515915625543671092,Lost,control,2021-03-11,0,False,
1515915625543678617,Lost,push_cashback,2021-03-18,5,False,
1515915625543679016,Lost,email_discount,2021-03-28,10,True,149.95895165937225
1515915625543690635,Lost,push_cashback,2021-03-16,5,False,
1515915625543690840,Lost,push_cashback,2021-03-27,5,False,
1515915625543691143,Lost,email_discount,2021-03-15,10,False,
1515915625543691392,Lost,push_cashback,2021-03-29,5,False,
1515915625543697837,Lost,control,2021-03-11,0,False,
1515915625543703413,Lost,email_discount,2021-03-13,10,True,262.2065041796272
1515915625543712277,Lost,control,2021-03-18,0,False,
1515915625543717595,Lost,email_discount,2021-03-08,10,False,
1515915625543724406,Lost,control,2021-03-09,0,False,
1515915625543727791,Lost,control,2021-03-22,0,False,
1515915625543740711,Lost,push_cashback,2021-03-11,5,False,
1515915625543742681,Lost,control,2021-03-17,0,False,
1515915625543744330,Lost,push_cashback,2021-03-01,5,False,
1515915625543751091,Lost,email_discount,2021-03-30,10,True,189.19861891554024
1515915625543754345,Lost,control,2021-03-11,0,False,
1515915625543755580,Lost,control,2021-03-07,0,False,
1515915625543756948,Lost,email_discount,2021-03-08,10,False,
1515915625543757415,Lost,email_discount,2021-03-19,10,False,
1515915625543759446,Can't Lose Them,control,2021-03-25,0,False,
1515915625543764315,Lost,email_discount,2021-03-04,10,False,
1515915625543767693,Lost,push_cashback,2021-03-04,5,False,
1515915625543774967,Lost,email_discount,2021-03-19,10,False,
1515915625543779623,Lost,email_discount,2021-03-24,10,True,230.25014811527802
1515915625543780370,Lost,control,2021-03-09,0,False,
1515915625543782131,Lost,push_cashback,2021-03-17,5,False,
1515915625543789263,Lost,email_discount,2021-03-18,10,False,
1515915625543793355,Lost,push_cashback,2021-03-01,5,False,
1515915625543796044,Lost,push_cashback,2021-03-14,5,True,287.700084463466
1515915625543806239,Lost,push_cashback,2021-03-04,5,False,
1515915625543811499,Lost,control,2021-03-10,0,False,
1515915625543827231,Lost,email_discount,2021-03-23,10,False,
1515915625543835280,Lost,control,2021-03-14,0,False,
1515915625543845378,Lost,email_discount,2021-03-07,10,True,193.10411924649887
1515915625543845696,Lost,email_discount,2021-03-12,10,False,
1515915625543849241,Lost,control,2021-03-22,0,False,
1515915625543858563,Lost,push_cashback,2021-03-29,5,False,
1515915625543860091,Lost,push_cashback,2021-03-27,5,False,
1515915625543873006,Lost,email_discount,2021-03-16,10,False,
1515915625543877862,Lost,control,2021-03-05,0,False,
1515915625543889904,Lost,push_cashback,2021-03-11,5,False,
1515915625543891949,Lost,push_cashback,2021-03-04,5,False,
1515915625543894256,Lost,email_discount,2021-03-28,10,False,
1515915625543903423,Can't Lose Them,email_discount,2021-03-13,10,False,
1515915625543906268,Lost,control,2021-03-30,0,False,
1515915625543914487,Can't Lose Them,email_discount,2021-03-08,10,False,
1515915625543920877,Lost,push_cashback,2021-03-07,5,True,161.12672399839306
1515915625543924533,Lost,push_cashback,2021-03-11,5,False,
1515915625543928409,Lost,push_cashback,2021-03-11,5,False,
1515915625543930132,Lost,push_cashback,2021-03-26,5,False,
1515915625543930655,Lost,control,2021-03-17,0,False,
1515915625543930939,Lost,control,2021-03-22,0,False,
1515915625543937697,Lost,email_discount,2021-03-14,10,False,
1515915625543937969,Lost,email_discount,2021-03-02,10,False,
1515915625543944828,Can't Lose Them,email_discount,2021-03-20,10,False,
1515915625543946529,Lost,control,2021-03-21,0,False,
1515915625543946620,Lost,push_cashback,2021-03-08,5,False,
1515915625543947008,Lost,email_discount,2021-03-22,10,False,
1515915625543947817,Lost,push_cashback,2021-03-27,5,False,
1515915625543950053,Lost,email_discount,2021-03-02,10,False,
1515915625543961624,Lost,email_discount,2021-03-21,10,False,
1515915625543962555,Lost,email_discount,2021-03-15,10,False,
1515915625543978677,Lost,email_discount,2021-03-05,10,False,
1515915625543980257,Lost,email_discount,2021-03-06,10,False,
1515915625543982363,Lost,push_cashback,2021-03-17,5,True,122.31881581623682
1515915625544021043,Can't Lose Them,email_discount,2021-03-08,10,False,
1515915625544023165,Lost,push_cashback,2021-03-19,5,False,
1515915625544042281,Lost,control,2021-03-05,0,False,
1515915625544043615,Lost,email_discount,2021-03-23,10,False,
1515915625544047933,Lost,push_cashback,2021-03-19,5,False,
1515915625544053623,Lost,control,2021-03-14,0,False,
1515915625544058240,Lost,control,2021-03-10,0,False,
1515915625544059594,Lost,control,2021-03-13,0,False,
1515915625544068978,Lost,push_cashback,2021-03-22,5,False,
1515915625544128730,Lost,email_discount,2021-03-05,10,False,
1515915625544134832,Lost,email_discount,2021-03-07,10,False,
1515915625544155257,Lost,push_cashback,2021-03-10,5,False,
1515915625544173034,Lost,email_discount,2021-03-11,10,False,
1515915625544174838,Can't Lose Them,push_cashback,2021-03-03,5,False,
1515915625544176479,Lost,email_discount,2021-03-13,10,False,
1515915625544179066,Lost,control,2021-03-30,0,False,
1515915625544190252,Lost,email_discount,2021-03-02,10,False,
1515915625544194320,Lost,push_cashback,2021-03-04,5,False,
1515915625544205303,Lost,push_cashback,2021-03-03,5,False,
1515915625544206050,Lost,control,2021-03-15,0,False,
1515915625544209508,Lost,push_cashback,2021-03-04,5,False,
1515915625544231289,Lost,email_discount,2021-03-23,10,False,
1515915625544235126,Lost,email_discount,2021-03-21,10,True,179.57432944538533
1515915625544244279,Lost,control,2021-03-04,0,False,
1515915625544246071,Lost,push_cashback,2021-03-30,5,False,
1515915625544382467,Lost,control,2021-03-15,0,True,131.48078543877205
1515915625544392962,Lost,email_discount,2021-03-06,10,True,176.58642067394254
1515915625544403202,Lost,control,2021-03-23,0,False,
1515915625544412907,Lost,push_cashback,2021-03-28,5,False,
1515915625544418569,Lost,control,2021-03-30,0,False,
1515915625544498578,Lost,push_cashback,2021-03-27,5,False,
1515915625544502208,Lost,push_cashback,2021-03-05,5,False,
1515915625544516885,Lost,email_discount,2021-03-12,10,False,
1515915625544556885,Lost,email_discount,2021-03-07,10,False,
1515915625544598428,Lost,email_discount,2021-03-03,10,False,
1515915625544644901,Lost,push_cashback,2021-03-07,5,False,
1515915625544723385,Lost,control,2021-03-12,0,False,
1515915625544756323,Lost,push_cashback,2021-03-15,5,False,
1515915625544772529,Lost,email_discount,2021-03-19,10,False,
1515915625544818153,Lost,email_discount,2021-03-30,10,True,315.2607858713
1515915625544820154,Lost,control,2021-03-06,0,False,
1515915625544842256,Lost,email_discount,2021-03-08,10,False,
1515915625544856596,Lost,email_discount,2021-03-29,10,False,
1515915625544861516,Lost,email_discount,2021-03-06,10,False,
1515915625544866773,Lost,control,2021-03-26,0,True,180.02311409214408
1515915625544872902,Can't Lose Them,push_cashback,2021-03-27,5,True,142.8524993630359
1515915625544924299,Lost,email_discount,2021-03-03,10,False,
1515915625544934266,Lost,control,2021-03-28,0,False,
1515915625544941973,Lost,email_discount,2021-03-05,10,False,
1515915625544950704,Lost,control,2021-03-09,0,False,
1515915625544969466,Lost,email_discount,2021-03-24,10,True,175.56268654297256
1515915625545011553,Lost,control,2021-03-16,0,False,
1515915625545017959,Lost,email_discount,2021-03-22,10,True,166.46578703405893
1515915625545023081,Lost,push_cashback,2021-03-16,5,False,
1515915625545023487,Lost,email_discount,2021-03-09,10,False,
1515915625545032263,Lost,control,2021-03-18,0,False,
1515915625545033553,Lost,email_discount,2021-03-13,10,False,
1515915625545047515,Lost,push_cashback,2021-03-11,5,False,
1515915625545054462,Can't Lose Them,email_discount,2021-03-25,10,False,
1515915625545054914,Lost,control,2021-03-10,0,False,
1515915625545057343,Lost,control,2021-03-29,0,False,
1515915625545058080,Lost,push_cashback,2021-03-10,5,False,
1515915625545061838,Lost,control,2021-03-06,0,False,
1515915625545069654,Lost,email_discount,2021-03-16,10,False,
1515915625545072255,Lost,email_discount,2021-03-25,10,False,
1515915625545073458,Lost,email_discount,2021-03-12,10,False,
1515915625545084287,Lost,control,2021-03-04,0,False,
1515915625545089704,Lost,email_discount,2021-03-05,10,False,
1515915625545091748,Lost,email_discount,2021-03-02,10,False,
1515915625545092822,Lost,email_discount,2021-03-19,10,False,
1515915625545096067,Lost,push_cashback,2021-03-01,5,False,
1515915625545097742,Lost,control,2021-03-04,0,False,
1515915625545106500,Lost,control,2021-03-12,0,False,
1515915625545106750,Can't Lose Them,control,2021-03-02,0,False,
1515915625545113037,Lost,push_cashback,2021-03-12,5,False,
1515915625545125262,Lost,control,2021-03-16,0,False,
1515915625545133063,Lost,push_cashback,2021-03-02,5,False,
1515915625545136155,Lost,push_cashback,2021-03-17,5,False,
1515915625545141871,Lost,control,2021-03-26,0,False,
1515915625545144551,Lost,email_discount,2021-03-28,10,False,
1515915625545146900,Lost,email_discount,2021-03-02,10,False,
1515915625545148391,Lost,control,2021-03-04,0,False,
1515915625545149746,Lost,control,2021-03-06,0,False,
1515915625545152035,Lost,push_cashback,2021-03-29,5,True,206.93607492566508
1515915625545152476,Lost,control,2021-03-28,0,False,
1515915625545153338,Lost,push_cashback,2021-03-23,5,False,
1515915625545154233,Lost,control,2021-03-07,0,False,
1515915625545160504,Lost,email_discount,2021-03-23,10,False,
1515915625545162501,At Risk,email_discount,2021-03-15,10,False,
1515915625545162824,Lost,control,2021-03-20,0,False,
1515915625545162855,Lost,push_cashback,2021-03-12,5,False,
1515915625545170362,Lost,email_discount,2021-03-05,10,True,180.93989309449285
1515915625545171469,Lost,push_cashback,2021-03-14,5,False,
1515915625545171484,Lost,control,2021-03-16,0,False,
1515915625545178654,Lost,control,2021-03-11,0,False,
1515915625545179212,Lost,email_discount,2021-03-12,10,False,
1515915625545180692,Lost,control,2021-03-19,0,False,
1515915625545192796,Lost,email_discount,2021-03-17,10,False,
1515915625545193886,Lost,push_cashback,2021-03-30,5,True,229.35552373652553
1515915625545194618,Lost,email_discount,2021-03-24,10,False,
1515915625545199172,Lost,email_discount,2021-03-26,10,False,
1515915625545208740,Lost,push_cashback,2021-03-27,5,False,
1515915625545208765,Lost,email_discount,2021-03-07,10,False,
1515915625545216322,Lost,email_discount,2021-03-30,10,False,
1515915625545217922,Lost,control,2021-03-09,0,False,
1515915625545221704,Lost,push_cashback,2021-03-14,5,False,
1515915625545232040,Lost,email_discount,2021-03-26,10,False,
1515915625545246680,Lost,push_cashback,2021-03-20,5,False,
1515915625545248347,Lost,push_cashback,2021-03-12,5,False,
1515915625545248894,Lost,email_discount,2021-03-15,10,False,
1515915625545287046,Lost,control,2021-03-12,0,False,
1515915625545287460,Can't Lose Them,push_cashback,2021-03-21,5,True,152.35602863795796
1515915625545298752,Lost,email_discount,2021-03-21,10,False,
1515915625545300768,Lost,push_cashback,2021-03-29,5,False,
1515915625545321307,Lost,control,2021-03-23,0,False,
1515915625545427479,At Risk,control,2021-03-13,0,False,
1515915625545427631,Lost,control,2021-03-09,0,False,
1515915625545428136,Lost,email_discount,2021-03-24,10,False,
1515915625545440557,Lost,email_discount,2021-03-07,10,True,173.67893253378963
1515915625545452056,Lost,control,2021-03-30,0,False,
1515915625545452198,Lost,email_discount,2021-03-01,10,False,
1515915625545453181,Lost,control,2021-03-28,0,False,
1515915625545456841,Lost,email_discount,2021-03-10,10,False,
1515915625545461854,Lost,control,2021-03-29,0,False,
1515915625545464949,Lost,push_cashback,2021-03-06,5,False,
1515915625545470332,Lost,control,2021-03-26,0,False,
1515915625545471556,Lost,control,2021-03-15,0,False,
1515915625545481588,Lost,email_discount,2021-03-15,10,True,144.64470264249138
1515915625545482796,Lost,email_discount,2021-03-09,10,False,
1515915625545484582,Lost,email_discount,2021-03-13,10,True,167.7478143982429
1515915625545486211,Can't Lose Them,email_discount,2021-03-23,10,False,
1515915625545513162,Lost,email_discount,2021-03-01,10,False,
1515915625545517522,Lost,email_discount,2021-03-09,10,False,
1515915625545523665,Lost,push_cashback,2021-03-03,5,False,
1515915625545525650,Lost,control,2021-03-30,0,False,
1515915625545529231,Lost,control,2021-03-09,0,False,
1515915625545535277,Lost,control,2021-03-20,0,False,
1515915625545537547,Lost,push_cashback,2021-03-25,5,False,
1515915625545549706,Lost,control,2021-03-29,0,False,
1515915625545563369,Lost,push_cashback,2021-03-15,5,False,
1515915625545564134,Lost,push_cashback,2021-03-24,5,True,95.65719086314186
1515915625545566672,Lost,push_cashback,2021-03-07,5,False,
1515915625545567763,Lost,control,2021-03-04,0,False,
1515915625545594728,Lost,push_cashback,2021-03-25,5,False,
1515915625545598998,Lost,control,2021-03-20,0,False,
1515915625545610874,Lost,control,2021-03-17,0,False,
1515915625545611361,Lost,email_discount,2021-03-22,10,False,
1515915625545612578,Lost,email_discount,2021-03-04,10,False,
1515915625545616611,Lost,push_cashback,2021-03-26,5,False,
1515915625545619931,Lost,push_cashback,2021-03-19,5,False,
1515915625545624848,Lost,control,2021-03-28,0,False,
1515915625545633655,Lost,push_cashback,2021-03-05,5,False,
1515915625545634146,Lost,push_cashback,2021-03-16,5,False,
1515915625545634265,Lost,control,2021-03-03,0,False,
1515915625545637057,Lost,push_cashback,2021-03-11,5,True,79.80759264560533
1515915625545642711,Lost,push_cashback,2021-03-25,5,False,
1515915625545642806,Lost,control,2021-03-28,0,False,
1515915625545654059,Lost,control,2021-03-22,0,True,201.23628085535574
1515915625545662123,Lost,email_discount,2021-03-15,10,False,
1515915625545663872,Lost,control,2021-03-19,0,False,
1515915625545666021,Can't Lose Them,email_discount,2021-03-21,10,False,
1515915625545676441,Lost,push_cashback,2021-03-24,5,False,
1515915625545684062,Lost,control,2021-03-14,0,False,
1515915625545690981,Lost,control,2021-03-16,0,False,
1515915625545693815,Lost,control,2021-03-24,0,False,
1515915625545706780,Lost,push_cashback,2021-03-06,5,False,
1515915625545716155,Lost,email_discount,2021-03-05,10,False,
1515915625545717265,Lost,push_cashback,2021-03-21,5,True,95.18237480316252
1515915625545726823,Lost,push_cashback,2021-03-17,5,False,
1515915625545729797,Lost,control,2021-03-16,0,False,
1515915625545736209,Lost,email_discount,2021-03-02,10,False,
1515915625545738670,Lost,push_cashback,2021-03-28,5,False,
1515915625545740909,Lost,control,2021-03-11,0,False,
1515915625545743161,Lost,push_cashback,2021-03-04,5,True,181.2386199673208
1515915625545744036,Lost,push_cashback,2021-03-06,5,False,
1515915625545744706,Lost,control,2021-03-27,0,False,
1515915625545749331,Lost,control,2021-03-07,0,False,
1515915625545759575,Lost,email_discount,2021-03-17,10,False,
1515915625545761936,Lost,push_cashback,2021-03-08,5,False,
1515915625545765901,Lost,control,2021-03-28,0,False,
1515915625545769174,Lost,control,2021-03-01,0,False,
1515915625545773640,Lost,email_discount,2021-03-25,10,False,
1515915625545780381,Lost,email_discount,2021-03-15,10,True,162.47764175698464
1515915625545780416,Lost,control,2021-03-20,0,False,
1515915625545785551,Lost,email_discount,2021-03-12,10,False,
1515915625545790549,Lost,control,2021-03-15,0,False,
1515915625545790569,Lost,push_cashback,2021-03-23,5,False,
1515915625545804065,Lost,email_discount,2021-03-27,10,True,227.27880374735383
1515915625545807147,Lost,push_cashback,2021-03-30,5,True,96.06382317144562
1515915625545809987,Lost,push_cashback,2021-03-22,5,False,
1515915625545814363,Lost,push_cashback,2021-03-15,5,False,
1515915625545828306,At Risk,control,2021-03-29,0,False,
1515915625545831450,Lost,push_cashback,2021-03-09,5,False,
1515915625545854129,Lost,push_cashback,2021-03-16,5,False,
1515915625545854447,Lost,push_cashback,2021-03-30,5,False,
1515915625545855186,Lost,control,2021-03-02,0,False,
1515915625545860599,Lost,push_cashback,2021-03-15,5,True,188.93003254725463
1515915625545870847,Lost,push_cashback,2021-03-15,5,False,
1515915625545876065,Lost,email_discount,2021-03-27,10,False,
1515915625545891801,Lost,control,2021-03-07,0,False,
1515915625545896879,Lost,push_cashback,2021-03-27,5,False,
1515915625545901879,Lost,email_discount,2021-03-21,10,True,199.92199794255777
1515915625545904058,Lost,control,2021-03-13,0,False,
1515915625545905895,Lost,control,2021-03-23,0,False,
1515915625545905944,Lost,control,2021-03-17,0,False,
1515915625545914093,Lost,control,2021-03-11,0,False,
1515915625545914713,At Risk,control,2021-03-27,0,False,
1515915625545916198,Lost,control,2021-03-10,0,False,
1515915625545916741,Lost,push_cashback,2021-03-25,5,False,
1515915625545919941,Lost,push_cashback,2021-03-01,5,False,
1515915625545922166,Lost,push_cashback,2021-03-14,5,False,
1515915625545925137,Lost,push_cashback,2021-03-05,5,False,
1515915625545941811,Lost,email_discount,2021-03-30,10,False,
1515915625545944214,Lost,push_cashback,2021-03-08,5,False,
1515915625545962311,Can't Lose Them,control,2021-03-01,0,False,
1515915625545969152,Lost,push_cashback,2021-03-07,5,False,
1515915625545980897,Lost,push_cashback,2021-03-02,5,False,
1515915625546017209,Lost,control,2021-03-07,0,False,
1515915625546017428,Lost,push_cashback,2021-03-07,5,False,
1515915625546022779,Lost,push_cashback,2021-03-09,5,False,
1515915625546024013,Lost,push_cashback,2021-03-22,5,False,
1515915625546026559,Lost,email_discount,2021-03-04,10,True,201.3132301376795
1515915625546039853,Lost,push_cashback,2021-03-23,5,False,
1515915625546040544,Lost,control,2021-03-07,0,False,
1515915625546048080,Lost,control,2021-03-20,0,False,
1515915625546050245,Lost,push_cashback,2021-03-18,5,False,
1515915625546051532,Lost,push_cashback,2021-03-13,5,False,
1515915625546052123,Lost,push_cashback,2021-03-11,5,False,
1515915625546054142,Lost,control,2021-03-09,0,False,
1515915625546056654,Lost,control,2021-03-14,0,False,
1515915625546057880,Lost,email_discount,2021-03-08,10,False,
1515915625546059137,At Risk,email_discount,2021-03-21,10,False,
1515915625546062014,Lost,email_discount,2021-03-14,10,False,
1515915625546067610,Lost,control,2021-03-21,0,False,
1515915625546069799,Lost,email_discount,2021-03-17,10,False,
1515915625546072886,Lost,push_cashback,2021-03-27,5,False,
1515915625546076028,Lost,push_cashback,2021-03-25,5,False,
1515915625546077880,Lost,control,2021-03-27,0,False,
1515915625546077946,Lost,email_discount,2021-03-14,10,False,
1515915625546081481,Lost,push_cashback,2021-03-26,5,False,
1515915625546087637,Lost,control,2021-03-27,0,True,222.20375240943625
1515915625546089265,Lost,email_discount,2021-03-24,10,True,188.16291801901104
1515915625546090470,Lost,push_cashback,2021-03-05,5,False,
1515915625546094659,Lost,email_discount,2021-03-10,10,False,
1515915625546101004,Lost,control,2021-03-06,0,False,
1515915625546103649,Lost,email_discount,2021-03-28,10,False,
1515915625546108916,Lost,control,2021-03-10,0,False,
1515915625546112896,Lost,email_discount,2021-03-11,10,False,
1515915625546121879,Lost,push_cashback,2021-03-26,5,False,
1515915625546130346,Lost,control,2021-03-24,0,False,
1515915625546136197,Lost,control,2021-03-06,0,False,
1515915625546137343,Lost,control,2021-03-10,0,False,
1515915625546138803,Lost,email_discount,2021-03-14,10,False,
1515915625546143393,Lost,email_discount,2021-03-20,10,False,
1515915625546147499,Lost,push_cashback,2021-03-03,5,False,
1515915625546147523,Lost,control,2021-03-07,0,False,
1515915625546148045,Lost,control,2021-03-29,0,False,
1515915625546153433,Lost,email_discount,2021-03-02,10,False,
1515915625546163545,Lost,email_discount,2021-03-07,10,False,
1515915625546164148,Lost,push_cashback,2021-03-17,5,False,
1515915625546166377,Lost,push_cashback,2021-03-13,5,True,67.08644466403136
1515915625546172096,Lost,email_discount,2021-03-26,10,False,
1515915625546185435,Lost,control,2021-03-21,0,False,
1515915625546188246,Lost,push_cashback,2021-03-09,5,False,
1515915625546188912,Lost,email_discount,2021-03-13,10,True,205.20986408106742
1515915625546189490,Lost,email_discount,2021-03-15,10,False,
1515915625546189858,Lost,control,2021-03-13,0,False,
1515915625546190226,Lost,email_discount,2021-03-17,10,False,
1515915625546190873,Lost,email_discount,2021-03-08,10,True,199.38526756592233
1515915625546193502,Lost,push_cashback,2021-03-09,5,False,
1515915625546195178,Lost,email_discount,2021-03-09,10,False,
1515915625546196301,Lost,email_discount,2021-03-08,10,False,
1515915625546203462,Lost,push_cashback,2021-03-16,5,False,
1515915625546204363,Lost,control,2021-03-20,0,False,
1515915625546217118,Lost,control,2021-03-30,0,False,
1515915625546219633,Lost,push_cashback,2021-03-30,5,False,
1515915625546225055,Lost,push_cashback,2021-03-07,5,False,
1515915625546239353,Lost,control,2021-03-17,0,False,
1515915625546241705,At Risk,control,2021-03-07,0,False,
1515915625546244202,Lost,control,2021-03-06,0,False,
1515915625546246091,Lost,control,2021-03-05,0,False,
1515915625546246474,Lost,control,2021-03-17,0,False,
1515915625546257925,Lost,push_cashback,2021-03-08,5,False,
1515915625546265662,Lost,email_discount,2021-03-26,10,False,
1515915625546266814,Can't Lose Them,control,2021-03-01,0,False,
1515915625546266866,Lost,control,2021-03-16,0,False,
1515915625546267336,Lost,email_discount,2021-03-17,10,False,
1515915625546268858,Lost,email_discount,2021-03-30,10,False,
1515915625546276924,Lost,email_discount,2021-03-03,10,True,173.99187126314263
1515915625546282532,Lost,email_discount,2021-03-13,10,False,
1515915625546298507,Lost,email_discount,2021-03-08,10,False,
1515915625546312171,Lost,email_discount,2021-03-16,10,False,
1515915625546313959,Lost,push_cashback,2021-03-24,5,False,
1515915625546314183,Lost,email_discount,2021-03-30,10,False,
1515915625546315140,Lost,email_discount,2021-03-07,10,False,
1515915625546320211,Lost,push_cashback,2021-03-21,5,False,
